id,band,word,pinyin,official_entry,official_pinyin
hsk30-b79-0001,7-9,阿拉伯语,Ālābóyǔ,阿拉伯语,Ālābóyǔ
hsk30-b79-0002,7-9,哎,āi,哎,āi
hsk30-b79-0003,7-9,哎呀,āiyā,哎呀,āiyā
hsk30-b79-0004,7-9,哀求,āiqiú,哀求,āiqiú
hsk30-b79-0005,7-9,挨家挨户,āijiā-āihù,挨家挨户,āijiā-āihù
hsk30-b79-0006,7-9,癌,ái,癌,ái
hsk30-b79-0007,7-9,癌症,áizhèng,癌症,áizhèng
hsk30-b79-0008,7-9,艾滋病,àizībìng,艾滋病,àizībìng
hsk30-b79-0009,7-9,唉,ài,唉,ài
hsk30-b79-0010,7-9,爱不释手,àibùshìshǒu,爱不释手,àibùshìshǒu
hsk30-b79-0011,7-9,爱理不理,àilǐ-bùlǐ,爱理不理,àilǐ-bùlǐ
hsk30-b79-0012,7-9,爱面子,ài miànzi,爱面子,ài miànzi
hsk30-b79-0013,7-9,爱惜,àixī,爱惜,àixī
hsk30-b79-0014,7-9,碍事,àishì,碍事,àishì
hsk30-b79-0015,7-9,安定,āndìng,安定,āndìng
hsk30-b79-0016,7-9,安抚,ānfǔ,安抚,ānfǔ
hsk30-b79-0017,7-9,安眠药,ānmiányào,安眠药,ānmiányào
hsk30-b79-0018,7-9,安宁,ānníng,安宁,ānníng
hsk30-b79-0019,7-9,安稳,ānwěn,安稳,ānwěn
hsk30-b79-0020,7-9,安心,ānxīn,安心,ānxīn
hsk30-b79-0021,7-9,安逸,ānyì,安逸,ānyì
hsk30-b79-0022,7-9,按键,ànjiàn,按键,ànjiàn
hsk30-b79-0023,7-9,按理说,ànlǐ shuō,按理说,ànlǐ shuō
hsk30-b79-0024,7-9,按说,ànshuō,按说,ànshuō
hsk30-b79-0025,7-9,案件,ànjiàn,案件,ànjiàn
hsk30-b79-0026,7-9,暗地里,àndìlǐ,暗地里,àndìlǐ
hsk30-b79-0027,7-9,暗杀,ànshā,暗杀,ànshā
hsk30-b79-0028,7-9,暗中,ànzhōng,暗中,ànzhōng
hsk30-b79-0029,7-9,昂贵,ángguì,昂贵,ángguì
hsk30-b79-0030,7-9,凹,āo,凹,āo
hsk30-b79-0031,7-9,熬,áo,熬,áo
hsk30-b79-0032,7-9,熬夜,áoyè,熬夜,áoyè
hsk30-b79-0033,7-9,傲,ào,傲,ào
hsk30-b79-0034,7-9,傲慢,àomàn,傲慢,àomàn
hsk30-b79-0035,7-9,奥秘,àomì,奥秘,àomì
hsk30-b79-0036,7-9,奥运会,Àoyùnhuì,奥运会,Àoyùnhuì
hsk30-b79-0037,7-9,八卦,bāguà,八卦,bāguà
hsk30-b79-0038,7-9,巴不得,bābudé,巴不得,bābudé
hsk30-b79-0039,7-9,扒,bā,扒,bā
hsk30-b79-0040,7-9,芭蕾,bālěi,芭蕾,bālěi
hsk30-b79-0041,7-9,把柄,bǎbǐng,把柄,bǎbǐng
hsk30-b79-0042,7-9,把关,bǎguān,把关,bǎguān
hsk30-b79-0043,7-9,把手,bǎshou,把手,bǎshou
hsk30-b79-0044,7-9,靶子,bǎzi,靶子,bǎzi
hsk30-b79-0045,7-9,坝,bà,坝,bà
hsk30-b79-0046,7-9,罢免,bàmiǎn,罢免,bàmiǎn
hsk30-b79-0047,7-9,罢休,bàxiū,罢休,bàxiū
hsk30-b79-0048,7-9,霸占,bàzhàn,霸占,bàzhàn
hsk30-b79-0049,7-9,掰,bāi,掰,bāi
hsk30-b79-0050,7-9,白白,báibái,白白,báibái
hsk30-b79-0051,7-9,百分比,bǎifēnbǐ,百分比,bǎifēnbǐ
hsk30-b79-0052,7-9,百合,bǎihé,百合,bǎihé
hsk30-b79-0053,7-9,百科全书,bǎikē quánshū,百科全书,bǎikē quánshū
hsk30-b79-0054,7-9,柏树,bǎishù,柏树,bǎishù
hsk30-b79-0055,7-9,摆放,bǎifàng,摆放,bǎifàng
hsk30-b79-0056,7-9,摆平,bǎipíng,摆平,bǎipíng
hsk30-b79-0057,7-9,摆设,bǎishe,摆设,bǎishe
hsk30-b79-0058,7-9,拜会,bàihuì,拜会,bàihuì
hsk30-b79-0059,7-9,拜见,bàijiàn,拜见,bàijiàn
hsk30-b79-0060,7-9,拜年,bàinián,拜年,bàinián
hsk30-b79-0061,7-9,拜托,bàituō,拜托,bàituō
hsk30-b79-0062,7-9,扳,bān,扳,bān
hsk30-b79-0063,7-9,颁布,bānbù,颁布,bānbù
hsk30-b79-0064,7-9,颁发,bānfā,颁发,bānfā
hsk30-b79-0065,7-9,颁奖,bānjiǎng,颁奖,bānjiǎng
hsk30-b79-0066,7-9,斑点,bāndiǎn,斑点,bāndiǎn
hsk30-b79-0067,7-9,搬迁,bānqiān,搬迁,bānqiān
hsk30-b79-0068,7-9,板块,bǎnkuài,板块,bǎnkuài
hsk30-b79-0069,7-9,办不到,bàn bu dào,办不到,bàn bu dào
hsk30-b79-0070,7-9,半边天,bànbiāntiān,半边天,bànbiāntiān
hsk30-b79-0071,7-9,半场,bànchǎng,半场,bànchǎng
hsk30-b79-0072,7-9,半岛,bàndǎo,半岛,bàndǎo
hsk30-b79-0073,7-9,半路,bànlù,半路,bànlù
hsk30-b79-0074,7-9,半数,bànshù,半数,bànshù
hsk30-b79-0075,7-9,半途而废,bàntú'érfèi,半途而废,bàntú'érfèi
hsk30-b79-0076,7-9,半信半疑,bànxìn-bànyí,半信半疑,bànxìn-bànyí
hsk30-b79-0077,7-9,半真半假,bànzhēn-bànjiǎ,半真半假,bànzhēn-bànjiǎ
hsk30-b79-0078,7-9,扮,bàn,扮,bàn
hsk30-b79-0079,7-9,伴,bàn,伴,bàn
hsk30-b79-0080,7-9,伴侣,bànlǚ,伴侣,bànlǚ
hsk30-b79-0081,7-9,伴随,bànsuí,伴随,bànsuí
hsk30-b79-0082,7-9,伴奏,bànzòu,伴奏,bànzòu
hsk30-b79-0083,7-9,拌,bàn,拌,bàn
hsk30-b79-0084,7-9,帮手,bāngshou,帮手,bāngshou
hsk30-b79-0085,7-9,绑,bǎng,绑,bǎng
hsk30-b79-0086,7-9,绑架,bǎngjià,绑架,bǎngjià
hsk30-b79-0087,7-9,榜样,bǎngyàng,榜样,bǎngyàng
hsk30-b79-0088,7-9,棒球,bàngqiú,棒球,bàngqiú
hsk30-b79-0089,7-9,磅,bàng,磅,bàng
hsk30-b79-0090,7-9,包袱,bāofu,包袱,bāofu
hsk30-b79-0091,7-9,包容,bāoróng,包容,bāoróng
hsk30-b79-0092,7-9,包扎,bāozā,包扎,bāozā
hsk30-b79-0093,7-9,剥,bāo,剥,bāo
hsk30-b79-0094,7-9,煲,bāo,煲,bāo
hsk30-b79-0095,7-9,饱和,bǎohé,饱和,bǎohé
hsk30-b79-0096,7-9,饱满,bǎomǎn,饱满,bǎomǎn
hsk30-b79-0097,7-9,宝库,bǎokù,宝库,bǎokù
hsk30-b79-0098,7-9,宝藏,bǎozàng,宝藏,bǎozàng
hsk30-b79-0099,7-9,保管,bǎoguǎn,保管,bǎoguǎn
hsk30-b79-0100,7-9,保姆,bǎomǔ,保姆,bǎomǔ
hsk30-b79-0101,7-9,保暖,bǎonuǎn,保暖,bǎonuǎn
hsk30-b79-0102,7-9,保鲜,bǎoxiān,保鲜,bǎoxiān
hsk30-b79-0103,7-9,保修,bǎoxiū,保修,bǎoxiū
hsk30-b79-0104,7-9,保佑,bǎoyòu,保佑,bǎoyòu
hsk30-b79-0105,7-9,保障,bǎozhàng,保障,bǎozhàng
hsk30-b79-0106,7-9,保质期,bǎozhìqī,保质期,bǎozhìqī
hsk30-b79-0107,7-9,保重,bǎozhòng,保重,bǎozhòng
hsk30-b79-0108,7-9,堡垒,bǎolěi,堡垒,bǎolěi
hsk30-b79-0109,7-9,报,bào,报,bào
hsk30-b79-0110,7-9,报仇,bàochóu,报仇,bàochóu
hsk30-b79-0111,7-9,报酬,bàochou,报酬,bàochou
hsk30-b79-0112,7-9,报废,bàofèi,报废,bàofèi
hsk30-b79-0113,7-9,报复,bàofù,报复,bàofù
hsk30-b79-0114,7-9,报社,bàoshè,报社,bàoshè
hsk30-b79-0115,7-9,报亭,bàotíng,报亭,bàotíng
hsk30-b79-0116,7-9,报销,bàoxiāo,报销,bàoxiāo
hsk30-b79-0117,7-9,抱负,bàofù,抱负,bàofù
hsk30-b79-0118,7-9,豹,bào,豹,bào
hsk30-b79-0119,7-9,暴风骤雨,bàofēng-zhòuyǔ,暴风骤雨,bàofēng-zhòuyǔ
hsk30-b79-0120,7-9,暴利,bàolì,暴利,bàolì
hsk30-b79-0121,7-9,暴躁,bàozào,暴躁,bàozào
hsk30-b79-0122,7-9,曝光,bàoguāng,曝光,bàoguāng
hsk30-b79-0123,7-9,爆冷门,bào lěngmén,爆冷门,bào lěngmén
hsk30-b79-0124,7-9,爆满,bàomǎn,爆满,bàomǎn
hsk30-b79-0125,7-9,爆竹,bàozhú,爆竹,bàozhú
hsk30-b79-0126,7-9,卑鄙,bēibǐ,卑鄙,bēibǐ
hsk30-b79-0127,7-9,悲哀,bēi'āi,悲哀,bēi'āi
hsk30-b79-0128,7-9,悲观,bēiguān,悲观,bēiguān
hsk30-b79-0129,7-9,悲欢离合,bēihuān-líhé,悲欢离合,bēihuān-líhé
hsk30-b79-0130,7-9,悲痛,bēitòng,悲痛,bēitòng
hsk30-b79-0131,7-9,碑,bēi,碑,bēi
hsk30-b79-0132,7-9,贝壳,bèiké,贝壳,bèiké
hsk30-b79-0133,7-9,备课,bèikè,备课,bèikè
hsk30-b79-0134,7-9,备受,bèishòu,备受,bèishòu
hsk30-b79-0135,7-9,备用,bèiyòng,备用,bèiyòng
hsk30-b79-0136,7-9,背面,bèimiàn,背面,bèimiàn
hsk30-b79-0137,7-9,背叛,bèipàn,背叛,bèipàn
hsk30-b79-0138,7-9,背诵,bèisòng,背诵,bèisòng
hsk30-b79-0139,7-9,被捕,bèibǔ,被捕,bèibǔ
hsk30-b79-0140,7-9,奔波,bēnbō,奔波,bēnbō
hsk30-b79-0141,7-9,奔赴,bēnfù,奔赴,bēnfù
hsk30-b79-0142,7-9,本分,běnfèn,本分,běnfèn
hsk30-b79-0143,7-9,本能,běnnéng,本能,běnnéng
hsk30-b79-0144,7-9,本钱,běnqián,本钱,běnqián
hsk30-b79-0145,7-9,本色,běnsè,本色,běnsè
hsk30-b79-0146,7-9,本性,běnxìng,本性,běnxìng
hsk30-b79-0147,7-9,本意,běnyì,本意,běnyì
hsk30-b79-0148,7-9,本着,běnzhe,本着,běnzhe
hsk30-b79-0149,7-9,奔,bèn,奔,bèn
hsk30-b79-0150,7-9,笨蛋,bèndàn,笨蛋,bèndàn
hsk30-b79-0151,7-9,笨重,bènzhòng,笨重,bènzhòng
hsk30-b79-0152,7-9,崩溃,bēngkuì,崩溃,bēngkuì
hsk30-b79-0153,7-9,绷,bēng,绷,bēng
hsk30-b79-0154,7-9,绷带,bēngdài,绷带,bēngdài
hsk30-b79-0155,7-9,蹦,bèng,蹦,bèng
hsk30-b79-0156,7-9,逼近,bījìn,逼近,bījìn
hsk30-b79-0157,7-9,逼迫,bīpò,逼迫,bīpò
hsk30-b79-0158,7-9,逼真,bīzhēn,逼真,bīzhēn
hsk30-b79-0159,7-9,鼻涕,bítì,鼻涕,bítì
hsk30-b79-0160,7-9,比比皆是,bǐbǐ-jiēshì,比比皆是,bǐbǐ-jiēshì
hsk30-b79-0161,7-9,比不上,bǐ bu shàng,比不上,bǐ bu shàng
hsk30-b79-0162,7-9,比起,bǐqǐ,比起,bǐqǐ
hsk30-b79-0163,7-9,比试,bǐshi,比试,bǐshi
hsk30-b79-0164,7-9,比喻,bǐyù,比喻,bǐyù
hsk30-b79-0165,7-9,鄙视,bǐshì,鄙视,bǐshì
hsk30-b79-0166,7-9,必不可少,bìbùkěshǎo,必不可少,bìbùkěshǎo
hsk30-b79-0167,7-9,必定,bìdìng,必定,bìdìng
hsk30-b79-0168,7-9,碧绿,bìlǜ,碧绿,bìlǜ
hsk30-b79-0169,7-9,弊病,bìbìng,弊病,bìbìng
hsk30-b79-0170,7-9,弊端,bìduān,弊端,bìduān
hsk30-b79-0171,7-9,壁画,bìhuà,壁画,bìhuà
hsk30-b79-0172,7-9,避难,bìnàn,避难,bìnàn
hsk30-b79-0173,7-9,避暑,bìshǔ,避暑,bìshǔ
hsk30-b79-0174,7-9,边疆,biānjiāng,边疆,biānjiāng
hsk30-b79-0175,7-9,边界,biānjiè,边界,biānjiè
hsk30-b79-0176,7-9,边远,biānyuǎn,边远,biānyuǎn
hsk30-b79-0177,7-9,编号,biānhào,编号,biānhào
hsk30-b79-0178,7-9,编剧,biānjù,编剧,biānjù
hsk30-b79-0179,7-9,编排,biānpái,编排,biānpái
hsk30-b79-0180,7-9,编写,biānxiě,编写,biānxiě
hsk30-b79-0181,7-9,编造,biānzào,编造,biānzào
hsk30-b79-0182,7-9,鞭策,biāncè,鞭策,biāncè
hsk30-b79-0183,7-9,鞭炮,biānpào,鞭炮,biānpào
hsk30-b79-0184,7-9,贬值,biǎnzhí,贬值,biǎnzhí
hsk30-b79-0185,7-9,变革,biàngé,变革,biàngé
hsk30-b79-0186,7-9,变幻莫测,biànhuàn-mòcè,变幻莫测,biànhuàn-mòcè
hsk30-b79-0187,7-9,变迁,biànqiān,变迁,biànqiān
hsk30-b79-0188,7-9,变异,biànyì,变异,biànyì
hsk30-b79-0189,7-9,变质,biànzhì,变质,biànzhì
hsk30-b79-0190,7-9,便道,biàndào,便道,biàndào
hsk30-b79-0191,7-9,便饭,biànfàn,便饭,biànfàn
hsk30-b79-0192,7-9,便捷,biànjié,便捷,biànjié
hsk30-b79-0193,7-9,便利店,biànlìdiàn,便利店,biànlìdiàn
hsk30-b79-0194,7-9,遍布,biànbù,遍布,biànbù
hsk30-b79-0195,7-9,辨别,biànbié,辨别,biànbié
hsk30-b79-0196,7-9,辨认,biànrèn,辨认,biànrèn
hsk30-b79-0197,7-9,辩,biàn,辩,biàn
hsk30-b79-0198,7-9,辩护,biànhù,辩护,biànhù
hsk30-b79-0199,7-9,辩解,biànjiě,辩解,biànjiě
hsk30-b79-0200,7-9,辫子,biànzi,辫子,biànzi
hsk30-b79-0201,7-9,标,biāo,标,biāo
hsk30-b79-0202,7-9,标榜,biāobǎng,标榜,biāobǎng
hsk30-b79-0203,7-9,标本,biāoběn,标本,biāoběn
hsk30-b79-0204,7-9,标签,biāoqiān,标签,biāoqiān
hsk30-b79-0205,7-9,标示,biāoshì,标示,biāoshì
hsk30-b79-0206,7-9,标语,biāoyǔ,标语,biāoyǔ
hsk30-b79-0207,7-9,标致,biāozhì,标致,biāozhì
hsk30-b79-0208,7-9,飙升,biāoshēng,飙升,biāoshēng
hsk30-b79-0209,7-9,表白,biǎobái,表白,biǎobái
hsk30-b79-0210,7-9,表决,biǎojué,表决,biǎojué
hsk30-b79-0211,7-9,表述,biǎoshù,表述,biǎoshù
hsk30-b79-0212,7-9,表率,biǎoshuài,表率,biǎoshuài
hsk30-b79-0213,7-9,表态,biǎotài,表态,biǎotài
hsk30-b79-0214,7-9,表彰,biǎozhāng,表彰,biǎozhāng
hsk30-b79-0215,7-9,憋,biē,憋,biē
hsk30-b79-0216,7-9,别具匠心,biéjù-jiàngxīn,别具匠心,biéjù-jiàngxīn
hsk30-b79-0217,7-9,别看,biékàn,别看,biékàn
hsk30-b79-0218,7-9,别墅,biéshù,别墅,biéshù
hsk30-b79-0219,7-9,别说,biéshuō,别说,biéshuō
hsk30-b79-0220,7-9,别提了,biétí le,别提了,biétí le
hsk30-b79-0221,7-9,别致,biézhì,别致,biézhì
hsk30-b79-0222,7-9,别扭,bièniu,别扭,bièniu
hsk30-b79-0223,7-9,彬彬有礼,bīnbīn-yǒulǐ,彬彬有礼,bīnbīn-yǒulǐ
hsk30-b79-0224,7-9,滨海,bīn hǎi,滨海,bīn hǎi
hsk30-b79-0225,7-9,缤纷,bīnfēn,缤纷,bīnfēn
hsk30-b79-0226,7-9,冰棍儿,bīnggùnr,冰棍儿,bīnggùnr
hsk30-b79-0227,7-9,冰山,bīngshān,冰山,bīngshān
hsk30-b79-0228,7-9,丙,bǐng,丙,bǐng
hsk30-b79-0229,7-9,秉承,bǐngchéng,秉承,bǐngchéng
hsk30-b79-0230,7-9,并非,bìngfēi,并非,bìngfēi
hsk30-b79-0231,7-9,并购,bìnggòu,并购,bìnggòu
hsk30-b79-0232,7-9,并列,bìngliè,并列,bìngliè
hsk30-b79-0233,7-9,并行,bìngxíng,并行,bìngxíng
hsk30-b79-0234,7-9,病床,bìngchuáng,病床,bìngchuáng
hsk30-b79-0235,7-9,病症,bìngzhèng,病症,bìngzhèng
hsk30-b79-0236,7-9,拨,bō,拨,bō
hsk30-b79-0237,7-9,拨款,bōkuǎn,拨款,bōkuǎn
hsk30-b79-0238,7-9,拨通,bōtōng,拨通,bōtōng
hsk30-b79-0239,7-9,波及,bōjí,波及,bōjí
hsk30-b79-0240,7-9,波澜,bōlán,波澜,bōlán
hsk30-b79-0241,7-9,波涛,bōtāo,波涛,bōtāo
hsk30-b79-0242,7-9,波折,bōzhé,波折,bōzhé
hsk30-b79-0243,7-9,剥夺,bōduó,剥夺,bōduó
hsk30-b79-0244,7-9,剥削,bōxuē,剥削,bōxuē
hsk30-b79-0245,7-9,伯伯,bóbo,伯伯,bóbo
hsk30-b79-0246,7-9,伯父,bófù,伯父,bófù
hsk30-b79-0247,7-9,伯母,bómǔ,伯母,bómǔ
hsk30-b79-0248,7-9,驳回,bóhuí,驳回,bóhuí
hsk30-b79-0249,7-9,脖子,bózi,脖子,bózi
hsk30-b79-0250,7-9,搏斗,bódòu,搏斗,bódòu
hsk30-b79-0251,7-9,不定,bùdìng,不定,bùdìng
hsk30-b79-0252,7-9,不见得,bùjiàndé,不见得,bùjiàndé
hsk30-b79-0253,7-9,不利于,bùlì yú,不利于,bùlì yú
hsk30-b79-0254,7-9,不慎,bùshèn,不慎,bùshèn
hsk30-b79-0255,7-9,不适,bùshì,不适,bùshì
hsk30-b79-0256,7-9,不算,bù suàn,不算,bù suàn
hsk30-b79-0257,7-9,不像话,bùxiànghuà,不像话,bùxiànghuà
hsk30-b79-0258,7-9,不屑,bùxiè,不屑,bùxiè
hsk30-b79-0259,7-9,不懈,bùxiè,不懈,bùxiè
hsk30-b79-0260,7-9,不亚于,bùyàyú,不亚于,bùyàyú
hsk30-b79-0261,7-9,不亦乐乎,bùyìlèhū,不亦乐乎,bùyìlèhū
hsk30-b79-0262,7-9,不翼而飞,bùyì'érfēi,不翼而飞,bùyì'érfēi
hsk30-b79-0263,7-9,不用说,bùyòngshuō,不用说,bùyòngshuō
hsk30-b79-0264,7-9,不正之风,bùzhèngzhīfēng,不正之风,bùzhèngzhīfēng
hsk30-b79-0265,7-9,补给,bǔjǐ,补给,bǔjǐ
hsk30-b79-0266,7-9,补救,bǔjiù,补救,bǔjiù
hsk30-b79-0267,7-9,捕捉,bǔzhuō,捕捉,bǔzhuō
hsk30-b79-0268,7-9,哺育,bǔyù,哺育,bǔyù
hsk30-b79-0269,7-9,不耻下问,bùchǐ-xiàwèn,不耻下问,bùchǐ-xiàwèn
hsk30-b79-0270,7-9,不辞而别,bùcí'érbié,不辞而别,bùcí'érbié
hsk30-b79-0271,7-9,不得而知,bùdé'érzhī,不得而知,bùdé'érzhī
hsk30-b79-0272,7-9,不得已,bùdéyǐ,不得已,bùdéyǐ
hsk30-b79-0273,7-9,不妨,bùfáng,不妨,bùfáng
hsk30-b79-0274,7-9,不服,bùfú,不服,bùfú
hsk30-b79-0275,7-9,不服气,bù fúqì,不服气,bù fúqì
hsk30-b79-0276,7-9,不假思索,bùjiǎ-sīsuǒ,不假思索,bùjiǎ-sīsuǒ
hsk30-b79-0277,7-9,不解,bùjiě,不解,bùjiě
hsk30-b79-0278,7-9,不经意,bùjīngyì,不经意,bùjīngyì
hsk30-b79-0279,7-9,不景气,bùjǐngqì,不景气,bùjǐngqì
hsk30-b79-0280,7-9,不堪,bùkān,不堪,bùkān
hsk30-b79-0281,7-9,不可避免,bùkě-bìmiǎn,不可避免,bùkě-bìmiǎn
hsk30-b79-0282,7-9,不可思议,bùkě-sīyì,不可思议,bùkě-sīyì
hsk30-b79-0283,7-9,不肯,bù kěn,不肯,bù kěn
hsk30-b79-0284,7-9,不理,bù lǐ,不理,bù lǐ
hsk30-b79-0285,7-9,不了了之,bùliǎo-liǎozhī,不了了之,bùliǎo-liǎozhī
hsk30-b79-0286,7-9,不难,bù nán,不难,bù nán
hsk30-b79-0287,7-9,不平,bùpíng,不平,bùpíng
hsk30-b79-0288,7-9,不起眼,bùqǐyǎn,不起眼,bùqǐyǎn
hsk30-b79-0289,7-9,不容,bùróng,不容,bùróng
hsk30-b79-0290,7-9,不如说,bùrú shuō,不如说,bùrú shuō
hsk30-b79-0291,7-9,不同寻常,bùtóng-xúncháng,不同寻常,bùtóng-xúncháng
hsk30-b79-0292,7-9,不为人知,bùwéirénzhī,不为人知,bùwéirénzhī
hsk30-b79-0293,7-9,不惜,bùxī,不惜,bùxī
hsk30-b79-0294,7-9,不相上下,bùxiāng-shàngxià,不相上下,bùxiāng-shàngxià
hsk30-b79-0295,7-9,不宜,bùyí,不宜,bùyí
hsk30-b79-0296,7-9,不已,bùyǐ,不已,bùyǐ
hsk30-b79-0297,7-9,不以为然,bùyǐwéirán,不以为然,bùyǐwéirán
hsk30-b79-0298,7-9,不由得,bùyóude,不由得,bùyóude
hsk30-b79-0299,7-9,不由自主,bùyóuzìzhǔ,不由自主,bùyóuzìzhǔ
hsk30-b79-0300,7-9,不予,bù yǔ,不予,bù yǔ
hsk30-b79-0301,7-9,不约而同,bùyuē'értóng,不约而同,bùyuē'értóng
hsk30-b79-0302,7-9,不知,bùzhī,不知,bùzhī
hsk30-b79-0303,7-9,不知不觉,bùzhī-bùjué,不知不觉,bùzhī-bùjué
hsk30-b79-0304,7-9,不准,bù zhǔn,不准,bù zhǔn
hsk30-b79-0305,7-9,布局,bùjú,布局,bùjú
hsk30-b79-0306,7-9,步伐,bùfá,步伐,bùfá
hsk30-b79-0307,7-9,步入,bùrù,步入,bùrù
hsk30-b79-0308,7-9,步骤,bùzhòu,步骤,bùzhòu
hsk30-b79-0309,7-9,部件,bùjiàn,部件,bùjiàn
hsk30-b79-0310,7-9,部署,bùshǔ,部署,bùshǔ
hsk30-b79-0311,7-9,猜谜,cāimí,猜谜,cāimí
hsk30-b79-0312,7-9,猜想,cāixiǎng,猜想,cāixiǎng
hsk30-b79-0313,7-9,才华,cáihuá,才华,cáihuá
hsk30-b79-0314,7-9,财经,cáijīng,财经,cáijīng
hsk30-b79-0315,7-9,财力,cáilì,财力,cáilì
hsk30-b79-0316,7-9,财务,cáiwù,财务,cáiwù
hsk30-b79-0317,7-9,财物,cáiwù,财物,cáiwù
hsk30-b79-0318,7-9,财政,cáizhèng,财政,cáizhèng
hsk30-b79-0319,7-9,裁,cái,裁,cái
hsk30-b79-0320,7-9,裁定,cáidìng,裁定,cáidìng
hsk30-b79-0321,7-9,裁决,cáijué,裁决,cáijué
hsk30-b79-0322,7-9,采,cǎi,采,cǎi
hsk30-b79-0323,7-9,采集,cǎijí,采集,cǎijí
hsk30-b79-0324,7-9,采矿,cǎikuàng,采矿,cǎikuàng
hsk30-b79-0325,7-9,彩电,cǎidiàn,彩电,cǎidiàn
hsk30-b79-0326,7-9,彩虹,cǎihóng,彩虹,cǎihóng
hsk30-b79-0327,7-9,彩霞,cǎixiá,彩霞,cǎixiá
hsk30-b79-0328,7-9,菜市场,càishìchǎng,菜市场,càishìchǎng
hsk30-b79-0329,7-9,参见,cānjiàn,参见,cānjiàn
hsk30-b79-0330,7-9,参军,cānjūn,参军,cānjūn
hsk30-b79-0331,7-9,参谋,cānmóu,参谋,cānmóu
hsk30-b79-0332,7-9,参照,cānzhào,参照,cānzhào
hsk30-b79-0333,7-9,餐桌,cānzhuō,餐桌,cānzhuō
hsk30-b79-0334,7-9,残,cán,残,cán
hsk30-b79-0335,7-9,残留,cánliú,残留,cánliú
hsk30-b79-0336,7-9,残缺,cánquē,残缺,cánquē
hsk30-b79-0337,7-9,残忍,cánrěn,残忍,cánrěn
hsk30-b79-0338,7-9,惭愧,cánkuì,惭愧,cánkuì
hsk30-b79-0339,7-9,惨白,cǎnbái,惨白,cǎnbái
hsk30-b79-0340,7-9,惨痛,cǎntòng,惨痛,cǎntòng
hsk30-b79-0341,7-9,惨重,cǎnzhòng,惨重,cǎnzhòng
hsk30-b79-0342,7-9,灿烂,cànlàn,灿烂,cànlàn
hsk30-b79-0343,7-9,苍蝇,cāngying,苍蝇,cāngying
hsk30-b79-0344,7-9,沧桑,cāngsāng,沧桑,cāngsāng
hsk30-b79-0345,7-9,舱,cāng,舱,cāng
hsk30-b79-0346,7-9,藏匿,cángnì,藏匿,cángnì
hsk30-b79-0347,7-9,藏品,cángpǐn,藏品,cángpǐn
hsk30-b79-0348,7-9,藏身,cángshēn,藏身,cángshēn
hsk30-b79-0349,7-9,操控,cāokòng,操控,cāokòng
hsk30-b79-0350,7-9,操劳,cāoláo,操劳,cāoláo
hsk30-b79-0351,7-9,操心,cāoxīn,操心,cāoxīn
hsk30-b79-0352,7-9,槽,cáo,槽,cáo
hsk30-b79-0353,7-9,草案,cǎo'àn,草案,cǎo'àn
hsk30-b79-0354,7-9,草坪,cǎopíng,草坪,cǎopíng
hsk30-b79-0355,7-9,侧面,cèmiàn,侧面,cèmiàn
hsk30-b79-0356,7-9,侧重,cèzhòng,侧重,cèzhòng
hsk30-b79-0357,7-9,测算,cèsuàn,测算,cèsuàn
hsk30-b79-0358,7-9,测验,cèyàn,测验,cèyàn
hsk30-b79-0359,7-9,层出不穷,céngchū-bùqióng,层出不穷,céngchū-bùqióng
hsk30-b79-0360,7-9,蹭,cèng,蹭,cèng
hsk30-b79-0361,7-9,差错,chācuò,差错,chācuò
hsk30-b79-0362,7-9,差额,chā'é,差额,chā'é
hsk30-b79-0363,7-9,插手,chāshǒu,插手,chāshǒu
hsk30-b79-0364,7-9,插图,chātú,插图,chātú
hsk30-b79-0365,7-9,插嘴,chāzuǐ,插嘴,chāzuǐ
hsk30-b79-0366,7-9,茶道,chádào,茶道,chádào
hsk30-b79-0367,7-9,茶馆儿,cháguǎnr,茶馆儿,cháguǎnr
hsk30-b79-0368,7-9,查处,cháchǔ,查处,cháchǔ
hsk30-b79-0369,7-9,查明,chámíng,查明,chámíng
hsk30-b79-0370,7-9,查找,cházhǎo,查找,cházhǎo
hsk30-b79-0371,7-9,察觉,chájué,察觉,chájué
hsk30-b79-0372,7-9,察看,chákàn,察看,chákàn
hsk30-b79-0373,7-9,诧异,chàyì,诧异,chàyì
hsk30-b79-0374,7-9,掺,chān,掺,chān
hsk30-b79-0375,7-9,搀,chān,搀,chān
hsk30-b79-0376,7-9,馋,chán,馋,chán
hsk30-b79-0377,7-9,禅杖,chánzhàng,禅杖,chánzhàng
hsk30-b79-0378,7-9,缠,chán,缠,chán
hsk30-b79-0379,7-9,产,chǎn,产,chǎn
hsk30-b79-0380,7-9,产地,chǎndì,产地,chǎndì
hsk30-b79-0381,7-9,产物,chǎnwù,产物,chǎnwù
hsk30-b79-0382,7-9,产值,chǎnzhí,产值,chǎnzhí
hsk30-b79-0383,7-9,铲,chǎn,铲,chǎn
hsk30-b79-0384,7-9,铲子,chǎnzi,铲子,chǎnzi
hsk30-b79-0385,7-9,阐述,chǎnshù,阐述,chǎnshù
hsk30-b79-0386,7-9,颤抖,chàndǒu,颤抖,chàndǒu
hsk30-b79-0387,7-9,猖狂,chāngkuáng,猖狂,chāngkuáng
hsk30-b79-0388,7-9,长达,cháng dá,长达,cháng dá
hsk30-b79-0389,7-9,长期以来,chángqī yǐlái,长期以来,chángqī yǐlái
hsk30-b79-0390,7-9,长效,chángxiào,长效,chángxiào
hsk30-b79-0391,7-9,长征,chángzhēng,长征,chángzhēng
hsk30-b79-0392,7-9,长足,chángzú,长足,chángzú
hsk30-b79-0393,7-9,常理,chánglǐ,常理,chánglǐ
hsk30-b79-0394,7-9,常人,chángrén,常人,chángrén
hsk30-b79-0395,7-9,常态,chángtài,常态,chángtài
hsk30-b79-0396,7-9,常温,chángwēn,常温,chángwēn
hsk30-b79-0397,7-9,偿还,chánghuán,偿还,chánghuán
hsk30-b79-0398,7-9,嫦娥,Cháng'é,嫦娥,Cháng'é
hsk30-b79-0399,7-9,厂家,chǎngjiā,厂家,chǎngjiā
hsk30-b79-0400,7-9,敞开,chǎngkāi,敞开,chǎngkāi
hsk30-b79-0401,7-9,畅谈,chàngtán,畅谈,chàngtán
hsk30-b79-0402,7-9,畅销,chàngxiāo,畅销,chàngxiāo
hsk30-b79-0403,7-9,倡议,chàngyì,倡议,chàngyì
hsk30-b79-0404,7-9,抄袭,chāoxí,抄袭,chāoxí
hsk30-b79-0405,7-9,钞票,chāopiào,钞票,chāopiào
hsk30-b79-0406,7-9,超标,chāobiāo,超标,chāobiāo
hsk30-b79-0407,7-9,超车,chāochē,超车,chāochē
hsk30-b79-0408,7-9,超前,chāoqián,超前,chāoqián
hsk30-b79-0409,7-9,超速,chāosù,超速,chāosù
hsk30-b79-0410,7-9,朝代,cháodài,朝代,cháodài
hsk30-b79-0411,7-9,朝着,cháozhe,朝着,cháozhe
hsk30-b79-0412,7-9,嘲弄,cháonòng,嘲弄,cháonòng
hsk30-b79-0413,7-9,嘲笑,cháoxiào,嘲笑,cháoxiào
hsk30-b79-0414,7-9,吵嘴,chǎozuǐ,吵嘴,chǎozuǐ
hsk30-b79-0415,7-9,车道,chēdào,车道,chēdào
hsk30-b79-0416,7-9,车祸,chēhuò,车祸,chēhuò
hsk30-b79-0417,7-9,车间,chējiān,车间,chējiān
hsk30-b79-0418,7-9,车轮,chēlún,车轮,chēlún
hsk30-b79-0419,7-9,车速,chēsù,车速,chēsù
hsk30-b79-0420,7-9,车位,chēwèi,车位,chēwèi
hsk30-b79-0421,7-9,车厢,chēxiāng,车厢,chēxiāng
hsk30-b79-0422,7-9,车型,chēxíng,车型,chēxíng
hsk30-b79-0423,7-9,车轴,chēzhóu,车轴,chēzhóu
hsk30-b79-0424,7-9,扯,chě,扯,chě
hsk30-b79-0425,7-9,彻夜,chèyè,彻夜,chèyè
hsk30-b79-0426,7-9,撤,chè,撤,chè
hsk30-b79-0427,7-9,撤换,chèhuàn,撤换,chèhuàn
hsk30-b79-0428,7-9,沉甸甸,chéndiàndiàn,沉甸甸,chéndiàndiàn
hsk30-b79-0429,7-9,沉淀,chéndiàn,沉淀,chéndiàn
hsk30-b79-0430,7-9,沉浸,chénjìn,沉浸,chénjìn
hsk30-b79-0431,7-9,沉闷,chénmèn,沉闷,chénmèn
hsk30-b79-0432,7-9,沉迷,chénmí,沉迷,chénmí
hsk30-b79-0433,7-9,沉思,chénsī,沉思,chénsī
hsk30-b79-0434,7-9,沉稳,chénwěn,沉稳,chénwěn
hsk30-b79-0435,7-9,沉着,chénzhuó,沉着,chénzhuó
hsk30-b79-0436,7-9,陈旧,chénjiù,陈旧,chénjiù
hsk30-b79-0437,7-9,陈列,chénliè,陈列,chénliè
hsk30-b79-0438,7-9,陈述,chénshù,陈述,chénshù
hsk30-b79-0439,7-9,衬托,chèntuō,衬托,chèntuō
hsk30-b79-0440,7-9,趁,chèn,趁,chèn
hsk30-b79-0441,7-9,趁机,chènjī,趁机,chènjī
hsk30-b79-0442,7-9,趁早,chènzǎo,趁早,chènzǎo
hsk30-b79-0443,7-9,趁着,chènzhe,趁着,chènzhe
hsk30-b79-0444,7-9,称呼,chēnghu,称呼,chēnghu
hsk30-b79-0445,7-9,称作,chēngzuò,称作,chēngzuò
hsk30-b79-0446,7-9,成才,chéngcái,成才,chéngcái
hsk30-b79-0447,7-9,成家,chéngjiā,成家,chéngjiā
hsk30-b79-0448,7-9,成年,chéngnián,成年,chéngnián
hsk30-b79-0449,7-9,成年,chéngnián,成年,chéngnián
hsk30-b79-0450,7-9,成千上万,chéngqiān-shàngwàn,成千上万,chéngqiān-shàngwàn
hsk30-b79-0451,7-9,成群结队,chéngqún-jiéduì,成群结队,chéngqún-jiéduì
hsk30-b79-0452,7-9,成天,chéngtiān,成天,chéngtiān
hsk30-b79-0453,7-9,成问题,chéngwèntí,成问题,chéngwèntí
hsk30-b79-0454,7-9,成型,chéngxíng,成型,chéngxíng
hsk30-b79-0455,7-9,呈现,chéngxiàn,呈现,chéngxiàn
hsk30-b79-0456,7-9,诚恳,chéngkěn,诚恳,chéngkěn
hsk30-b79-0457,7-9,诚心诚意,chéngxīn-chéngyì,诚心诚意,chéngxīn-chéngyì
hsk30-b79-0458,7-9,诚意,chéngyì,诚意,chéngyì
hsk30-b79-0459,7-9,诚挚,chéngzhì,诚挚,chéngzhì
hsk30-b79-0460,7-9,承包,chéngbāo,承包,chéngbāo
hsk30-b79-0461,7-9,承载,chéngzài,承载,chéngzài
hsk30-b79-0462,7-9,城墙,chéngqiáng,城墙,chéngqiáng
hsk30-b79-0463,7-9,乘人之危,chéngrénzhīwēi,乘人之危,chéngrénzhīwēi
hsk30-b79-0464,7-9,盛,chéng,盛,chéng
hsk30-b79-0465,7-9,惩处,chéngchǔ,惩处,chéngchǔ
hsk30-b79-0466,7-9,惩罚,chéngfá,惩罚,chéngfá
hsk30-b79-0467,7-9,澄清,chéngqīng,澄清,chéngqīng
hsk30-b79-0468,7-9,橙汁,chéngzhī,橙汁,chéngzhī
hsk30-b79-0469,7-9,逞能,chěngnéng,逞能,chěngnéng
hsk30-b79-0470,7-9,逞强,chěngqiáng,逞强,chěngqiáng
hsk30-b79-0471,7-9,秤,chèng,秤,chèng
hsk30-b79-0472,7-9,吃不上,chī bushàng,吃不上,chī bushàng
hsk30-b79-0473,7-9,吃喝玩乐,chī-hē-wán-lè,吃喝玩乐,chī-hē-wán-lè
hsk30-b79-0474,7-9,吃苦,chīkǔ,吃苦,chīkǔ
hsk30-b79-0475,7-9,吃亏,chīkuī,吃亏,chīkuī
hsk30-b79-0476,7-9,痴呆,chīdāi,痴呆,chīdāi
hsk30-b79-0477,7-9,痴迷,chīmí,痴迷,chīmí
hsk30-b79-0478,7-9,痴心,chīxīn,痴心,chīxīn
hsk30-b79-0479,7-9,池塘,chítáng,池塘,chítáng
hsk30-b79-0480,7-9,驰名,chímíng,驰名,chímíng
hsk30-b79-0481,7-9,迟迟,chíchí,迟迟,chíchí
hsk30-b79-0482,7-9,迟疑,chíyí,迟疑,chíyí
hsk30-b79-0483,7-9,迟早,chízǎo,迟早,chízǎo
hsk30-b79-0484,7-9,持,chí,持,chí
hsk30-b79-0485,7-9,持久,chíjiǔ,持久,chíjiǔ
hsk30-b79-0486,7-9,持之以恒,chízhī-yǐhéng,持之以恒,chízhī-yǐhéng
hsk30-b79-0487,7-9,尺度,chǐdù,尺度,chǐdù
hsk30-b79-0488,7-9,耻辱,chǐrǔ,耻辱,chǐrǔ
hsk30-b79-0489,7-9,耻笑,chǐxiào,耻笑,chǐxiào
hsk30-b79-0490,7-9,赤字,chìzì,赤字,chìzì
hsk30-b79-0491,7-9,翅膀,chìbǎng,翅膀,chìbǎng
hsk30-b79-0492,7-9,冲刺,chōngcì,冲刺,chōngcì
hsk30-b79-0493,7-9,冲浪,chōnglàng,冲浪,chōnglàng
hsk30-b79-0494,7-9,冲洗,chōngxǐ,冲洗,chōngxǐ
hsk30-b79-0495,7-9,冲撞,chōngzhuàng,冲撞,chōngzhuàng
hsk30-b79-0496,7-9,充,chōng,充,chōng
hsk30-b79-0497,7-9,充当,chōngdāng,充当,chōngdāng
hsk30-b79-0498,7-9,充沛,chōngpèi,充沛,chōngpèi
hsk30-b79-0499,7-9,充实,chōngshí,充实,chōngshí
hsk30-b79-0500,7-9,重播,chóngbō,重播,chóngbō
hsk30-b79-0501,7-9,重叠,chóngdié,重叠,chóngdié
hsk30-b79-0502,7-9,重返,chóngfǎn,重返,chóngfǎn
hsk30-b79-0503,7-9,重合,chónghé,重合,chónghé
hsk30-b79-0504,7-9,重申,chóngshēn,重申,chóngshēn
hsk30-b79-0505,7-9,重现,chóngxiàn,重现,chóngxiàn
hsk30-b79-0506,7-9,崇高,chónggāo,崇高,chónggāo
hsk30-b79-0507,7-9,崇尚,chóngshàng,崇尚,chóngshàng
hsk30-b79-0508,7-9,宠,chǒng,宠,chǒng
hsk30-b79-0509,7-9,宠爱,chǒng'ài,宠爱,chǒng'ài
hsk30-b79-0510,7-9,抽签,chōuqiān,抽签,chōuqiān
hsk30-b79-0511,7-9,抽屉,chōuti,抽屉,chōuti
hsk30-b79-0512,7-9,抽象,chōuxiàng,抽象,chōuxiàng
hsk30-b79-0513,7-9,仇,chóu,仇,chóu
hsk30-b79-0514,7-9,仇恨,chóuhèn,仇恨,chóuhèn
hsk30-b79-0515,7-9,仇人,chóurén,仇人,chóurén
hsk30-b79-0516,7-9,稠,chóu,稠,chóu
hsk30-b79-0517,7-9,稠密,chóumì,稠密,chóumì
hsk30-b79-0518,7-9,愁眉苦脸,chóuméi-kǔliǎn,愁眉苦脸,chóuméi-kǔliǎn
hsk30-b79-0519,7-9,筹,chóu,筹,chóu
hsk30-b79-0520,7-9,筹办,chóubàn,筹办,chóubàn
hsk30-b79-0521,7-9,筹备,chóubèi,筹备,chóubèi
hsk30-b79-0522,7-9,筹措,chóucuò,筹措,chóucuò
hsk30-b79-0523,7-9,筹划,chóuhuà,筹划,chóuhuà
hsk30-b79-0524,7-9,筹集,chóují,筹集,chóují
hsk30-b79-0525,7-9,筹码,chóumǎ,筹码,chóumǎ
hsk30-b79-0526,7-9,丑恶,chǒu'è,丑恶,chǒu'è
hsk30-b79-0527,7-9,丑陋,chǒulòu,丑陋,chǒulòu
hsk30-b79-0528,7-9,丑闻,chǒuwén,丑闻,chǒuwén
hsk30-b79-0529,7-9,瞅,chǒu,瞅,chǒu
hsk30-b79-0530,7-9,出版社,chūbǎnshè,出版社,chūbǎnshè
hsk30-b79-0531,7-9,出厂,chūchǎng,出厂,chūchǎng
hsk30-b79-0532,7-9,出丑,chūchǒu,出丑,chūchǒu
hsk30-b79-0533,7-9,出道,chūdào,出道,chūdào
hsk30-b79-0534,7-9,出发点,chūfādiǎn,出发点,chūfādiǎn
hsk30-b79-0535,7-9,出风头,chū fēngtou,出风头,chū fēngtou
hsk30-b79-0536,7-9,出境,chūjìng,出境,chūjìng
hsk30-b79-0537,7-9,出局,chūjú,出局,chūjú
hsk30-b79-0538,7-9,出具,chūjù,出具,chūjù
hsk30-b79-0539,7-9,出口成章,chūkǒu-chéngzhāng,出口成章,chūkǒu-chéngzhāng
hsk30-b79-0540,7-9,出卖,chūmài,出卖,chūmài
hsk30-b79-0541,7-9,出毛病,chū máobìng,出毛病,chū máobìng
hsk30-b79-0542,7-9,出难题,chū nántí,出难题,chū nántí
hsk30-b79-0543,7-9,出人意料,chūrényìliào,出人意料,chūrényìliào
hsk30-b79-0544,7-9,出任,chūrèn,出任,chūrèn
hsk30-b79-0545,7-9,出山,chūshān,出山,chūshān
hsk30-b79-0546,7-9,出身,chūshēn,出身,chūshēn
hsk30-b79-0547,7-9,出示,chūshì,出示,chūshì
hsk30-b79-0548,7-9,出手,chūshǒu,出手,chūshǒu
hsk30-b79-0549,7-9,出头,chūtóu,出头,chūtóu
hsk30-b79-0550,7-9,出土,chūtǔ,出土,chūtǔ
hsk30-b79-0551,7-9,出息,chūxi,出息,chūxi
hsk30-b79-0552,7-9,出血,chūxiě,出血,chūxiě
hsk30-b79-0553,7-9,出演,chūyǎn,出演,chūyǎn
hsk30-b79-0554,7-9,出洋相,chū yángxiàng,出洋相,chū yángxiàng
hsk30-b79-0555,7-9,出游,chūyóu,出游,chūyóu
hsk30-b79-0556,7-9,出众,chūzhòng,出众,chūzhòng
hsk30-b79-0557,7-9,出主意,chū zhǔyi,出主意,chū zhǔyi
hsk30-b79-0558,7-9,出资,chūzī,出资,chūzī
hsk30-b79-0559,7-9,出自,chūzì,出自,chūzì
hsk30-b79-0560,7-9,出走,chūzǒu,出走,chūzǒu
hsk30-b79-0561,7-9,初次,chūcì,初次,chūcì
hsk30-b79-0562,7-9,初衷,chūzhōng,初衷,chūzhōng
hsk30-b79-0563,7-9,除此之外,chúcǐzhīwài,除此之外,chúcǐzhīwài
hsk30-b79-0564,7-9,除去,chúqù,除去,chúqù
hsk30-b79-0565,7-9,除外,chúwài,除外,chúwài
hsk30-b79-0566,7-9,处方,chǔfāng,处方,chǔfāng
hsk30-b79-0567,7-9,处境,chǔjìng,处境,chǔjìng
hsk30-b79-0568,7-9,处置,chǔzhì,处置,chǔzhì
hsk30-b79-0569,7-9,储备,chǔbèi,储备,chǔbèi
hsk30-b79-0570,7-9,储蓄,chǔxù,储蓄,chǔxù
hsk30-b79-0571,7-9,触动,chùdòng,触动,chùdòng
hsk30-b79-0572,7-9,触犯,chùfàn,触犯,chùfàn
hsk30-b79-0573,7-9,触觉,chùjué,触觉,chùjué
hsk30-b79-0574,7-9,触摸,chùmō,触摸,chùmō
hsk30-b79-0575,7-9,触目惊心,chùmù-jīngxīn,触目惊心,chùmù-jīngxīn
hsk30-b79-0576,7-9,揣,chuāi,揣,chuāi
hsk30-b79-0577,7-9,揣测,chuǎicè,揣测,chuǎicè
hsk30-b79-0578,7-9,揣摩,chuǎimó,揣摩,chuǎimó
hsk30-b79-0579,7-9,踹,chuài,踹,chuài
hsk30-b79-0580,7-9,川流不息,chuānliú-bùxī,川流不息,chuānliú-bùxī
hsk30-b79-0581,7-9,穿过,chuānguò,穿过,chuānguò
hsk30-b79-0582,7-9,穿小鞋,chuān xiǎoxié,穿小鞋,chuān xiǎoxié
hsk30-b79-0583,7-9,穿越,chuānyuè,穿越,chuānyuè
hsk30-b79-0584,7-9,穿着,chuānzhuó,穿着,chuānzhuó
hsk30-b79-0585,7-9,传承,chuánchéng,传承,chuánchéng
hsk30-b79-0586,7-9,传奇,chuánqí,传奇,chuánqí
hsk30-b79-0587,7-9,传染,chuánrǎn,传染,chuánrǎn
hsk30-b79-0588,7-9,传染病,chuánrǎnbìng,传染病,chuánrǎnbìng
hsk30-b79-0589,7-9,传人,chuánrén,传人,chuánrén
hsk30-b79-0590,7-9,传授,chuánshòu,传授,chuánshòu
hsk30-b79-0591,7-9,传闻,chuánwén,传闻,chuánwén
hsk30-b79-0592,7-9,船舶,chuánbó,船舶,chuánbó
hsk30-b79-0593,7-9,船桨,chuánjiǎng,船桨,chuánjiǎng
hsk30-b79-0594,7-9,喘,chuǎn,喘,chuǎn
hsk30-b79-0595,7-9,喘息,chuǎnxī,喘息,chuǎnxī
hsk30-b79-0596,7-9,串门,chuànmén,串门,chuànmén
hsk30-b79-0597,7-9,创伤,chuāngshāng,创伤,chuāngshāng
hsk30-b79-0598,7-9,床位,chuángwèi,床位,chuángwèi
hsk30-b79-0599,7-9,创,chuàng,创,chuàng
hsk30-b79-0600,7-9,创始人,chuàngshǐrén,创始人,chuàngshǐrén
hsk30-b79-0601,7-9,吹了,chuī le,吹了,chuī le
hsk30-b79-0602,7-9,吹牛,chuīniú,吹牛,chuīniú
hsk30-b79-0603,7-9,吹捧,chuīpěng,吹捧,chuīpěng
hsk30-b79-0604,7-9,垂,chuí,垂,chuí
hsk30-b79-0605,7-9,垂头丧气,chuítóu-sàngqì,垂头丧气,chuítóu-sàngqì
hsk30-b79-0606,7-9,捶,chuí,捶,chuí
hsk30-b79-0607,7-9,锤子,chuízi,锤子,chuízi
hsk30-b79-0608,7-9,纯粹,chúncuì,纯粹,chúncuì
hsk30-b79-0609,7-9,纯洁,chúnjié,纯洁,chúnjié
hsk30-b79-0610,7-9,纯朴,chúnpǔ,纯朴,chúnpǔ
hsk30-b79-0611,7-9,醇厚,chúnhòu,醇厚,chúnhòu
hsk30-b79-0612,7-9,蠢,chǔn,蠢,chǔn
hsk30-b79-0613,7-9,戳,chuō,戳,chuō
hsk30-b79-0614,7-9,绰号,chuòhào,绰号,chuòhào
hsk30-b79-0615,7-9,瓷,cí,瓷,cí
hsk30-b79-0616,7-9,瓷器,cíqì,瓷器,cíqì
hsk30-b79-0617,7-9,辞,cí,辞,cí
hsk30-b79-0618,7-9,辞呈,cíchéng,辞呈,cíchéng
hsk30-b79-0619,7-9,辞去,cíqù,辞去,cíqù
hsk30-b79-0620,7-9,辞退,cítuì,辞退,cítuì
hsk30-b79-0621,7-9,慈善,císhàn,慈善,císhàn
hsk30-b79-0622,7-9,慈祥,cíxiáng,慈祥,cíxiáng
hsk30-b79-0623,7-9,磁带,cídài,磁带,cídài
hsk30-b79-0624,7-9,磁卡,cíkǎ,磁卡,cíkǎ
hsk30-b79-0625,7-9,磁盘,cípán,磁盘,cípán
hsk30-b79-0626,7-9,此起彼伏,cǐqǐ-bǐfú,此起彼伏,cǐqǐ-bǐfú
hsk30-b79-0627,7-9,次日,cìrì,次日,cìrì
hsk30-b79-0628,7-9,伺候,cìhou,伺候,cìhou
hsk30-b79-0629,7-9,刺耳,cì'ěr,刺耳,cì'ěr
hsk30-b79-0630,7-9,刺骨,cìgǔ,刺骨,cìgǔ
hsk30-b79-0631,7-9,刺绣,cìxiù,刺绣,cìxiù
hsk30-b79-0632,7-9,赐,cì,赐,cì
hsk30-b79-0633,7-9,赐教,cìjiào,赐教,cìjiào
hsk30-b79-0634,7-9,匆匆,cōngcōng,匆匆,cōngcōng
hsk30-b79-0635,7-9,匆忙,cōngmáng,匆忙,cōngmáng
hsk30-b79-0636,7-9,葱,cōng,葱,cōng
hsk30-b79-0637,7-9,从今以后,cóng jīn yǐhòu,从今以后,cóng jīn yǐhòu
hsk30-b79-0638,7-9,从来不,cónglái bù,从来不,cónglái bù
hsk30-b79-0639,7-9,从容,cóngróng,从容,cóngróng
hsk30-b79-0640,7-9,从容不迫,cóngróng-bùpò,从容不迫,cóngróng-bùpò
hsk30-b79-0641,7-9,从头,cóngtóu,从头,cóngtóu
hsk30-b79-0642,7-9,从未,cóngwèi,从未,cóngwèi
hsk30-b79-0643,7-9,从业,cóngyè,从业,cóngyè
hsk30-b79-0644,7-9,从早到晚,cóngzǎo-dàowǎn,从早到晚,cóngzǎo-dàowǎn
hsk30-b79-0645,7-9,丛林,cónglín,丛林,cónglín
hsk30-b79-0646,7-9,凑,còu,凑,còu
hsk30-b79-0647,7-9,凑合,còuhe,凑合,còuhe
hsk30-b79-0648,7-9,凑巧,còuqiǎo,凑巧,còuqiǎo
hsk30-b79-0649,7-9,粗暴,cūbào,粗暴,cūbào
hsk30-b79-0650,7-9,粗糙,cūcāo,粗糙,cūcāo
hsk30-b79-0651,7-9,粗鲁,cūlǔ,粗鲁,cūlǔ
hsk30-b79-0652,7-9,粗略,cūlüè,粗略,cūlüè
hsk30-b79-0653,7-9,粗心大意,cūxīn-dàyì,粗心大意,cūxīn-dàyì
hsk30-b79-0654,7-9,促成,cùchéng,促成,cùchéng
hsk30-b79-0655,7-9,簇拥,cùyōng,簇拥,cùyōng
hsk30-b79-0656,7-9,窜,cuàn,窜,cuàn
hsk30-b79-0657,7-9,催,cuī,催,cuī
hsk30-b79-0658,7-9,催促,cuīcù,催促,cuīcù
hsk30-b79-0659,7-9,催眠,cuīmián,催眠,cuīmián
hsk30-b79-0660,7-9,摧毁,cuīhuǐ,摧毁,cuīhuǐ
hsk30-b79-0661,7-9,脆弱,cuìruò,脆弱,cuìruò
hsk30-b79-0662,7-9,翠绿,cuìlǜ,翠绿,cuìlǜ
hsk30-b79-0663,7-9,存放,cúnfàng,存放,cúnfàng
hsk30-b79-0664,7-9,存心,cúnxīn,存心,cúnxīn
hsk30-b79-0665,7-9,存折,cúnzhé,存折,cúnzhé
hsk30-b79-0666,7-9,搓,cuō,搓,cuō
hsk30-b79-0667,7-9,磋商,cuōshāng,磋商,cuōshāng
hsk30-b79-0668,7-9,挫折,cuòzhé,挫折,cuòzhé
hsk30-b79-0669,7-9,措手不及,cuòshǒu-bùjí,措手不及,cuòshǒu-bùjí
hsk30-b79-0670,7-9,错别字,cuòbiézì,错别字,cuòbiézì
hsk30-b79-0671,7-9,错觉,cuòjué,错觉,cuòjué
hsk30-b79-0672,7-9,错位,cuòwèi,错位,cuòwèi
hsk30-b79-0673,7-9,错综复杂,cuòzōng-fùzá,错综复杂,cuòzōng-fùzá
hsk30-b79-0674,7-9,搭乘,dāchéng,搭乘,dāchéng
hsk30-b79-0675,7-9,搭建,dājiàn,搭建,dājiàn
hsk30-b79-0676,7-9,达标,dábiāo,达标,dábiāo
hsk30-b79-0677,7-9,答辩,dábiàn,答辩,dábiàn
hsk30-b79-0678,7-9,打岔,dǎchà,打岔,dǎchà
hsk30-b79-0679,7-9,打倒,dǎdǎo,打倒,dǎdǎo
hsk30-b79-0680,7-9,打盹儿,dǎdǔnr,打盹儿,dǎdǔnr
hsk30-b79-0681,7-9,打交道,dǎ jiāodao,打交道,dǎ jiāodao
hsk30-b79-0682,7-9,打搅,dǎjiǎo,打搅,dǎjiǎo
hsk30-b79-0683,7-9,打捞,dǎlāo,打捞,dǎlāo
hsk30-b79-0684,7-9,打量,dǎliang,打量,dǎliang
hsk30-b79-0685,7-9,打猎,dǎliè,打猎,dǎliè
hsk30-b79-0686,7-9,打磨,dǎmó,打磨,dǎmó
hsk30-b79-0687,7-9,打通,dǎtōng,打通,dǎtōng
hsk30-b79-0688,7-9,打仗,dǎzhàng,打仗,dǎzhàng
hsk30-b79-0689,7-9,打招呼,dǎ zhāohu,打招呼,dǎ zhāohu
hsk30-b79-0690,7-9,大包大揽,dàbāo-dàlǎn,大包大揽,dàbāo-dàlǎn
hsk30-b79-0691,7-9,大笔,dàbǐ,大笔,dàbǐ
hsk30-b79-0692,7-9,大臣,dàchén,大臣,dàchén
hsk30-b79-0693,7-9,大吃一惊,dàchī-yījīng,大吃一惊,dàchī-yījīng
hsk30-b79-0694,7-9,大大咧咧,dàdaliēliē,大大咧咧,dàdaliēliē
hsk30-b79-0695,7-9,大地,dàdì,大地,dàdì
hsk30-b79-0696,7-9,大队,dàduì,大队,dàduì
hsk30-b79-0697,7-9,大幅度,dà fúdù,大幅度,dà fúdù
hsk30-b79-0698,7-9,大公无私,dàgōng-wúsī,大公无私,dàgōng-wúsī
hsk30-b79-0699,7-9,大家庭,dàjiātíng,大家庭,dàjiātíng
hsk30-b79-0700,7-9,大街小巷,dàjiē-xiǎoxiàng,大街小巷,dàjiē-xiǎoxiàng
hsk30-b79-0701,7-9,大惊小怪,dàjīng-xiǎoguài,大惊小怪,dàjīng-xiǎoguài
hsk30-b79-0702,7-9,大局,dàjú,大局,dàjú
hsk30-b79-0703,7-9,大款,dàkuǎn,大款,dàkuǎn
hsk30-b79-0704,7-9,大面积,dà miànjī,大面积,dà miànjī
hsk30-b79-0705,7-9,大名鼎鼎,dàmíng-dǐngdǐng,大名鼎鼎,dàmíng-dǐngdǐng
hsk30-b79-0706,7-9,大模大样,dàmú-dàyàng,大模大样,dàmú-dàyàng
hsk30-b79-0707,7-9,大棚,dàpéng,大棚,dàpéng
hsk30-b79-0708,7-9,大片,dàpiàn,大片,dàpiàn
hsk30-b79-0709,7-9,大气,dàqì,大气,dàqì
hsk30-b79-0710,7-9,大厦,dàshà,大厦,dàshà
hsk30-b79-0711,7-9,大数据,dàshùjù,大数据,dàshùjù
hsk30-b79-0712,7-9,大肆,dàsì,大肆,dàsì
hsk30-b79-0713,7-9,大体,dàtǐ,大体,dàtǐ
hsk30-b79-0714,7-9,大体上,dàtǐ shang,大体上,dàtǐ shang
hsk30-b79-0715,7-9,大同小异,dàtóng-xiǎoyì,大同小异,dàtóng-xiǎoyì
hsk30-b79-0716,7-9,大腕儿,dàwànr,大腕儿,dàwànr
hsk30-b79-0717,7-9,大选,dàxuǎn,大选,dàxuǎn
hsk30-b79-0718,7-9,大雁,dàyàn,大雁,dàyàn
hsk30-b79-0719,7-9,大意,dàyì,大意,dàyì
hsk30-b79-0720,7-9,大意,dàyi,大意,dàyi
hsk30-b79-0721,7-9,大有可为,dàyǒu-kěwéi,大有可为,dàyǒu-kěwéi
hsk30-b79-0722,7-9,大宗,dàzōng,大宗,dàzōng
hsk30-b79-0723,7-9,歹徒,dǎitú,歹徒,dǎitú
hsk30-b79-0724,7-9,逮,dǎi,逮,dǎi
hsk30-b79-0725,7-9,代号,dàihào,代号,dàihào
hsk30-b79-0726,7-9,代理人,dàilǐrén,代理人,dàilǐrén
hsk30-b79-0727,7-9,代言人,dàiyánrén,代言人,dàiyánrén
hsk30-b79-0728,7-9,带队,dàiduì,带队,dàiduì
hsk30-b79-0729,7-9,带路,dàilù,带路,dàilù
hsk30-b79-0730,7-9,带头,dàitóu,带头,dàitóu
hsk30-b79-0731,7-9,带头人,dàitóurén,带头人,dàitóurén
hsk30-b79-0732,7-9,待,dài,待,dài
hsk30-b79-0733,7-9,怠工,dàigōng,怠工,dàigōng
hsk30-b79-0734,7-9,怠慢,dàimàn,怠慢,dàimàn
hsk30-b79-0735,7-9,逮捕,dàibǔ,逮捕,dàibǔ
hsk30-b79-0736,7-9,担,dān,担,dān
hsk30-b79-0737,7-9,担当,dāndāng,担当,dāndāng
hsk30-b79-0738,7-9,担负,dānfù,担负,dānfù
hsk30-b79-0739,7-9,单边,dānbiān,单边,dānbiān
hsk30-b79-0740,7-9,单薄,dānbó,单薄,dānbó
hsk30-b79-0741,7-9,单方面,dānfāngmiàn,单方面,dānfāngmiàn
hsk30-b79-0742,7-9,单身,dānshēn,单身,dānshēn
hsk30-b79-0743,7-9,耽搁,dānge,耽搁,dānge
hsk30-b79-0744,7-9,耽误,dānwu,耽误,dānwu
hsk30-b79-0745,7-9,胆怯,dǎnqiè,胆怯,dǎnqiè
hsk30-b79-0746,7-9,胆子,dǎnzi,胆子,dǎnzi
hsk30-b79-0747,7-9,但愿,dànyuàn,但愿,dànyuàn
hsk30-b79-0748,7-9,担,dàn,担,dàn
hsk30-b79-0749,7-9,担子,dànzi,担子,dànzi
hsk30-b79-0750,7-9,诞辰,dànchén,诞辰,dànchén
hsk30-b79-0751,7-9,淡化,dànhuà,淡化,dànhuà
hsk30-b79-0752,7-9,淡季,dànjì,淡季,dànjì
hsk30-b79-0753,7-9,蛋白质,dànbáizhì,蛋白质,dànbáizhì
hsk30-b79-0754,7-9,当即,dāngjí,当即,dāngjí
hsk30-b79-0755,7-9,当今,dāngjīn,当今,dāngjīn
hsk30-b79-0756,7-9,当面,dāngmiàn,当面,dāngmiàn
hsk30-b79-0757,7-9,当日,dāngrì,当日,dāngrì
hsk30-b79-0758,7-9,当事人,dāngshìrén,当事人,dāngshìrén
hsk30-b79-0759,7-9,当务之急,dāngwùzhījí,当务之急,dāngwùzhījí
hsk30-b79-0760,7-9,当下,dāngxià,当下,dāngxià
hsk30-b79-0761,7-9,当心,dāngxīn,当心,dāngxīn
hsk30-b79-0762,7-9,当着,dāngzhe,当着,dāngzhe
hsk30-b79-0763,7-9,当之无愧,dāngzhīwúkuì,当之无愧,dāngzhīwúkuì
hsk30-b79-0764,7-9,当众,dāngzhòng,当众,dāngzhòng
hsk30-b79-0765,7-9,当晚,dàngwǎn,当晚,dàngwǎn
hsk30-b79-0766,7-9,当真,dàngzhēn,当真,dàngzhēn
hsk30-b79-0767,7-9,荡漾,dàngyàng,荡漾,dàngyàng
hsk30-b79-0768,7-9,档次,dàngcì,档次,dàngcì
hsk30-b79-0769,7-9,导弹,dǎodàn,导弹,dǎodàn
hsk30-b79-0770,7-9,导航,dǎoháng,导航,dǎoháng
hsk30-b79-0771,7-9,导火索,dǎohuǒsuǒ,导火索,dǎohuǒsuǒ
hsk30-b79-0772,7-9,导师,dǎoshī,导师,dǎoshī
hsk30-b79-0773,7-9,导向,dǎoxiàng,导向,dǎoxiàng
hsk30-b79-0774,7-9,岛屿,dǎoyǔ,岛屿,dǎoyǔ
hsk30-b79-0775,7-9,捣乱,dǎoluàn,捣乱,dǎoluàn
hsk30-b79-0776,7-9,倒卖,dǎomài,倒卖,dǎomài
hsk30-b79-0777,7-9,倒霉,dǎoméi,倒霉,dǎoméi
hsk30-b79-0778,7-9,倒塌,dǎotā,倒塌,dǎotā
hsk30-b79-0779,7-9,倒下,dǎoxia,倒下,dǎoxia
hsk30-b79-0780,7-9,到头来,dàotóulái,到头来,dàotóulái
hsk30-b79-0781,7-9,到位,dàowèi,到位,dàowèi
hsk30-b79-0782,7-9,倒计时,dàojìshí,倒计时,dàojìshí
hsk30-b79-0783,7-9,倒数,dàoshǔ,倒数,dàoshǔ
hsk30-b79-0784,7-9,盗,dào,盗,dào
hsk30-b79-0785,7-9,盗窃,dàoqiè,盗窃,dàoqiè
hsk30-b79-0786,7-9,悼念,dàoniàn,悼念,dàoniàn
hsk30-b79-0787,7-9,道具,dàojù,道具,dàojù
hsk30-b79-0788,7-9,稻草,dàocǎo,稻草,dàocǎo
hsk30-b79-0789,7-9,得不偿失,débùchángshī,得不偿失,débùchángshī
hsk30-b79-0790,7-9,得当,dédàng,得当,dédàng
hsk30-b79-0791,7-9,得力,délì,得力,délì
hsk30-b79-0792,7-9,得失,déshī,得失,déshī
hsk30-b79-0793,7-9,得手,déshǒu,得手,déshǒu
hsk30-b79-0794,7-9,得体,détǐ,得体,détǐ
hsk30-b79-0795,7-9,得天独厚,détiāndúhòu,得天独厚,détiāndúhòu
hsk30-b79-0796,7-9,得益于,déyì yú,得益于,déyì yú
hsk30-b79-0797,7-9,得意扬扬,déyì-yángyáng,得意扬扬,déyì-yángyáng
hsk30-b79-0798,7-9,得知,dézhī,得知,dézhī
hsk30-b79-0799,7-9,得罪,dézuì,得罪,dézuì
hsk30-b79-0800,7-9,德,dé,德,dé
hsk30-b79-0801,7-9,灯笼,dēnglong,灯笼,dēnglong
hsk30-b79-0802,7-9,灯泡,dēngpào,灯泡,dēngpào
hsk30-b79-0803,7-9,登机,dēngjī,登机,dēngjī
hsk30-b79-0804,7-9,登陆,dēnglù,登陆,dēnglù
hsk30-b79-0805,7-9,蹬,dēng,蹬,dēng
hsk30-b79-0806,7-9,凳子,dèngzi,凳子,dèngzi
hsk30-b79-0807,7-9,瞪,dèng,瞪,dèng
hsk30-b79-0808,7-9,低调,dīdiào,低调,dīdiào
hsk30-b79-0809,7-9,低估,dīgū,低估,dīgū
hsk30-b79-0810,7-9,低谷,dīgǔ,低谷,dīgǔ
hsk30-b79-0811,7-9,低价,dījià,低价,dījià
hsk30-b79-0812,7-9,低迷,dīmí,低迷,dīmí
hsk30-b79-0813,7-9,低碳,dītàn,低碳,dītàn
hsk30-b79-0814,7-9,低下,dīxià,低下,dīxià
hsk30-b79-0815,7-9,堤,dī,堤,dī
hsk30-b79-0816,7-9,堤坝,dībà,堤坝,dībà
hsk30-b79-0817,7-9,提防,dīfang,提防,dīfang
hsk30-b79-0818,7-9,笛子,dízi,笛子,dízi
hsk30-b79-0819,7-9,抵触,dǐchù,抵触,dǐchù
hsk30-b79-0820,7-9,抵挡,dǐdǎng,抵挡,dǐdǎng
hsk30-b79-0821,7-9,抵消,dǐxiāo,抵消,dǐxiāo
hsk30-b79-0822,7-9,抵押,dǐyā,抵押,dǐyā
hsk30-b79-0823,7-9,抵御,dǐyù,抵御,dǐyù
hsk30-b79-0824,7-9,抵制,dǐzhì,抵制,dǐzhì
hsk30-b79-0825,7-9,底层,dǐcéng,底层,dǐcéng
hsk30-b79-0826,7-9,底线,dǐxiàn,底线,dǐxiàn
hsk30-b79-0827,7-9,底蕴,dǐyùn,底蕴,dǐyùn
hsk30-b79-0828,7-9,底子,dǐzi,底子,dǐzi
hsk30-b79-0829,7-9,地步,dìbù,地步,dìbù
hsk30-b79-0830,7-9,地道,dìdào,地道,dìdào
hsk30-b79-0831,7-9,地道,dìdao,地道,dìdao
hsk30-b79-0832,7-9,地段,dìduàn,地段,dìduàn
hsk30-b79-0833,7-9,地理,dìlǐ,地理,dìlǐ
hsk30-b79-0834,7-9,地毯,dìtǎn,地毯,dìtǎn
hsk30-b79-0835,7-9,地下水,dìxiàshuǐ,地下水,dìxiàshuǐ
hsk30-b79-0836,7-9,地狱,dìyù,地狱,dìyù
hsk30-b79-0837,7-9,地域,dìyù,地域,dìyù
hsk30-b79-0838,7-9,地质,dìzhì,地质,dìzhì
hsk30-b79-0839,7-9,弟子,dìzǐ,弟子,dìzǐ
hsk30-b79-0840,7-9,帝国,dìguó,帝国,dìguó
hsk30-b79-0841,7-9,帝国主义,dìguó zhǔyì,帝国主义,dìguó zhǔyì
hsk30-b79-0842,7-9,递交,dìjiāo,递交,dìjiāo
hsk30-b79-0843,7-9,第一手,dìyīshǒu,第一手,dìyīshǒu
hsk30-b79-0844,7-9,第一线,dìyīxiàn,第一线,dìyīxiàn
hsk30-b79-0845,7-9,颠倒,diāndǎo,颠倒,diāndǎo
hsk30-b79-0846,7-9,颠覆,diānfù,颠覆,diānfù
hsk30-b79-0847,7-9,巅峰,diānfēng,巅峰,diānfēng
hsk30-b79-0848,7-9,典范,diǎnfàn,典范,diǎnfàn
hsk30-b79-0849,7-9,点火,diǎnhuǒ,点火,diǎnhuǒ
hsk30-b79-0850,7-9,点击率,diǎnjīlǜ,点击率,diǎnjīlǜ
hsk30-b79-0851,7-9,点评,diǎnpíng,点评,diǎnpíng
hsk30-b79-0852,7-9,点心,diǎnxin,点心,diǎnxin
hsk30-b79-0853,7-9,点缀,diǎnzhuì,点缀,diǎnzhuì
hsk30-b79-0854,7-9,点子,diǎnzi,点子,diǎnzi
hsk30-b79-0855,7-9,电报,diànbào,电报,diànbào
hsk30-b79-0856,7-9,电铃,diànlíng,电铃,diànlíng
hsk30-b79-0857,7-9,电网,diànwǎng,电网,diànwǎng
hsk30-b79-0858,7-9,电线,diànxiàn,电线,diànxiàn
hsk30-b79-0859,7-9,电信,diànxìn,电信,diànxìn
hsk30-b79-0860,7-9,电讯,diànxùn,电讯,diànxùn
hsk30-b79-0861,7-9,垫,diàn,垫,diàn
hsk30-b79-0862,7-9,垫底,diàndǐ,垫底,diàndǐ
hsk30-b79-0863,7-9,垫子,diànzi,垫子,diànzi
hsk30-b79-0864,7-9,淀粉,diànfěn,淀粉,diànfěn
hsk30-b79-0865,7-9,惦记,diànjì,惦记,diànjì
hsk30-b79-0866,7-9,奠定,diàndìng,奠定,diàndìng
hsk30-b79-0867,7-9,殿堂,diàntáng,殿堂,diàntáng
hsk30-b79-0868,7-9,刁难,diāonàn,刁难,diāonàn
hsk30-b79-0869,7-9,叼,diāo,叼,diāo
hsk30-b79-0870,7-9,雕,diāo,雕,diāo
hsk30-b79-0871,7-9,雕刻,diāokè,雕刻,diāokè
hsk30-b79-0872,7-9,雕塑,diāosù,雕塑,diāosù
hsk30-b79-0873,7-9,吊销,diàoxiāo,吊销,diàoxiāo
hsk30-b79-0874,7-9,钓鱼,diàoyú,钓鱼,diàoyú
hsk30-b79-0875,7-9,调度,diàodù,调度,diàodù
hsk30-b79-0876,7-9,掉队,diàoduì,掉队,diàoduì
hsk30-b79-0877,7-9,掉头,diàotóu,掉头,diàotóu
hsk30-b79-0878,7-9,爹,diē,爹,diē
hsk30-b79-0879,7-9,迭起,diéqǐ,迭起,diéqǐ
hsk30-b79-0880,7-9,叠,dié,叠,dié
hsk30-b79-0881,7-9,丁,dīng,丁,dīng
hsk30-b79-0882,7-9,叮嘱,dīngzhǔ,叮嘱,dīngzhǔ
hsk30-b79-0883,7-9,盯,dīng,盯,dīng
hsk30-b79-0884,7-9,钉子,dīngzi,钉子,dīngzi
hsk30-b79-0885,7-9,顶多,dǐngduō,顶多,dǐngduō
hsk30-b79-0886,7-9,顶级,dǐngjí,顶级,dǐngjí
hsk30-b79-0887,7-9,顶尖,dǐngjiān,顶尖,dǐngjiān
hsk30-b79-0888,7-9,订单,dìngdān,订单,dìngdān
hsk30-b79-0889,7-9,订购,dìnggòu,订购,dìnggòu
hsk30-b79-0890,7-9,订婚,dìnghūn,订婚,dìnghūn
hsk30-b79-0891,7-9,订立,dìnglì,订立,dìnglì
hsk30-b79-0892,7-9,钉,dìng,钉,dìng
hsk30-b79-0893,7-9,定金,dìngjīn,定金,dìngjīn
hsk30-b79-0894,7-9,定居,dìngjū,定居,dìngjū
hsk30-b79-0895,7-9,定论,dìnglùn,定论,dìnglùn
hsk30-b79-0896,7-9,定为,dìngwéi,定为,dìngwéi
hsk30-b79-0897,7-9,定向,dìngxiàng,定向,dìngxiàng
hsk30-b79-0898,7-9,定心丸,dìngxīnwán,定心丸,dìngxīnwán
hsk30-b79-0899,7-9,定义,dìngyì,定义,dìngyì
hsk30-b79-0900,7-9,定做,dìngzuò,定做,dìngzuò
hsk30-b79-0901,7-9,丢掉,diūdiào,丢掉,diūdiào
hsk30-b79-0902,7-9,丢脸,diūliǎn,丢脸,diūliǎn
hsk30-b79-0903,7-9,丢弃,diūqì,丢弃,diūqì
hsk30-b79-0904,7-9,丢人,diūrén,丢人,diūrén
hsk30-b79-0905,7-9,丢失,diūshī,丢失,diūshī
hsk30-b79-0906,7-9,东奔西走,dōngbēn-xīzǒu,东奔西走,dōngbēn-xīzǒu
hsk30-b79-0907,7-9,东道主,dōngdàozhǔ,东道主,dōngdàozhǔ
hsk30-b79-0908,7-9,东张西望,dōngzhāng-xīwàng,东张西望,dōngzhāng-xīwàng
hsk30-b79-0909,7-9,董事,dǒngshì,董事,dǒngshì
hsk30-b79-0910,7-9,董事会,dǒngshìhuì,董事会,dǒngshìhuì
hsk30-b79-0911,7-9,董事长,dǒngshìzhǎng,董事长,dǒngshìzhǎng
hsk30-b79-0912,7-9,懂事,dǒngshì,懂事,dǒngshì
hsk30-b79-0913,7-9,动不动,dòngbudòng,动不动,dòngbudòng
hsk30-b79-0914,7-9,动荡,dòngdàng,动荡,dòngdàng
hsk30-b79-0915,7-9,动感,dònggǎn,动感,dònggǎn
hsk30-b79-0916,7-9,动工,dònggōng,动工,dònggōng
hsk30-b79-0917,7-9,动静,dòngjing,动静,dòngjing
hsk30-b79-0918,7-9,动脉,dòngmài,动脉,dòngmài
hsk30-b79-0919,7-9,动身,dòngshēn,动身,dòngshēn
hsk30-b79-0920,7-9,动弹,dòngtan,动弹,dòngtan
hsk30-b79-0921,7-9,动听,dòngtīng,动听,dòngtīng
hsk30-b79-0922,7-9,动向,dòngxiàng,动向,dòngxiàng
hsk30-b79-0923,7-9,动用,dòngyòng,动用,dòngyòng
hsk30-b79-0924,7-9,冻结,dòngjié,冻结,dòngjié
hsk30-b79-0925,7-9,栋,dòng,栋,dòng
hsk30-b79-0926,7-9,栋梁,dòngliáng,栋梁,dòngliáng
hsk30-b79-0927,7-9,兜,dōu,兜,dōu
hsk30-b79-0928,7-9,兜儿,dōur,兜儿,dōur
hsk30-b79-0929,7-9,兜售,dōushòu,兜售,dōushòu
hsk30-b79-0930,7-9,抖,dǒu,抖,dǒu
hsk30-b79-0931,7-9,陡,dǒu,陡,dǒu
hsk30-b79-0932,7-9,斗,dòu,斗,dòu
hsk30-b79-0933,7-9,斗志,dòuzhì,斗志,dòuzhì
hsk30-b79-0934,7-9,豆浆,dòujiāng,豆浆,dòujiāng
hsk30-b79-0935,7-9,豆子,dòuzi,豆子,dòuzi
hsk30-b79-0936,7-9,逗,dòu,逗,dòu
hsk30-b79-0937,7-9,都会,dūhuì,都会,dūhuì
hsk30-b79-0938,7-9,督促,dūcù,督促,dūcù
hsk30-b79-0939,7-9,独,dú,独,dú
hsk30-b79-0940,7-9,独唱,dúchàng,独唱,dúchàng
hsk30-b79-0941,7-9,独家,dújiā,独家,dújiā
hsk30-b79-0942,7-9,独立自主,dúlì-zìzhǔ,独立自主,dúlì-zìzhǔ
hsk30-b79-0943,7-9,独身,dúshēn,独身,dúshēn
hsk30-b79-0944,7-9,独一无二,dúyī-wú'èr,独一无二,dúyī-wú'èr
hsk30-b79-0945,7-9,堵塞,dǔsè,堵塞,dǔsè
hsk30-b79-0946,7-9,杜绝,dùjué,杜绝,dùjué
hsk30-b79-0947,7-9,妒忌,dùjì,妒忌,dùjì
hsk30-b79-0948,7-9,度,dù,度（知名度）,dù(zhīmíngdù)
hsk30-b79-0949,7-9,度假,dùjià,度假,dùjià
hsk30-b79-0950,7-9,渡过,dùguò,渡过,dùguò
hsk30-b79-0951,7-9,端正,duānzhèng,端正,duānzhèng
hsk30-b79-0952,7-9,短缺,duǎnquē,短缺,duǎnquē
hsk30-b79-0953,7-9,短暂,duǎnzàn,短暂,duǎnzàn
hsk30-b79-0954,7-9,段落,duànluò,段落,duànluò
hsk30-b79-0955,7-9,断定,duàndìng,断定,duàndìng
hsk30-b79-0956,7-9,断断续续,duànduànxùxù,断断续续,duànduànxùxù
hsk30-b79-0957,7-9,断裂,duànliè,断裂,duànliè
hsk30-b79-0958,7-9,堆砌,duīqì,堆砌,duīqì
hsk30-b79-0959,7-9,队形,duìxíng,队形,duìxíng
hsk30-b79-0960,7-9,对白,duìbái,对白,duìbái
hsk30-b79-0961,7-9,对策,duìcè,对策,duìcè
hsk30-b79-0962,7-9,对称,duìchèn,对称,duìchèn
hsk30-b79-0963,7-9,对得起,duìdeqǐ,对得起,duìdeqǐ
hsk30-b79-0964,7-9,对联,duìlián,对联,duìlián
hsk30-b79-0965,7-9,对弈,duìyì,对弈,duìyì
hsk30-b79-0966,7-9,对照,duìzhào,对照,duìzhào
hsk30-b79-0967,7-9,对峙,duìzhì,对峙,duìzhì
hsk30-b79-0968,7-9,对准,duìzhǔn,对准,duìzhǔn
hsk30-b79-0969,7-9,兑换,duìhuàn,兑换,duìhuàn
hsk30-b79-0970,7-9,兑现,duìxiàn,兑现,duìxiàn
hsk30-b79-0971,7-9,敦促,dūncù,敦促,dūncù
hsk30-b79-0972,7-9,敦厚,dūnhòu,敦厚,dūnhòu
hsk30-b79-0973,7-9,炖,dùn,炖,dùn
hsk30-b79-0974,7-9,顿时,dùnshí,顿时,dùnshí
hsk30-b79-0975,7-9,多边,duōbiān,多边,duōbiān
hsk30-b79-0976,7-9,多功能,duōgōngnéng,多功能,duōgōngnéng
hsk30-b79-0977,7-9,多亏,duōkuī,多亏,duōkuī
hsk30-b79-0978,7-9,多劳多得,duōláo-duōdé,多劳多得,duōláo-duōdé
hsk30-b79-0979,7-9,多年来,duō nián lái,多年来,duō nián lái
hsk30-b79-0980,7-9,多心,duōxīn,多心,duōxīn
hsk30-b79-0981,7-9,多余,duōyú,多余,duōyú
hsk30-b79-0982,7-9,多元,duōyuán,多元,duōyuán
hsk30-b79-0983,7-9,哆嗦,duōsuo,哆嗦,duōsuo
hsk30-b79-0984,7-9,夺冠,duóguàn,夺冠,duóguàn
hsk30-b79-0985,7-9,夺魁,duókuí,夺魁,duókuí
hsk30-b79-0986,7-9,躲避,duǒbì,躲避,duǒbì
hsk30-b79-0987,7-9,躲藏,duǒcáng,躲藏,duǒcáng
hsk30-b79-0988,7-9,舵手,duòshǒu,舵手,duòshǒu
hsk30-b79-0989,7-9,堕落,duòluò,堕落,duòluò
hsk30-b79-0990,7-9,讹诈,ézhà,讹诈,ézhà
hsk30-b79-0991,7-9,俄语,Éyǔ,俄语,Éyǔ
hsk30-b79-0992,7-9,鹅,é,鹅,é
hsk30-b79-0993,7-9,额外,éwài,额外,éwài
hsk30-b79-0994,7-9,厄运,èyùn,厄运,èyùn
hsk30-b79-0995,7-9,恶,è,恶,è
hsk30-b79-0996,7-9,恶化,èhuà,恶化,èhuà
hsk30-b79-0997,7-9,恶劣,èliè,恶劣,èliè
hsk30-b79-0998,7-9,恶性,èxìng,恶性,èxìng
hsk30-b79-0999,7-9,恶意,èyì,恶意,èyì
hsk30-b79-1000,7-9,遏制,èzhì,遏制,èzhì
hsk30-b79-1001,7-9,鳄鱼,èyú,鳄鱼,èyú
hsk30-b79-1002,7-9,恩赐,ēncì,恩赐,ēncì
hsk30-b79-1003,7-9,恩惠,ēnhuì,恩惠,ēnhuì
hsk30-b79-1004,7-9,恩情,ēnqíng,恩情,ēnqíng
hsk30-b79-1005,7-9,恩怨,ēnyuàn,恩怨,ēnyuàn
hsk30-b79-1006,7-9,而已,éryǐ,而已,éryǐ
hsk30-b79-1007,7-9,耳光,ěrguāng,耳光,ěrguāng
hsk30-b79-1008,7-9,耳目一新,ěrmù-yīxīn,耳目一新,ěrmù-yīxīn
hsk30-b79-1009,7-9,耳熟能详,ěrshú-néngxiáng,耳熟能详,ěrshú-néngxiáng
hsk30-b79-1010,7-9,耳闻目睹,ěrwén-mùdǔ,耳闻目睹,ěrwén-mùdǔ
hsk30-b79-1011,7-9,二手车,èrshǒuchē,二手车,èrshǒuchē
hsk30-b79-1012,7-9,二氧化碳,èryǎnghuàtàn,二氧化碳,èryǎnghuàtàn
hsk30-b79-1013,7-9,发布会,fābùhuì,发布会,fābùhuì
hsk30-b79-1014,7-9,发财,fācái,发财,fācái
hsk30-b79-1015,7-9,发愁,fāchóu,发愁,fāchóu
hsk30-b79-1016,7-9,发电机,fādiànjī,发电机,fādiànjī
hsk30-b79-1017,7-9,发抖,fādǒu,发抖,fādǒu
hsk30-b79-1018,7-9,发愤图强,fāfèn-túqiáng,发愤图强,fāfèn-túqiáng
hsk30-b79-1019,7-9,发光,fāguāng,发光,fāguāng
hsk30-b79-1020,7-9,发火,fāhuǒ,发火,fāhuǒ
hsk30-b79-1021,7-9,发酵,fājiào,发酵,fājiào
hsk30-b79-1022,7-9,发掘,fājué,发掘,fājué
hsk30-b79-1023,7-9,发愣,fālèng,发愣,fālèng
hsk30-b79-1024,7-9,发脾气,fā píqi,发脾气,fā píqi
hsk30-b79-1025,7-9,发起人,fāqǐrén,发起人,fāqǐrén
hsk30-b79-1026,7-9,发热,fārè,发热,fārè
hsk30-b79-1027,7-9,发誓,fāshì,发誓,fāshì
hsk30-b79-1028,7-9,发泄,fāxiè,发泄,fāxiè
hsk30-b79-1029,7-9,发扬,fāyáng,发扬,fāyáng
hsk30-b79-1030,7-9,发扬光大,fāyáng-guāngdà,发扬光大,fāyáng-guāngdà
hsk30-b79-1031,7-9,发育,fāyù,发育,fāyù
hsk30-b79-1032,7-9,发源地,fāyuándì,发源地,fāyuándì
hsk30-b79-1033,7-9,发作,fāzuò,发作,fāzuò
hsk30-b79-1034,7-9,阀门,fámén,阀门,fámén
hsk30-b79-1035,7-9,发型,fàxíng,发型,fàxíng
hsk30-b79-1036,7-9,帆,fān,帆,fān
hsk30-b79-1037,7-9,帆船,fānchuán,帆船,fānchuán
hsk30-b79-1038,7-9,翻番,fānfān,翻番,fānfān
hsk30-b79-1039,7-9,翻来覆去,fānlái-fùqù,翻来覆去,fānlái-fùqù
hsk30-b79-1040,7-9,翻天覆地,fāntiān-fùdì,翻天覆地,fāntiān-fùdì
hsk30-b79-1041,7-9,凡,fán,凡,fán
hsk30-b79-1042,7-9,烦闷,fánmèn,烦闷,fánmèn
hsk30-b79-1043,7-9,烦恼,fánnǎo,烦恼,fánnǎo
hsk30-b79-1044,7-9,烦躁,fánzào,烦躁,fánzào
hsk30-b79-1045,7-9,繁华,fánhuá,繁华,fánhuá
hsk30-b79-1046,7-9,繁忙,fánmáng,繁忙,fánmáng
hsk30-b79-1047,7-9,繁体字,fántǐzì,繁体字,fántǐzì
hsk30-b79-1048,7-9,繁重,fánzhòng,繁重,fánzhòng
hsk30-b79-1049,7-9,反驳,fǎnbó,反驳,fǎnbó
hsk30-b79-1050,7-9,反差,fǎnchā,反差,fǎnchā
hsk30-b79-1051,7-9,反常,fǎncháng,反常,fǎncháng
hsk30-b79-1052,7-9,反倒,fǎndào,反倒,fǎndào
hsk30-b79-1053,7-9,反感,fǎngǎn,反感,fǎngǎn
hsk30-b79-1054,7-9,反过来,fǎn guòlái,反过来,fǎn guòlái
hsk30-b79-1055,7-9,反击,fǎnjī,反击,fǎnjī
hsk30-b79-1056,7-9,反馈,fǎnkuì,反馈,fǎnkuì
hsk30-b79-1057,7-9,反面,fǎnmiàn,反面,fǎnmiàn
hsk30-b79-1058,7-9,反思,fǎnsī,反思,fǎnsī
hsk30-b79-1059,7-9,反弹,fǎntán,反弹,fǎntán
hsk30-b79-1060,7-9,反省,fǎnxǐng,反省,fǎnxǐng
hsk30-b79-1061,7-9,返还,fǎnhuán,返还,fǎnhuán
hsk30-b79-1062,7-9,犯愁,fànchóu,犯愁,fànchóu
hsk30-b79-1063,7-9,饭碗,fànwǎn,饭碗,fànwǎn
hsk30-b79-1064,7-9,泛滥,fànlàn,泛滥,fànlàn
hsk30-b79-1065,7-9,范畴,fànchóu,范畴,fànchóu
hsk30-b79-1066,7-9,贩卖,fànmài,贩卖,fànmài
hsk30-b79-1067,7-9,方方面面,fāngfāngmiànmiàn,方方面面,fāngfāngmiànmiàn
hsk30-b79-1068,7-9,方向盘,fāngxiàngpán,方向盘,fāngxiàngpán
hsk30-b79-1069,7-9,方言,fāngyán,方言,fāngyán
hsk30-b79-1070,7-9,防盗,fángdào,防盗,fángdào
hsk30-b79-1071,7-9,防盗门,fángdàomén,防盗门,fángdàomén
hsk30-b79-1072,7-9,防护,fánghù,防护,fánghù
hsk30-b79-1073,7-9,防火墙,fánghuǒqiáng,防火墙,fánghuǒqiáng
hsk30-b79-1074,7-9,防卫,fángwèi,防卫,fángwèi
hsk30-b79-1075,7-9,防汛,fángxùn,防汛,fángxùn
hsk30-b79-1076,7-9,防疫,fángyì,防疫,fángyì
hsk30-b79-1077,7-9,防御,fángyù,防御,fángyù
hsk30-b79-1078,7-9,妨碍,fáng'ài,妨碍,fáng'ài
hsk30-b79-1079,7-9,妨害,fánghài,妨害,fánghài
hsk30-b79-1080,7-9,房地产,fángdìchǎn,房地产,fángdìchǎn
hsk30-b79-1081,7-9,仿,fǎng,仿,fǎng
hsk30-b79-1082,7-9,仿制,fǎngzhì,仿制,fǎngzhì
hsk30-b79-1083,7-9,访谈,fǎngtán,访谈,fǎngtán
hsk30-b79-1084,7-9,纺织,fǎngzhī,纺织,fǎngzhī
hsk30-b79-1085,7-9,放过,fàngguò,放过,fàngguò
hsk30-b79-1086,7-9,放水,fàngshuǐ,放水,fàngshuǐ
hsk30-b79-1087,7-9,放肆,fàngsì,放肆,fàngsì
hsk30-b79-1088,7-9,放映,fàngyìng,放映,fàngyìng
hsk30-b79-1089,7-9,放置,fàngzhì,放置,fàngzhì
hsk30-b79-1090,7-9,放纵,fàngzòng,放纵,fàngzòng
hsk30-b79-1091,7-9,飞速,fēisù,飞速,fēisù
hsk30-b79-1092,7-9,飞往,fēiwǎng,飞往,fēiwǎng
hsk30-b79-1093,7-9,飞翔,fēixiáng,飞翔,fēixiáng
hsk30-b79-1094,7-9,飞跃,fēiyuè,飞跃,fēiyuè
hsk30-b79-1095,7-9,非,fēi,非（非金属）,fēi (fēijīnshǔ)
hsk30-b79-1096,7-9,非得,fēiděi,非得,fēiděi
hsk30-b79-1097,7-9,非法,fēifǎ,非法,fēifǎ
hsk30-b79-1098,7-9,非凡,fēifán,非凡,fēifán
hsk30-b79-1099,7-9,绯闻,fēiwén,绯闻,fēiwén
hsk30-b79-1100,7-9,肥料,féiliào,肥料,féiliào
hsk30-b79-1101,7-9,肥胖,féipàng,肥胖,féipàng
hsk30-b79-1102,7-9,肥沃,féiwò,肥沃,féiwò
hsk30-b79-1103,7-9,肥皂,féizào,肥皂,féizào
hsk30-b79-1104,7-9,诽谤,fěibàng,诽谤,fěibàng
hsk30-b79-1105,7-9,废,fèi,废,fèi
hsk30-b79-1106,7-9,废除,fèichú,废除,fèichú
hsk30-b79-1107,7-9,废话,fèihuà,废话,fèihuà
hsk30-b79-1108,7-9,废品,fèipǐn,废品,fèipǐn
hsk30-b79-1109,7-9,废寝忘食,fèiqǐn-wàngshí,废寝忘食,fèiqǐn-wàngshí
hsk30-b79-1110,7-9,废物,fèiwù,废物,fèiwù
hsk30-b79-1111,7-9,废墟,fèixū,废墟,fèixū
hsk30-b79-1112,7-9,沸沸扬扬,fèifèiyángyáng,沸沸扬扬,fèifèiyángyáng
hsk30-b79-1113,7-9,沸腾,fèiténg,沸腾,fèiténg
hsk30-b79-1114,7-9,费劲,fèijìn,费劲,fèijìn
hsk30-b79-1115,7-9,分辨,fēnbiàn,分辨,fēnbiàn
hsk30-b79-1116,7-9,分寸,fēncun,分寸,fēncun
hsk30-b79-1117,7-9,分担,fēndān,分担,fēndān
hsk30-b79-1118,7-9,分割,fēngē,分割,fēngē
hsk30-b79-1119,7-9,分红,fēnhóng,分红,fēnhóng
hsk30-b79-1120,7-9,分化,fēnhuà,分化,fēnhuà
hsk30-b79-1121,7-9,分泌,fēnmì,分泌,fēnmì
hsk30-b79-1122,7-9,分明,fēnmíng,分明,fēnmíng
hsk30-b79-1123,7-9,分歧,fēnqí,分歧,fēnqí
hsk30-b79-1124,7-9,分赃,fēnzāng,分赃,fēnzāng
hsk30-b79-1125,7-9,分支,fēnzhī,分支,fēnzhī
hsk30-b79-1126,7-9,芬芳,fēnfāng,芬芳,fēnfāng
hsk30-b79-1127,7-9,吩咐,fēnfù,吩咐,fēnfù
hsk30-b79-1128,7-9,氛围,fēnwéi,氛围,fēnwéi
hsk30-b79-1129,7-9,坟,fén,坟,fén
hsk30-b79-1130,7-9,坟墓,fénmù,坟墓,fénmù
hsk30-b79-1131,7-9,焚烧,fénshāo,焚烧,fénshāo
hsk30-b79-1132,7-9,粉,fěn,粉,fěn
hsk30-b79-1133,7-9,粉丝,fěnsī,粉丝,fěnsī
hsk30-b79-1134,7-9,粉碎,fěnsuì,粉碎,fěnsuì
hsk30-b79-1135,7-9,分量,fènliàng,分量,fènliàng
hsk30-b79-1136,7-9,分外,fènwài,分外,fènwài
hsk30-b79-1137,7-9,份额,fèn'é,份额,fèn'é
hsk30-b79-1138,7-9,奋力,fènlì,奋力,fènlì
hsk30-b79-1139,7-9,奋勇,fènyǒng,奋勇,fènyǒng
hsk30-b79-1140,7-9,粪,fèn,粪,fèn
hsk30-b79-1141,7-9,粪便,fènbiàn,粪便,fènbiàn
hsk30-b79-1142,7-9,丰富多彩,fēngfù-duōcǎi,丰富多彩,fēngfù-duōcǎi
hsk30-b79-1143,7-9,丰厚,fēnghòu,丰厚,fēnghòu
hsk30-b79-1144,7-9,丰满,fēngmǎn,丰满,fēngmǎn
hsk30-b79-1145,7-9,丰盛,fēngshèng,丰盛,fēngshèng
hsk30-b79-1146,7-9,丰硕,fēngshuò,丰硕,fēngshuò
hsk30-b79-1147,7-9,风波,fēngbō,风波,fēngbō
hsk30-b79-1148,7-9,风采,fēngcǎi,风采,fēngcǎi
hsk30-b79-1149,7-9,风餐露宿,fēngcān-lùsù,风餐露宿,fēngcān-lùsù
hsk30-b79-1150,7-9,风范,fēngfàn,风范,fēngfàn
hsk30-b79-1151,7-9,风风雨雨,fēngfēngyǔyǔ,风风雨雨,fēngfēngyǔyǔ
hsk30-b79-1152,7-9,风和日丽,fēnghé-rìlì,风和日丽,fēnghé-rìlì
hsk30-b79-1153,7-9,风浪,fēnglàng,风浪,fēnglàng
hsk30-b79-1154,7-9,风力,fēnglì,风力,fēnglì
hsk30-b79-1155,7-9,风流,fēngliú,风流,fēngliú
hsk30-b79-1156,7-9,风貌,fēngmào,风貌,fēngmào
hsk30-b79-1157,7-9,风气,fēngqì,风气,fēngqì
hsk30-b79-1158,7-9,风情,fēngqíng,风情,fēngqíng
hsk30-b79-1159,7-9,风趣,fēngqù,风趣,fēngqù
hsk30-b79-1160,7-9,风沙,fēngshā,风沙,fēngshā
hsk30-b79-1161,7-9,风尚,fēngshàng,风尚,fēngshàng
hsk30-b79-1162,7-9,风水,fēngshuǐ,风水,fēngshuǐ
hsk30-b79-1163,7-9,风味,fēngwèi,风味,fēngwèi
hsk30-b79-1164,7-9,风雨,fēngyǔ,风雨,fēngyǔ
hsk30-b79-1165,7-9,风云,fēngyún,风云,fēngyún
hsk30-b79-1166,7-9,风筝,fēngzheng,风筝,fēngzheng
hsk30-b79-1167,7-9,封顶,fēngdǐng,封顶,fēngdǐng
hsk30-b79-1168,7-9,封建,fēngjiàn,封建,fēngjiàn
hsk30-b79-1169,7-9,封面,fēngmiàn,封面,fēngmiàn
hsk30-b79-1170,7-9,封锁,fēngsuǒ,封锁,fēngsuǒ
hsk30-b79-1171,7-9,疯子,fēngzi,疯子,fēngzi
hsk30-b79-1172,7-9,峰回路转,fēnghuí-lùzhuǎn,峰回路转,fēnghuí-lùzhuǎn
hsk30-b79-1173,7-9,蜂蜜,fēngmì,蜂蜜,fēngmì
hsk30-b79-1174,7-9,逢,féng,逢,féng
hsk30-b79-1175,7-9,缝,féng,缝,féng
hsk30-b79-1176,7-9,缝合,fénghé,缝合,fénghé
hsk30-b79-1177,7-9,讽刺,fěngcì,讽刺,fěngcì
hsk30-b79-1178,7-9,凤凰,fènghuáng,凤凰,fènghuáng
hsk30-b79-1179,7-9,缝,fèng,缝,fèng
hsk30-b79-1180,7-9,否决,fǒujué,否决,fǒujué
hsk30-b79-1181,7-9,孵化,fūhuà,孵化,fūhuà
hsk30-b79-1182,7-9,敷,fū,敷,fū
hsk30-b79-1183,7-9,扶持,fúchí,扶持,fúchí
hsk30-b79-1184,7-9,服饰,fúshì,服饰,fúshì
hsk30-b79-1185,7-9,服务器,fúwùqì,服务器,fúwùqì
hsk30-b79-1186,7-9,服用,fúyòng,服用,fúyòng
hsk30-b79-1187,7-9,俘获,fúhuò,俘获,fúhuò
hsk30-b79-1188,7-9,俘虏,fúlǔ,俘虏,fúlǔ
hsk30-b79-1189,7-9,浮力,fúlì,浮力,fúlì
hsk30-b79-1190,7-9,浮现,fúxiàn,浮现,fúxiàn
hsk30-b79-1191,7-9,浮躁,fúzào,浮躁,fúzào
hsk30-b79-1192,7-9,辐射,fúshè,辐射,fúshè
hsk30-b79-1193,7-9,福气,fúqi,福气,fúqi
hsk30-b79-1194,7-9,抚摸,fǔmō,抚摸,fǔmō
hsk30-b79-1195,7-9,抚恤,fǔxù,抚恤,fǔxù
hsk30-b79-1196,7-9,抚养,fǔyǎng,抚养,fǔyǎng
hsk30-b79-1197,7-9,抚养费,fǔyǎngfèi,抚养费,fǔyǎngfèi
hsk30-b79-1198,7-9,斧子,fǔzi,斧子,fǔzi
hsk30-b79-1199,7-9,俯首,fǔshǒu,俯首,fǔshǒu
hsk30-b79-1200,7-9,辅导,fǔdǎo,辅导,fǔdǎo
hsk30-b79-1201,7-9,腐败,fǔbài,腐败,fǔbài
hsk30-b79-1202,7-9,腐化,fǔhuà,腐化,fǔhuà
hsk30-b79-1203,7-9,腐烂,fǔlàn,腐烂,fǔlàn
hsk30-b79-1204,7-9,腐蚀,fǔshí,腐蚀,fǔshí
hsk30-b79-1205,7-9,腐朽,fǔxiǔ,腐朽,fǔxiǔ
hsk30-b79-1206,7-9,付费,fùfèi,付费,fùfèi
hsk30-b79-1207,7-9,付款,fùkuǎn,付款,fùkuǎn
hsk30-b79-1208,7-9,负面,fùmiàn,负面,fùmiàn
hsk30-b79-1209,7-9,负有,fùyǒu,负有,fùyǒu
hsk30-b79-1210,7-9,附,fù,附,fù
hsk30-b79-1211,7-9,附带,fùdài,附带,fùdài
hsk30-b79-1212,7-9,附和,fùhè,附和,fùhè
hsk30-b79-1213,7-9,附加,fùjiā,附加,fùjiā
hsk30-b79-1214,7-9,附属,fùshǔ,附属,fùshǔ
hsk30-b79-1215,7-9,赴,fù,赴,fù
hsk30-b79-1216,7-9,复查,fùchá,复查,fùchá
hsk30-b79-1217,7-9,复发,fùfā,复发,fùfā
hsk30-b79-1218,7-9,复合,fùhé,复合,fùhé
hsk30-b79-1219,7-9,复活,fùhuó,复活,fùhuó
hsk30-b79-1220,7-9,复兴,fùxīng,复兴,fùxīng
hsk30-b79-1221,7-9,复原,fùyuán,复原,fùyuán
hsk30-b79-1222,7-9,副作用,fùzuòyòng,副作用,fùzuòyòng
hsk30-b79-1223,7-9,赋予,fùyǔ,赋予,fùyǔ
hsk30-b79-1224,7-9,富含,fùhán,富含,fùhán
hsk30-b79-1225,7-9,富豪,fùháo,富豪,fùháo
hsk30-b79-1226,7-9,富强,fùqiáng,富强,fùqiáng
hsk30-b79-1227,7-9,富翁,fùwēng,富翁,fùwēng
hsk30-b79-1228,7-9,富裕,fùyù,富裕,fùyù
hsk30-b79-1229,7-9,富足,fùzú,富足,fùzú
hsk30-b79-1230,7-9,腹部,fùbù,腹部,fùbù
hsk30-b79-1231,7-9,腹泻,fùxiè,腹泻,fùxiè
hsk30-b79-1232,7-9,覆盖,fùgài,覆盖,fùgài
hsk30-b79-1233,7-9,该,gāi,该,gāi
hsk30-b79-1234,7-9,改版,gǎibǎn,改版,gǎibǎn
hsk30-b79-1235,7-9,改编,gǎibiān,改编,gǎibiān
hsk30-b79-1236,7-9,改动,gǎidòng,改动,gǎidòng
hsk30-b79-1237,7-9,改革开放,gǎigé kāifàng,改革开放,gǎigé kāifàng
hsk30-b79-1238,7-9,改良,gǎiliáng,改良,gǎiliáng
hsk30-b79-1239,7-9,改名,gǎimíng,改名,gǎimíng
hsk30-b79-1240,7-9,改日,gǎirì,改日,gǎirì
hsk30-b79-1241,7-9,改为,gǎiwéi,改为,gǎiwéi
hsk30-b79-1242,7-9,改邪归正,gǎixié-guīzhèng,改邪归正,gǎixié-guīzhèng
hsk30-b79-1243,7-9,钙,gài,钙,gài
hsk30-b79-1244,7-9,盖子,gàizi,盖子,gàizi
hsk30-b79-1245,7-9,概况,gàikuàng,概况,gàikuàng
hsk30-b79-1246,7-9,概率,gàilǜ,概率,gàilǜ
hsk30-b79-1247,7-9,概论,gàilùn,概论,gàilùn
hsk30-b79-1248,7-9,干戈,gāngē,干戈,gāngē
hsk30-b79-1249,7-9,干旱,gānhàn,干旱,gānhàn
hsk30-b79-1250,7-9,干燥,gānzào,干燥,gānzào
hsk30-b79-1251,7-9,甘心,gānxīn,甘心,gānxīn
hsk30-b79-1252,7-9,肝脏,gānzàng,肝脏,gānzàng
hsk30-b79-1253,7-9,尴尬,gāngà,尴尬,gāngà
hsk30-b79-1254,7-9,赶赴,gǎnfù,赶赴,gǎnfù
hsk30-b79-1255,7-9,赶往,gǎnwǎng,赶往,gǎnwǎng
hsk30-b79-1256,7-9,敢情,gǎnqing,敢情,gǎnqing
hsk30-b79-1257,7-9,感,gǎn,感（责任感）,gǎn (zérèngǎn)
hsk30-b79-1258,7-9,感触,gǎnchù,感触,gǎnchù
hsk30-b79-1259,7-9,感恩,gǎn'ēn,感恩,gǎn'ēn
hsk30-b79-1260,7-9,感激,gǎnjī,感激,gǎnjī
hsk30-b79-1261,7-9,感慨,gǎnkǎi,感慨,gǎnkǎi
hsk30-b79-1262,7-9,感染,gǎnrǎn,感染,gǎnrǎn
hsk30-b79-1263,7-9,感染力,gǎnrǎnlì,感染力,gǎnrǎnlì
hsk30-b79-1264,7-9,感叹,gǎntàn,感叹,gǎntàn
hsk30-b79-1265,7-9,感性,gǎnxìng,感性,gǎnxìng
hsk30-b79-1266,7-9,干部,gànbù,干部,gànbù
hsk30-b79-1267,7-9,干事,gànshi,干事,gànshi
hsk30-b79-1268,7-9,刚毅,gāngyì,刚毅,gāngyì
hsk30-b79-1269,7-9,纲领,gānglǐng,纲领,gānglǐng
hsk30-b79-1270,7-9,纲要,gāngyào,纲要,gāngyào
hsk30-b79-1271,7-9,钢,gāng,钢,gāng
hsk30-b79-1272,7-9,缸,gāng,缸,gāng
hsk30-b79-1273,7-9,港,gǎng,港,gǎng
hsk30-b79-1274,7-9,杠铃,gànglíng,杠铃,gànglíng
hsk30-b79-1275,7-9,高昂,gāo'áng,高昂,gāo'áng
hsk30-b79-1276,7-9,高傲,gāo'ào,高傲,gāo'ào
hsk30-b79-1277,7-9,高超,gāochāo,高超,gāochāo
hsk30-b79-1278,7-9,高低,gāodī,高低,gāodī
hsk30-b79-1279,7-9,高调,gāodiào,高调,gāodiào
hsk30-b79-1280,7-9,高额,gāo'é,高额,gāo'é
hsk30-b79-1281,7-9,高尔夫球,gāo'ěrfūqiú,高尔夫球,gāo'ěrfūqiú
hsk30-b79-1282,7-9,高峰期,gāofēngqī,高峰期,gāofēngqī
hsk30-b79-1283,7-9,高贵,gāoguì,高贵,gāoguì
hsk30-b79-1284,7-9,高空,gāokōng,高空,gāokōng
hsk30-b79-1285,7-9,高龄,gāolíng,高龄,gāolíng
hsk30-b79-1286,7-9,高明,gāomíng,高明,gāomíng
hsk30-b79-1287,7-9,高山,gāoshān,高山,gāoshān
hsk30-b79-1288,7-9,高效,gāoxiào,高效,gāoxiào
hsk30-b79-1289,7-9,高新技术,gāoxīn-jìshù,高新技术,gāoxīn-jìshù
hsk30-b79-1290,7-9,高血压,gāoxuèyā,高血压,gāoxuèyā
hsk30-b79-1291,7-9,高压,gāoyā,高压,gāoyā
hsk30-b79-1292,7-9,高雅,gāoyǎ,高雅,gāoyǎ
hsk30-b79-1293,7-9,高涨,gāozhǎng,高涨,gāozhǎng
hsk30-b79-1294,7-9,搞鬼,gǎoguǐ,搞鬼,gǎoguǐ
hsk30-b79-1295,7-9,搞笑,gǎoxiào,搞笑,gǎoxiào
hsk30-b79-1296,7-9,告,gào,告,gào
hsk30-b79-1297,7-9,告辞,gàocí,告辞,gàocí
hsk30-b79-1298,7-9,告诫,gàojiè,告诫,gàojiè
hsk30-b79-1299,7-9,告示,gàoshi,告示,gàoshi
hsk30-b79-1300,7-9,告知,gàozhī,告知,gàozhī
hsk30-b79-1301,7-9,告状,gàozhuàng,告状,gàozhuàng
hsk30-b79-1302,7-9,戈壁,gēbì,戈壁,gēbì
hsk30-b79-1303,7-9,胳膊,gēbo,胳膊,gēbo
hsk30-b79-1304,7-9,鸽子,gēzi,鸽子,gēzi
hsk30-b79-1305,7-9,搁,gē,搁,gē
hsk30-b79-1306,7-9,搁浅,gēqiǎn,搁浅,gēqiǎn
hsk30-b79-1307,7-9,搁置,gēzhì,搁置,gēzhì
hsk30-b79-1308,7-9,割,gē,割,gē
hsk30-b79-1309,7-9,歌剧,gējù,歌剧,gējù
hsk30-b79-1310,7-9,歌颂,gēsòng,歌颂,gēsòng
hsk30-b79-1311,7-9,歌舞,gēwǔ,歌舞,gēwǔ
hsk30-b79-1312,7-9,歌咏,gēyǒng,歌咏,gēyǒng
hsk30-b79-1313,7-9,革命,gémìng,革命,gémìng
hsk30-b79-1314,7-9,格,gé,格,gé
hsk30-b79-1315,7-9,格格不入,gégé-bùrù,格格不入,gégé-bùrù
hsk30-b79-1316,7-9,格局,géjú,格局,géjú
hsk30-b79-1317,7-9,格式,géshi,格式,géshi
hsk30-b79-1318,7-9,隔阂,géhé,隔阂,géhé
hsk30-b79-1319,7-9,隔离,gélí,隔离,gélí
hsk30-b79-1320,7-9,个案,gè'àn,个案,gè'àn
hsk30-b79-1321,7-9,个头儿,gètóur,个头儿,gètóur
hsk30-b79-1322,7-9,各奔前程,gèbènqiánchéng,各奔前程,gèbènqiánchéng
hsk30-b79-1323,7-9,各式各样,gèshì-gèyàng,各式各样,gèshì-gèyàng
hsk30-b79-1324,7-9,根基,gēnjī,根基,gēnjī
hsk30-b79-1325,7-9,根深蒂固,gēnshēn-dìgù,根深蒂固,gēnshēn-dìgù
hsk30-b79-1326,7-9,根源,gēnyuán,根源,gēnyuán
hsk30-b79-1327,7-9,根治,gēnzhì,根治,gēnzhì
hsk30-b79-1328,7-9,跟不上,gēn bu shàng,跟不上,gēn bu shàng
hsk30-b79-1329,7-9,跟上,gēnshang,跟上,gēnshang
hsk30-b79-1330,7-9,跟踪,gēnzōng,跟踪,gēnzōng
hsk30-b79-1331,7-9,更改,gēnggǎi,更改,gēnggǎi
hsk30-b79-1332,7-9,更衣室,gēngyīshì,更衣室,gēngyīshì
hsk30-b79-1333,7-9,耕地,gēngdì,耕地,gēngdì
hsk30-b79-1334,7-9,耿直,gěngzhí,耿直,gěngzhí
hsk30-b79-1335,7-9,工地,gōngdì,工地,gōngdì
hsk30-b79-1336,7-9,工会,gōnghuì,工会,gōnghuì
hsk30-b79-1337,7-9,工科,gōngkē,工科,gōngkē
hsk30-b79-1338,7-9,工商界,gōngshāngjiè,工商界,gōngshāngjiè
hsk30-b79-1339,7-9,工序,gōngxù,工序,gōngxù
hsk30-b79-1340,7-9,工整,gōngzhěng,工整,gōngzhěng
hsk30-b79-1341,7-9,工作量,gōngzuòliàng,工作量,gōngzuòliàng
hsk30-b79-1342,7-9,弓,gōng,弓,gōng
hsk30-b79-1343,7-9,公安局,gōng'ānjú,公安局,gōng'ānjú
hsk30-b79-1344,7-9,公车,gōngchē,公车,gōngchē
hsk30-b79-1345,7-9,公道,gōngdao,公道,gōngdao
hsk30-b79-1346,7-9,公费,gōngfèi,公费,gōngfèi
hsk30-b79-1347,7-9,公共场所,gōnggòng chǎngsuǒ,公共场所,gōnggòng chǎngsuǒ
hsk30-b79-1348,7-9,公关,gōngguān,公关,gōngguān
hsk30-b79-1349,7-9,公函,gōnghán,公函,gōnghán
hsk30-b79-1350,7-9,公积金,gōngjījīn,公积金,gōngjījīn
hsk30-b79-1351,7-9,公开信,gōngkāixìn,公开信,gōngkāixìn
hsk30-b79-1352,7-9,公款,gōngkuǎn,公款,gōngkuǎn
hsk30-b79-1353,7-9,公立,gōnglì,公立,gōnglì
hsk30-b79-1354,7-9,公墓,gōngmù,公墓,gōngmù
hsk30-b79-1355,7-9,公仆,gōngpú,公仆,gōngpú
hsk30-b79-1356,7-9,公顷,gōngqǐng,公顷,gōngqǐng
hsk30-b79-1357,7-9,公然,gōngrán,公然,gōngrán
hsk30-b79-1358,7-9,公示,gōngshì,公示,gōngshì
hsk30-b79-1359,7-9,公事,gōngshì,公事,gōngshì
hsk30-b79-1360,7-9,公务,gōngwù,公务,gōngwù
hsk30-b79-1361,7-9,公益,gōngyì,公益,gōngyì
hsk30-b79-1362,7-9,公益性,gōngyìxìng,公益性,gōngyìxìng
hsk30-b79-1363,7-9,公用,gōngyòng,公用,gōngyòng
hsk30-b79-1364,7-9,公寓,gōngyù,公寓,gōngyù
hsk30-b79-1365,7-9,公约,gōngyuē,公约,gōngyuē
hsk30-b79-1366,7-9,公证,gōngzhèng,公证,gōngzhèng
hsk30-b79-1367,7-9,公职,gōngzhí,公职,gōngzhí
hsk30-b79-1368,7-9,功,gōng,功,gōng
hsk30-b79-1369,7-9,功臣,gōngchén,功臣,gōngchén
hsk30-b79-1370,7-9,功底,gōngdǐ,功底,gōngdǐ
hsk30-b79-1371,7-9,功劳,gōngláo,功劳,gōngláo
hsk30-b79-1372,7-9,功力,gōnglì,功力,gōnglì
hsk30-b79-1373,7-9,功率,gōnglǜ,功率,gōnglǜ
hsk30-b79-1374,7-9,功效,gōngxiào,功效,gōngxiào
hsk30-b79-1375,7-9,攻,gōng,攻,gōng
hsk30-b79-1376,7-9,攻读,gōngdú,攻读,gōngdú
hsk30-b79-1377,7-9,攻关,gōngguān,攻关,gōngguān
hsk30-b79-1378,7-9,供,gōng,供,gōng
hsk30-b79-1379,7-9,供不应求,gōngbùyìngqiú,供不应求,gōngbùyìngqiú
hsk30-b79-1380,7-9,供暖,gōngnuǎn,供暖,gōngnuǎn
hsk30-b79-1381,7-9,供求,gōngqiú,供求,gōngqiú
hsk30-b79-1382,7-9,宫殿,gōngdiàn,宫殿,gōngdiàn
hsk30-b79-1383,7-9,宫廷,gōngtíng,宫廷,gōngtíng
hsk30-b79-1384,7-9,恭维,gōngwéi,恭维,gōngwéi
hsk30-b79-1385,7-9,恭喜,gōngxǐ,恭喜,gōngxǐ
hsk30-b79-1386,7-9,拱,gǒng,拱,gǒng
hsk30-b79-1387,7-9,共鸣,gòngmíng,共鸣,gòngmíng
hsk30-b79-1388,7-9,共识,gòngshí,共识,gòngshí
hsk30-b79-1389,7-9,共同体,gòngtóngtǐ,共同体,gòngtóngtǐ
hsk30-b79-1390,7-9,共性,gòngxìng,共性,gòngxìng
hsk30-b79-1391,7-9,供奉,gòngfèng,供奉,gòngfèng
hsk30-b79-1392,7-9,勾,gōu,勾,gōu
hsk30-b79-1393,7-9,勾画,gōuhuà,勾画,gōuhuà
hsk30-b79-1394,7-9,勾结,gōujié,勾结,gōujié
hsk30-b79-1395,7-9,钩,gōu,钩,gōu
hsk30-b79-1396,7-9,钩子,gōuzi,钩子,gōuzi
hsk30-b79-1397,7-9,构思,gòusī,构思,gòusī
hsk30-b79-1398,7-9,构想,gòuxiǎng,构想,gòuxiǎng
hsk30-b79-1399,7-9,购,gòu,购,gòu
hsk30-b79-1400,7-9,够呛,gòuqiàng,够呛,gòuqiàng
hsk30-b79-1401,7-9,估算,gūsuàn,估算,gūsuàn
hsk30-b79-1402,7-9,沽名钓誉,gūmíng-diàoyù,沽名钓誉,gūmíng-diàoyù
hsk30-b79-1403,7-9,孤单,gūdān,孤单,gūdān
hsk30-b79-1404,7-9,孤立,gūlì,孤立,gūlì
hsk30-b79-1405,7-9,孤零零,gūlínglíng,孤零零,gūlínglíng
hsk30-b79-1406,7-9,孤陋寡闻,gūlòu-guǎwén,孤陋寡闻,gūlòu-guǎwén
hsk30-b79-1407,7-9,辜负,gūfù,辜负,gūfù
hsk30-b79-1408,7-9,古董,gǔdǒng,古董,gǔdǒng
hsk30-b79-1409,7-9,古怪,gǔguài,古怪,gǔguài
hsk30-b79-1410,7-9,古迹,gǔjì,古迹,gǔjì
hsk30-b79-1411,7-9,古今中外,gǔjīn-zhōngwài,古今中外,gǔjīn-zhōngwài
hsk30-b79-1412,7-9,古朴,gǔpǔ,古朴,gǔpǔ
hsk30-b79-1413,7-9,古人,gǔrén,古人,gǔrén
hsk30-b79-1414,7-9,股份,gǔfèn,股份,gǔfèn
hsk30-b79-1415,7-9,股民,gǔmín,股民,gǔmín
hsk30-b79-1416,7-9,股市,gǔshì,股市,gǔshì
hsk30-b79-1417,7-9,骨干,gǔgàn,骨干,gǔgàn
hsk30-b79-1418,7-9,骨气,gǔqì,骨气,gǔqì
hsk30-b79-1419,7-9,骨折,gǔzhé,骨折,gǔzhé
hsk30-b79-1420,7-9,鼓动,gǔdòng,鼓动,gǔdòng
hsk30-b79-1421,7-9,鼓舞,gǔwǔ,鼓舞,gǔwǔ
hsk30-b79-1422,7-9,固然,gùrán,固然,gùrán
hsk30-b79-1423,7-9,固执,gùzhi,固执,gùzhi
hsk30-b79-1424,7-9,故,gù,故,gù
hsk30-b79-1425,7-9,顾不得,gùbu dé,顾不得,gùbu dé
hsk30-b79-1426,7-9,顾不上,gùbushàng,顾不上,gùbushàng
hsk30-b79-1427,7-9,顾及,gùjí,顾及,gùjí
hsk30-b79-1428,7-9,顾虑,gùlǜ,顾虑,gùlǜ
hsk30-b79-1429,7-9,顾全大局,gùquán-dàjú,顾全大局,gùquán-dàjú
hsk30-b79-1430,7-9,雇,gù,雇,gù
hsk30-b79-1431,7-9,雇佣,gùyōng,雇佣,gùyōng
hsk30-b79-1432,7-9,雇员,gùyuán,雇员,gùyuán
hsk30-b79-1433,7-9,雇主,gùzhǔ,雇主,gùzhǔ
hsk30-b79-1434,7-9,瓜分,guāfēn,瓜分,guāfēn
hsk30-b79-1435,7-9,瓜子,guāzǐ,瓜子,guāzǐ
hsk30-b79-1436,7-9,刮风,guā fēng,刮风,guā fēng
hsk30-b79-1437,7-9,寡妇,guǎfu,寡妇,guǎfu
hsk30-b79-1438,7-9,挂钩,guàgōu,挂钩,guàgōu
hsk30-b79-1439,7-9,挂号,guàhào,挂号,guàhào
hsk30-b79-1440,7-9,挂念,guàniàn,挂念,guàniàn
hsk30-b79-1441,7-9,挂失,guàshī,挂失,guàshī
hsk30-b79-1442,7-9,乖,guāi,乖,guāi
hsk30-b79-1443,7-9,乖巧,guāiqiǎo,乖巧,guāiqiǎo
hsk30-b79-1444,7-9,拐弯,guǎiwān,拐弯,guǎiwān
hsk30-b79-1445,7-9,拐杖,guǎizhàng,拐杖,guǎizhàng
hsk30-b79-1446,7-9,怪不得,guàibude,怪不得,guàibude
hsk30-b79-1447,7-9,怪物,guàiwu,怪物,guàiwu
hsk30-b79-1448,7-9,怪异,guàiyì,怪异,guàiyì
hsk30-b79-1449,7-9,关掉,guāndiào,关掉,guāndiào
hsk30-b79-1450,7-9,关节,guānjié,关节,guānjié
hsk30-b79-1451,7-9,关税,guānshuì,关税,guānshuì
hsk30-b79-1452,7-9,关头,guāntóu,关头,guāntóu
hsk30-b79-1453,7-9,关照,guānzhào,关照,guānzhào
hsk30-b79-1454,7-9,观测,guāncè,观测,guāncè
hsk30-b79-1455,7-9,观感,guāngǎn,观感,guāngǎn
hsk30-b79-1456,7-9,观摩,guānmó,观摩,guānmó
hsk30-b79-1457,7-9,观赏,guānshǎng,观赏,guānshǎng
hsk30-b79-1458,7-9,观望,guānwàng,观望,guānwàng
hsk30-b79-1459,7-9,官兵,guānbīng,官兵,guānbīng
hsk30-b79-1460,7-9,官吏,guānlì,官吏,guānlì
hsk30-b79-1461,7-9,官僚,guānliáo,官僚,guānliáo
hsk30-b79-1462,7-9,官僚主义,guānliáo zhǔyì,官僚主义,guānliáo zhǔyì
hsk30-b79-1463,7-9,官员,guānyuán,官员,guānyuán
hsk30-b79-1464,7-9,棺材,guāncai,棺材,guāncai
hsk30-b79-1465,7-9,管家,guǎnjiā,管家,guǎnjiā
hsk30-b79-1466,7-9,管教,guǎnjiào,管教,guǎnjiào
hsk30-b79-1467,7-9,管理费,guǎnlǐfèi,管理费,guǎnlǐfèi
hsk30-b79-1468,7-9,管辖,guǎnxiá,管辖,guǎnxiá
hsk30-b79-1469,7-9,管用,guǎnyòng,管用,guǎnyòng
hsk30-b79-1470,7-9,管子,guǎnzi,管子,guǎnzi
hsk30-b79-1471,7-9,贯彻,guànchè,贯彻,guànchè
hsk30-b79-1472,7-9,贯穿,guànchuān,贯穿,guànchuān
hsk30-b79-1473,7-9,贯通,guàntōng,贯通,guàntōng
hsk30-b79-1474,7-9,惯,guàn,惯,guàn
hsk30-b79-1475,7-9,惯例,guànlì,惯例,guànlì
hsk30-b79-1476,7-9,惯性,guànxìng,惯性,guànxìng
hsk30-b79-1477,7-9,灌,guàn,灌,guàn
hsk30-b79-1478,7-9,灌溉,guàngài,灌溉,guàngài
hsk30-b79-1479,7-9,灌输,guànshū,灌输,guànshū
hsk30-b79-1480,7-9,罐,guàn,罐,guàn
hsk30-b79-1481,7-9,罐头,guàntou,罐头,guàntou
hsk30-b79-1482,7-9,光彩,guāngcǎi,光彩,guāngcǎi
hsk30-b79-1483,7-9,光碟,guāngdié,光碟,guāngdié
hsk30-b79-1484,7-9,光顾,guānggù,光顾,guānggù
hsk30-b79-1485,7-9,光滑,guānghuá,光滑,guānghuá
hsk30-b79-1486,7-9,光环,guānghuán,光环,guānghuán
hsk30-b79-1487,7-9,光缆,guānglǎn,光缆,guānglǎn
hsk30-b79-1488,7-9,光芒,guāngmáng,光芒,guāngmáng
hsk30-b79-1489,7-9,光明磊落,guāngmíng-lěiluò,光明磊落,guāngmíng-lěiluò
hsk30-b79-1490,7-9,光泽,guāngzé,光泽,guāngzé
hsk30-b79-1491,7-9,广义,guǎngyì,广义,guǎngyì
hsk30-b79-1492,7-9,归根到底,guīgēn-dàodǐ,归根到底,guīgēn-dàodǐ
hsk30-b79-1493,7-9,归还,guīhuán,归还,guīhuán
hsk30-b79-1494,7-9,归结,guījié,归结,guījié
hsk30-b79-1495,7-9,归来,guīlái,归来,guīlái
hsk30-b79-1496,7-9,归纳,guīnà,归纳,guīnà
hsk30-b79-1497,7-9,归属,guīshǔ,归属,guīshǔ
hsk30-b79-1498,7-9,归宿,guīsù,归宿,guīsù
hsk30-b79-1499,7-9,龟,guī,龟,guī
hsk30-b79-1500,7-9,规格,guīgé,规格,guīgé
hsk30-b79-1501,7-9,规矩,guīju,规矩,guīju
hsk30-b79-1502,7-9,闺女,guīnü,闺女,guīnü
hsk30-b79-1503,7-9,瑰宝,guībǎo,瑰宝,guībǎo
hsk30-b79-1504,7-9,轨迹,guǐjì,轨迹,guǐjì
hsk30-b79-1505,7-9,柜台,guìtái,柜台,guìtái
hsk30-b79-1506,7-9,贵宾,guìbīn,贵宾,guìbīn
hsk30-b79-1507,7-9,贵重,guìzhòng,贵重,guìzhòng
hsk30-b79-1508,7-9,贵族,guìzú,贵族,guìzú
hsk30-b79-1509,7-9,桂花,guìhuā,桂花,guìhuā
hsk30-b79-1510,7-9,滚动,gǔndòng,滚动,gǔndòng
hsk30-b79-1511,7-9,棍,gùn,棍,gùn
hsk30-b79-1512,7-9,棍子,gùnzi,棍子,gùnzi
hsk30-b79-1513,7-9,国宝,guóbǎo,国宝,guóbǎo
hsk30-b79-1514,7-9,国防,guófáng,国防,guófáng
hsk30-b79-1515,7-9,国画,guóhuà,国画,guóhuà
hsk30-b79-1516,7-9,国徽,guóhuī,国徽,guóhuī
hsk30-b79-1517,7-9,国情,guóqíng,国情,guóqíng
hsk30-b79-1518,7-9,国土,guótǔ,国土,guótǔ
hsk30-b79-1519,7-9,国学,guóxué,国学,guóxué
hsk30-b79-1520,7-9,国有,guóyǒu,国有,guóyǒu
hsk30-b79-1521,7-9,果断,guǒduàn,果断,guǒduàn
hsk30-b79-1522,7-9,果园,guǒyuán,果园,guǒyuán
hsk30-b79-1523,7-9,果真,guǒzhēn,果真,guǒzhēn
hsk30-b79-1524,7-9,裹,guǒ,裹,guǒ
hsk30-b79-1525,7-9,过半,guòbàn,过半,guòbàn
hsk30-b79-1526,7-9,过不去,guòbuqù,过不去,guòbuqù
hsk30-b79-1527,7-9,过错,guòcuò,过错,guòcuò
hsk30-b79-1528,7-9,过道,guòdào,过道,guòdào
hsk30-b79-1529,7-9,过关,guòguān,过关,guòguān
hsk30-b79-1530,7-9,过奖,guòjiǎng,过奖,guòjiǎng
hsk30-b79-1531,7-9,过节,guòjié,过节,guòjié
hsk30-b79-1532,7-9,过境,guòjìng,过境,guòjìng
hsk30-b79-1533,7-9,过滤,guòlǜ,过滤,guòlǜ
hsk30-b79-1534,7-9,过期,guòqī,过期,guòqī
hsk30-b79-1535,7-9,过日子,guò rìzi,过日子,guò rìzi
hsk30-b79-1536,7-9,过剩,guòshèng,过剩,guòshèng
hsk30-b79-1537,7-9,过失,guòshī,过失,guòshī
hsk30-b79-1538,7-9,过头,guòtóu,过头,guòtóu
hsk30-b79-1539,7-9,过往,guòwǎng,过往,guòwǎng
hsk30-b79-1540,7-9,过意不去,guòyìbùqù,过意不去,guòyìbùqù
hsk30-b79-1541,7-9,过瘾,guòyǐn,过瘾,guòyǐn
hsk30-b79-1542,7-9,过硬,guòyìng,过硬,guòyìng
hsk30-b79-1543,7-9,过早,guò zǎo,过早,guò zǎo
hsk30-b79-1544,7-9,海岸,hǎi'àn,海岸,hǎi'àn
hsk30-b79-1545,7-9,海拔,hǎibá,海拔,hǎibá
hsk30-b79-1546,7-9,海滨,hǎibīn,海滨,hǎibīn
hsk30-b79-1547,7-9,海盗,hǎidào,海盗,hǎidào
hsk30-b79-1548,7-9,海量,hǎiliàng,海量,hǎiliàng
hsk30-b79-1549,7-9,海绵,hǎimián,海绵,hǎimián
hsk30-b79-1550,7-9,海面,hǎimiàn,海面,hǎimiàn
hsk30-b79-1551,7-9,海内外,hǎi nèiwài,海内外,hǎi nèiwài
hsk30-b79-1552,7-9,海滩,hǎitān,海滩,hǎitān
hsk30-b79-1553,7-9,海峡,hǎixiá,海峡,hǎixiá
hsk30-b79-1554,7-9,海啸,hǎixiào,海啸,hǎixiào
hsk30-b79-1555,7-9,海域,hǎiyù,海域,hǎiyù
hsk30-b79-1556,7-9,海运,hǎiyùn,海运,hǎiyùn
hsk30-b79-1557,7-9,海藻,hǎizǎo,海藻,hǎizǎo
hsk30-b79-1558,7-9,骇人听闻,hàiréntīngwén,骇人听闻,hàiréntīngwén
hsk30-b79-1559,7-9,害虫,hàichóng,害虫,hàichóng
hsk30-b79-1560,7-9,害臊,hàisào,害臊,hàisào
hsk30-b79-1561,7-9,害羞,hàixiū,害羞,hàixiū
hsk30-b79-1562,7-9,酣畅,hānchàng,酣畅,hānchàng
hsk30-b79-1563,7-9,酣睡,hānshuì,酣睡,hānshuì
hsk30-b79-1564,7-9,含糊,hánhu,含糊,hánhu
hsk30-b79-1565,7-9,含蓄,hánxù,含蓄,hánxù
hsk30-b79-1566,7-9,函授,hánshòu,函授,hánshòu
hsk30-b79-1567,7-9,涵盖,hángài,涵盖,hángài
hsk30-b79-1568,7-9,涵义,hányì,涵义,hányì
hsk30-b79-1569,7-9,罕见,hǎnjiàn,罕见,hǎnjiàn
hsk30-b79-1570,7-9,汗水,hànshuǐ,汗水,hànshuǐ
hsk30-b79-1571,7-9,旱,hàn,旱,hàn
hsk30-b79-1572,7-9,旱灾,hànzāi,旱灾,hànzāi
hsk30-b79-1573,7-9,捍卫,hànwèi,捍卫,hànwèi
hsk30-b79-1574,7-9,焊,hàn,焊,hàn
hsk30-b79-1575,7-9,行家,hángjia,行家,hángjia
hsk30-b79-1576,7-9,行列,hángliè,行列,hángliè
hsk30-b79-1577,7-9,行情,hángqíng,行情,hángqíng
hsk30-b79-1578,7-9,航海,hánghǎi,航海,hánghǎi
hsk30-b79-1579,7-9,航天,hángtiān,航天,hángtiān
hsk30-b79-1580,7-9,航天员,hángtiānyuán,航天员,hángtiānyuán
hsk30-b79-1581,7-9,航行,hángxíng,航行,hángxíng
hsk30-b79-1582,7-9,航运,hángyùn,航运,hángyùn
hsk30-b79-1583,7-9,毫不,háo bù,毫不,háo bù
hsk30-b79-1584,7-9,毫不犹豫,háo bù yóuyù,毫不犹豫,háo bù yóuyù
hsk30-b79-1585,7-9,毫无,háo wú,毫无,háo wú
hsk30-b79-1586,7-9,豪华,háohuá,豪华,háohuá
hsk30-b79-1587,7-9,好比,hǎobǐ,好比,hǎobǐ
hsk30-b79-1588,7-9,好歹,hǎodǎi,好歹,hǎodǎi
hsk30-b79-1589,7-9,好感,hǎogǎn,好感,hǎogǎn
hsk30-b79-1590,7-9,好坏,hǎohuài,好坏,hǎohuài
hsk30-b79-1591,7-9,好家伙,hǎojiāhuo,好家伙,hǎojiāhuo
hsk30-b79-1592,7-9,好评,hǎopíng,好评,hǎopíng
hsk30-b79-1593,7-9,好说,hǎoshuō,好说,hǎoshuō
hsk30-b79-1594,7-9,好笑,hǎoxiào,好笑,hǎoxiào
hsk30-b79-1595,7-9,好心,hǎoxīn,好心,hǎoxīn
hsk30-b79-1596,7-9,好心人,hǎoxīnrén,好心人,hǎoxīnrén
hsk30-b79-1597,7-9,好意,hǎoyì,好意,hǎoyì
hsk30-b79-1598,7-9,好在,hǎozài,好在,hǎozài
hsk30-b79-1599,7-9,号称,hàochēng,号称,hàochēng
hsk30-b79-1600,7-9,好客,hàokè,好客,hàokè
hsk30-b79-1601,7-9,好奇心,hàoqíxīn,好奇心,hàoqíxīn
hsk30-b79-1602,7-9,耗,hào,耗,hào
hsk30-b79-1603,7-9,耗费,hàofèi,耗费,hàofèi
hsk30-b79-1604,7-9,耗时,hàoshí,耗时,hàoshí
hsk30-b79-1605,7-9,浩劫,hàojié,浩劫,hàojié
hsk30-b79-1606,7-9,呵护,hēhù,呵护,hēhù
hsk30-b79-1607,7-9,禾苗,hémiáo,禾苗,hémiáo
hsk30-b79-1608,7-9,合唱,héchàng,合唱,héchàng
hsk30-b79-1609,7-9,合乎,héhū,合乎,héhū
hsk30-b79-1610,7-9,合伙,héhuǒ,合伙,héhuǒ
hsk30-b79-1611,7-9,合计,héjì,合计,héjì
hsk30-b79-1612,7-9,合情合理,héqíng-hélǐ,合情合理,héqíng-hélǐ
hsk30-b79-1613,7-9,合影,héyǐng,合影,héyǐng
hsk30-b79-1614,7-9,合资,hézī,合资,hézī
hsk30-b79-1615,7-9,合作社,hézuòshè,合作社,hézuòshè
hsk30-b79-1616,7-9,何必,hébì,何必,hébì
hsk30-b79-1617,7-9,何处,hé chù,何处,hé chù
hsk30-b79-1618,7-9,何苦,hékǔ,何苦,hékǔ
hsk30-b79-1619,7-9,何况,hékuàng,何况,hékuàng
hsk30-b79-1620,7-9,何时,hé shí,何时,hé shí
hsk30-b79-1621,7-9,和蔼,hé'ǎi,和蔼,hé'ǎi
hsk30-b79-1622,7-9,和解,héjiě,和解,héjiě
hsk30-b79-1623,7-9,和睦,hémù,和睦,hémù
hsk30-b79-1624,7-9,和平共处,hépíng gòngchǔ,和平共处,hépíng gòngchǔ
hsk30-b79-1625,7-9,和气,héqi,和气,héqi
hsk30-b79-1626,7-9,和尚,héshang,和尚,héshang
hsk30-b79-1627,7-9,河流,héliú,河流,héliú
hsk30-b79-1628,7-9,河畔,hépàn,河畔,hépàn
hsk30-b79-1629,7-9,荷花,héhuā,荷花,héhuā
hsk30-b79-1630,7-9,核,hé,核,hé
hsk30-b79-1631,7-9,核电站,hédiànzhàn,核电站,hédiànzhàn
hsk30-b79-1632,7-9,核对,héduì,核对,héduì
hsk30-b79-1633,7-9,核能,hénéng,核能,hénéng
hsk30-b79-1634,7-9,核实,héshí,核实,héshí
hsk30-b79-1635,7-9,核桃,hétao,核桃,hétao
hsk30-b79-1636,7-9,核武器,héwǔqì,核武器,héwǔqì
hsk30-b79-1637,7-9,贺电,hèdiàn,贺电,hèdiàn
hsk30-b79-1638,7-9,贺信,hèxìn,贺信,hèxìn
hsk30-b79-1639,7-9,喝彩,hècǎi,喝彩,hècǎi
hsk30-b79-1640,7-9,赫然,hèrán,赫然,hèrán
hsk30-b79-1641,7-9,鹤立鸡群,hèlìjīqún,鹤立鸡群,hèlìjīqún
hsk30-b79-1642,7-9,黑白,hēibái,黑白,hēibái
hsk30-b79-1643,7-9,黑客,hēikè,黑客,hēikè
hsk30-b79-1644,7-9,黑马,hēimǎ,黑马,hēimǎ
hsk30-b79-1645,7-9,黑手,hēishǒu,黑手,hēishǒu
hsk30-b79-1646,7-9,黑心,hēixīn,黑心,hēixīn
hsk30-b79-1647,7-9,嘿,hēi,嘿,hēi
hsk30-b79-1648,7-9,痕迹,hénjì,痕迹,hénjì
hsk30-b79-1649,7-9,恨不得,hènbude,恨不得,hènbude
hsk30-b79-1650,7-9,哼,hēng,哼,hēng
hsk30-b79-1651,7-9,横七竖八,héngqī-shùbā,横七竖八,héngqī-shùbā
hsk30-b79-1652,7-9,横向,héngxiàng,横向,héngxiàng
hsk30-b79-1653,7-9,横,hèng,横,hèng
hsk30-b79-1654,7-9,轰,hōng,轰,hōng
hsk30-b79-1655,7-9,轰动,hōngdòng,轰动,hōngdòng
hsk30-b79-1656,7-9,轰炸,hōngzhà,轰炸,hōngzhà
hsk30-b79-1657,7-9,哄,hōng,哄,hōng
hsk30-b79-1658,7-9,哄堂大笑,hōngtáng-dàxiào,哄堂大笑,hōngtáng-dàxiào
hsk30-b79-1659,7-9,烘干,hōnggān,烘干,hōnggān
hsk30-b79-1660,7-9,烘托,hōngtuō,烘托,hōngtuō
hsk30-b79-1661,7-9,弘扬,hóngyáng,弘扬,hóngyáng
hsk30-b79-1662,7-9,红灯,hóngdēng,红灯,hóngdēng
hsk30-b79-1663,7-9,红火,hónghuo,红火,hónghuo
hsk30-b79-1664,7-9,红扑扑,hóngpūpū,红扑扑,hóngpūpū
hsk30-b79-1665,7-9,红润,hóngrùn,红润,hóngrùn
hsk30-b79-1666,7-9,红薯,hóngshǔ,红薯,hóngshǔ
hsk30-b79-1667,7-9,红眼,hóngyǎn,红眼,hóngyǎn
hsk30-b79-1668,7-9,宏观,hóngguān,宏观,hóngguān
hsk30-b79-1669,7-9,宏伟,hóngwěi,宏伟,hóngwěi
hsk30-b79-1670,7-9,洪亮,hóngliàng,洪亮,hóngliàng
hsk30-b79-1671,7-9,哄,hǒng,哄,hǒng
hsk30-b79-1672,7-9,哄,hòng,哄,hòng
hsk30-b79-1673,7-9,喉咙,hóulóng,喉咙,hóulóng
hsk30-b79-1674,7-9,吼,hǒu,吼,hǒu
hsk30-b79-1675,7-9,后备,hòubèi,后备,hòubèi
hsk30-b79-1676,7-9,后备箱,hòubèixiāng,后备箱,hòubèixiāng
hsk30-b79-1677,7-9,后代,hòudài,后代,hòudài
hsk30-b79-1678,7-9,后盾,hòudùn,后盾,hòudùn
hsk30-b79-1679,7-9,后顾之忧,hòugùzhīyōu,后顾之忧,hòugùzhīyōu
hsk30-b79-1680,7-9,后期,hòuqī,后期,hòuqī
hsk30-b79-1681,7-9,后勤,hòuqín,后勤,hòuqín
hsk30-b79-1682,7-9,后人,hòurén,后人,hòurén
hsk30-b79-1683,7-9,后台,hòutái,后台,hòutái
hsk30-b79-1684,7-9,后退,hòutuì,后退,hòutuì
hsk30-b79-1685,7-9,后续,hòuxù,后续,hòuxù
hsk30-b79-1686,7-9,后遗症,hòuyízhèng,后遗症,hòuyízhèng
hsk30-b79-1687,7-9,后裔,hòuyì,后裔,hòuyì
hsk30-b79-1688,7-9,后者,hòuzhě,后者,hòuzhě
hsk30-b79-1689,7-9,厚道,hòudao,厚道,hòudao
hsk30-b79-1690,7-9,厚度,hòudù,厚度,hòudù
hsk30-b79-1691,7-9,候选人,hòuxuǎnrén,候选人,hòuxuǎnrén
hsk30-b79-1692,7-9,呼风唤雨,hūfēng-huànyǔ,呼风唤雨,hūfēng-huànyǔ
hsk30-b79-1693,7-9,呼唤,hūhuàn,呼唤,hūhuàn
hsk30-b79-1694,7-9,呼救,hūjiù,呼救,hūjiù
hsk30-b79-1695,7-9,呼声,hūshēng,呼声,hūshēng
hsk30-b79-1696,7-9,呼应,hūyìng,呼应,hūyìng
hsk30-b79-1697,7-9,呼吁,hūyù,呼吁,hūyù
hsk30-b79-1698,7-9,忽高忽低,hūgāo-hūdī,忽高忽低,hūgāo-hūdī
hsk30-b79-1699,7-9,忽悠,hūyou,忽悠,hūyou
hsk30-b79-1700,7-9,胡闹,húnào,胡闹,húnào
hsk30-b79-1701,7-9,胡说,húshuō,胡说,húshuō
hsk30-b79-1702,7-9,胡思乱想,húsī-luànxiǎng,胡思乱想,húsī-luànxiǎng
hsk30-b79-1703,7-9,湖泊,húpō,湖泊,húpō
hsk30-b79-1704,7-9,糊,hú,糊,hú
hsk30-b79-1705,7-9,糊涂,hútu,糊涂,hútu
hsk30-b79-1706,7-9,互补,hùbǔ,互补,hùbǔ
hsk30-b79-1707,7-9,互访,hùfǎng,互访,hùfǎng
hsk30-b79-1708,7-9,互信,hùxìn,互信,hùxìn
hsk30-b79-1709,7-9,互助,hùzhù,互助,hùzhù
hsk30-b79-1710,7-9,护理,hùlǐ,护理,hùlǐ
hsk30-b79-1711,7-9,花瓣,huābàn,花瓣,huābàn
hsk30-b79-1712,7-9,花卉,huāhuì,花卉,huāhuì
hsk30-b79-1713,7-9,花纹,huāwén,花纹,huāwén
hsk30-b79-1714,7-9,花样,huāyàng,花样,huāyàng
hsk30-b79-1715,7-9,划算,huásuàn,划算,huásuàn
hsk30-b79-1716,7-9,华丽,huálì,华丽,huálì
hsk30-b79-1717,7-9,华侨,huáqiáo,华侨,huáqiáo
hsk30-b79-1718,7-9,华裔,huáyì,华裔,huáyì
hsk30-b79-1719,7-9,哗变,huábiàn,哗变,huábiàn
hsk30-b79-1720,7-9,哗然,huárán,哗然,huárán
hsk30-b79-1721,7-9,滑冰,huábīng,滑冰,huábīng
hsk30-b79-1722,7-9,滑稽,huájī,滑稽,huájī
hsk30-b79-1723,7-9,滑梯,huátī,滑梯,huátī
hsk30-b79-1724,7-9,滑雪,huáxuě,滑雪,huáxuě
hsk30-b79-1725,7-9,化肥,huàféi,化肥,huàféi
hsk30-b79-1726,7-9,化身,huàshēn,化身,huàshēn
hsk30-b79-1727,7-9,化纤,huàxiān,化纤,huàxiān
hsk30-b79-1728,7-9,化险为夷,huàxiǎnwéiyí,化险为夷,huàxiǎnwéiyí
hsk30-b79-1729,7-9,化验,huàyàn,化验,huàyàn
hsk30-b79-1730,7-9,化妆,huàzhuāng,化妆,huàzhuāng
hsk30-b79-1731,7-9,划时代,huàshídài,划时代,huàshídài
hsk30-b79-1732,7-9,画册,huàcè,画册,huàcè
hsk30-b79-1733,7-9,画龙点睛,huàlóng-diǎnjīng,画龙点睛,huàlóng-diǎnjīng
hsk30-b79-1734,7-9,画蛇添足,huàshé-tiānzú,画蛇添足,huàshé-tiānzú
hsk30-b79-1735,7-9,画展,huàzhǎn,画展,huàzhǎn
hsk30-b79-1736,7-9,话费,huàfèi,话费,huàfèi
hsk30-b79-1737,7-9,话筒,huàtǒng,话筒,huàtǒng
hsk30-b79-1738,7-9,话语,huàyǔ,话语,huàyǔ
hsk30-b79-1739,7-9,怀抱,huáibào,怀抱,huáibào
hsk30-b79-1740,7-9,怀旧,huáijiù,怀旧,huáijiù
hsk30-b79-1741,7-9,怀里,huái li,怀里,huái li
hsk30-b79-1742,7-9,怀孕,huáiyùn,怀孕,huáiyùn
hsk30-b79-1743,7-9,怀着,huáizhe,怀着,huáizhe
hsk30-b79-1744,7-9,槐树,huáishù,槐树,huáishù
hsk30-b79-1745,7-9,坏事,huàishì,坏事,huàishì
hsk30-b79-1746,7-9,欢呼,huānhū,欢呼,huānhū
hsk30-b79-1747,7-9,欢聚,huānjù,欢聚,huānjù
hsk30-b79-1748,7-9,欢快,huānkuài,欢快,huānkuài
hsk30-b79-1749,7-9,欢声笑语,huānshēng-xiàoyǔ,欢声笑语,huānshēng-xiàoyǔ
hsk30-b79-1750,7-9,还款,huán kuǎn,还款,huán kuǎn
hsk30-b79-1751,7-9,还原,huányuán,还原,huányuán
hsk30-b79-1752,7-9,环球,huánqiú,环球,huánqiú
hsk30-b79-1753,7-9,环绕,huánrào,环绕,huánrào
hsk30-b79-1754,7-9,缓,huǎn,缓,huǎn
hsk30-b79-1755,7-9,缓和,huǎnhé,缓和,huǎnhé
hsk30-b79-1756,7-9,缓缓,huǎnhuǎn,缓缓,huǎnhuǎn
hsk30-b79-1757,7-9,缓慢,huǎnmàn,缓慢,huǎnmàn
hsk30-b79-1758,7-9,幻觉,huànjué,幻觉,huànjué
hsk30-b79-1759,7-9,幻影,huànyǐng,幻影,huànyǐng
hsk30-b79-1760,7-9,换成,huànchéng,换成,huànchéng
hsk30-b79-1761,7-9,换取,huànqǔ,换取,huànqǔ
hsk30-b79-1762,7-9,换位,huànwèi,换位,huànwèi
hsk30-b79-1763,7-9,换言之,huànyánzhī,换言之,huànyánzhī
hsk30-b79-1764,7-9,唤起,huànqǐ,唤起,huànqǐ
hsk30-b79-1765,7-9,患,huàn,患,huàn
hsk30-b79-1766,7-9,患病,huànbìng,患病,huànbìng
hsk30-b79-1767,7-9,患有,huànyǒu,患有,huànyǒu
hsk30-b79-1768,7-9,焕发,huànfā,焕发,huànfā
hsk30-b79-1769,7-9,荒,huāng,荒,huāng
hsk30-b79-1770,7-9,荒诞,huāngdàn,荒诞,huāngdàn
hsk30-b79-1771,7-9,荒凉,huāngliáng,荒凉,huāngliáng
hsk30-b79-1772,7-9,荒谬,huāngmiù,荒谬,huāngmiù
hsk30-b79-1773,7-9,慌乱,huāngluàn,慌乱,huāngluàn
hsk30-b79-1774,7-9,慌张,huāngzhāng,慌张,huāngzhāng
hsk30-b79-1775,7-9,皇宫,huánggōng,皇宫,huánggōng
hsk30-b79-1776,7-9,皇后,huánghòu,皇后,huánghòu
hsk30-b79-1777,7-9,皇上,huángshang,皇上,huángshang
hsk30-b79-1778,7-9,皇室,huángshì,皇室,huángshì
hsk30-b79-1779,7-9,黄昏,huánghūn,黄昏,huánghūn
hsk30-b79-1780,7-9,恍然大悟,huǎngrán-dàwù,恍然大悟,huǎngrán-dàwù
hsk30-b79-1781,7-9,晃,huǎng,晃,huǎng
hsk30-b79-1782,7-9,谎话,huǎnghuà,谎话,huǎnghuà
hsk30-b79-1783,7-9,谎言,huǎngyán,谎言,huǎngyán
hsk30-b79-1784,7-9,晃,huàng,晃,huàng
hsk30-b79-1785,7-9,晃荡,huàngdang,晃荡,huàngdang
hsk30-b79-1786,7-9,灰,huī,灰,huī
hsk30-b79-1787,7-9,灰尘,huīchén,灰尘,huīchén
hsk30-b79-1788,7-9,灰心,huīxīn,灰心,huīxīn
hsk30-b79-1789,7-9,挥,huī,挥,huī
hsk30-b79-1790,7-9,辉煌,huīhuáng,辉煌,huīhuáng
hsk30-b79-1791,7-9,回归,huíguī,回归,huíguī
hsk30-b79-1792,7-9,回扣,huíkòu,回扣,huíkòu
hsk30-b79-1793,7-9,回馈,huíkuì,回馈,huíkuì
hsk30-b79-1794,7-9,回落,huíluò,回落,huíluò
hsk30-b79-1795,7-9,回升,huíshēng,回升,huíshēng
hsk30-b79-1796,7-9,回首,huíshǒu,回首,huíshǒu
hsk30-b79-1797,7-9,回味,huíwèi,回味,huíwèi
hsk30-b79-1798,7-9,回想,huíxiǎng,回想,huíxiǎng
hsk30-b79-1799,7-9,回忆录,huíyìlù,回忆录,huíyìlù
hsk30-b79-1800,7-9,悔恨,huǐhèn,悔恨,huǐhèn
hsk30-b79-1801,7-9,毁坏,huǐhuài,毁坏,huǐhuài
hsk30-b79-1802,7-9,毁灭,huǐmiè,毁灭,huǐmiè
hsk30-b79-1803,7-9,汇合,huìhé,汇合,huìhé
hsk30-b79-1804,7-9,汇集,huìjí,汇集,huìjí
hsk30-b79-1805,7-9,汇聚,huìjù,汇聚,huìjù
hsk30-b79-1806,7-9,会场,huìchǎng,会场,huìchǎng
hsk30-b79-1807,7-9,会面,huìmiàn,会面,huìmiàn
hsk30-b79-1808,7-9,会晤,huìwù,会晤,huìwù
hsk30-b79-1809,7-9,会意,huìyì,会意,huìyì
hsk30-b79-1810,7-9,会诊,huìzhěn,会诊,huìzhěn
hsk30-b79-1811,7-9,绘声绘色,huìshēng-huìsè,绘声绘色,huìshēng-huìsè
hsk30-b79-1812,7-9,贿赂,huìlù,贿赂,huìlù
hsk30-b79-1813,7-9,昏迷,hūnmí,昏迷,hūnmí
hsk30-b79-1814,7-9,婚纱,hūnshā,婚纱,hūnshā
hsk30-b79-1815,7-9,婚姻,hūnyīn,婚姻,hūnyīn
hsk30-b79-1816,7-9,浑身,húnshēn,浑身,húnshēn
hsk30-b79-1817,7-9,魂,hún,魂,hún
hsk30-b79-1818,7-9,混凝土,hùnníngtǔ,混凝土,hùnníngtǔ
hsk30-b79-1819,7-9,混淆,hùnxiáo,混淆,hùnxiáo
hsk30-b79-1820,7-9,混浊,hùnzhuó,混浊,hùnzhuó
hsk30-b79-1821,7-9,豁,huō,豁,huō
hsk30-b79-1822,7-9,豁出去,huōchuqu,豁出去,huōchuqu
hsk30-b79-1823,7-9,活该,huógāi,活该,huógāi
hsk30-b79-1824,7-9,活期,huóqī,活期,huóqī
hsk30-b79-1825,7-9,活儿,huór,活儿,huór
hsk30-b79-1826,7-9,火暴,huǒbào,火暴,huǒbào
hsk30-b79-1827,7-9,火锅,huǒguō,火锅,huǒguō
hsk30-b79-1828,7-9,火候,huǒhou,火候,huǒhou
hsk30-b79-1829,7-9,火花,huǒhuā,火花,huǒhuā
hsk30-b79-1830,7-9,火炬,huǒjù,火炬,huǒjù
hsk30-b79-1831,7-9,火辣辣,huǒlàlà,火辣辣,huǒlàlà
hsk30-b79-1832,7-9,火热,huǒrè,火热,huǒrè
hsk30-b79-1833,7-9,火山,huǒshān,火山,huǒshān
hsk30-b79-1834,7-9,火速,huǒsù,火速,huǒsù
hsk30-b79-1835,7-9,火焰,huǒyàn,火焰,huǒyàn
hsk30-b79-1836,7-9,火药,huǒyào,火药,huǒyào
hsk30-b79-1837,7-9,伙食,huǒshí,伙食,huǒshí
hsk30-b79-1838,7-9,或多或少,huòduō-huòshǎo,或多或少,huòduō-huòshǎo
hsk30-b79-1839,7-9,货币,huòbì,货币,huòbì
hsk30-b79-1840,7-9,货车,huòchē,货车,huòchē
hsk30-b79-1841,7-9,货物,huòwù,货物,huòwù
hsk30-b79-1842,7-9,货运,huòyùn,货运,huòyùn
hsk30-b79-1843,7-9,获胜,huòshèng,获胜,huòshèng
hsk30-b79-1844,7-9,获悉,huòxī,获悉,huòxī
hsk30-b79-1845,7-9,祸害,huòhai,祸害,huòhai
hsk30-b79-1846,7-9,霍乱,huòluàn,霍乱,huòluàn
hsk30-b79-1847,7-9,豁达,huòdá,豁达,huòdá
hsk30-b79-1848,7-9,几率,jīlǜ,几率,jīlǜ
hsk30-b79-1849,7-9,讥笑,jīxiào,讥笑,jīxiào
hsk30-b79-1850,7-9,饥饿,jī'è,饥饿,jī'è
hsk30-b79-1851,7-9,机舱,jīcāng,机舱,jīcāng
hsk30-b79-1852,7-9,机动,jīdòng,机动,jīdòng
hsk30-b79-1853,7-9,机灵,jīling,机灵,jīling
hsk30-b79-1854,7-9,机密,jīmì,机密,jīmì
hsk30-b79-1855,7-9,机智,jīzhì,机智,jīzhì
hsk30-b79-1856,7-9,肌肤,jīfū,肌肤,jīfū
hsk30-b79-1857,7-9,积,jī,积,jī
hsk30-b79-1858,7-9,积淀,jīdiàn,积淀,jīdiàn
hsk30-b79-1859,7-9,积蓄,jīxù,积蓄,jīxù
hsk30-b79-1860,7-9,基本功,jīběngōng,基本功,jīběngōng
hsk30-b79-1861,7-9,基层,jīcéng,基层,jīcéng
hsk30-b79-1862,7-9,基因,jīyīn,基因,jīyīn
hsk30-b79-1863,7-9,基于,jīyú,基于,jīyú
hsk30-b79-1864,7-9,基准,jīzhǔn,基准,jīzhǔn
hsk30-b79-1865,7-9,畸形,jīxíng,畸形,jīxíng
hsk30-b79-1866,7-9,激发,jīfā,激发,jīfā
hsk30-b79-1867,7-9,激光,jīguāng,激光,jīguāng
hsk30-b79-1868,7-9,激化,jīhuà,激化,jīhuà
hsk30-b79-1869,7-9,激活,jīhuó,激活,jīhuó
hsk30-b79-1870,7-9,激励,jīlì,激励,jīlì
hsk30-b79-1871,7-9,激起,jīqǐ,激起,jīqǐ
hsk30-b79-1872,7-9,激素,jīsù,激素,jīsù
hsk30-b79-1873,7-9,及,jí,及,jí
hsk30-b79-1874,7-9,及其,jí qí,及其,jí qí
hsk30-b79-1875,7-9,及早,jízǎo,及早,jízǎo
hsk30-b79-1876,7-9,吉普,jípǔ,吉普,jípǔ
hsk30-b79-1877,7-9,吉他,jítā,吉他,jítā
hsk30-b79-1878,7-9,吉祥物,jíxiángwù,吉祥物,jíxiángwù
hsk30-b79-1879,7-9,级别,jíbié,级别,jíbié
hsk30-b79-1880,7-9,极度,jídù,极度,jídù
hsk30-b79-1881,7-9,极力,jílì,极力,jílì
hsk30-b79-1882,7-9,极少数,jí shǎoshù,极少数,jí shǎoshù
hsk30-b79-1883,7-9,极为,jíwéi,极为,jíwéi
hsk30-b79-1884,7-9,极限,jíxiàn,极限,jíxiàn
hsk30-b79-1885,7-9,即,jí,即,jí
hsk30-b79-1886,7-9,即便,jíbiàn,即便,jíbiàn
hsk30-b79-1887,7-9,即可,jíkě,即可,jíkě
hsk30-b79-1888,7-9,急剧,jíjù,急剧,jíjù
hsk30-b79-1889,7-9,急迫,jípò,急迫,jípò
hsk30-b79-1890,7-9,急性,jíxìng,急性,jíxìng
hsk30-b79-1891,7-9,急需,jíxū,急需,jíxū
hsk30-b79-1892,7-9,急于,jíyú,急于,jíyú
hsk30-b79-1893,7-9,急诊,jízhěn,急诊,jízhěn
hsk30-b79-1894,7-9,急转弯,jízhuǎnwān,急转弯,jízhuǎnwān
hsk30-b79-1895,7-9,棘手,jíshǒu,棘手,jíshǒu
hsk30-b79-1896,7-9,集会,jíhuì,集会,jíhuì
hsk30-b79-1897,7-9,集结,jíjié,集结,jíjié
hsk30-b79-1898,7-9,集邮,jíyóu,集邮,jíyóu
hsk30-b79-1899,7-9,集装箱,jízhuāngxiāng,集装箱,jízhuāngxiāng
hsk30-b79-1900,7-9,集资,jízī,集资,jízī
hsk30-b79-1901,7-9,嫉妒,jídù,嫉妒,jídù
hsk30-b79-1902,7-9,挤压,jǐyā,挤压,jǐyā
hsk30-b79-1903,7-9,脊梁,jǐliáng,脊梁,jǐliáng
hsk30-b79-1904,7-9,计,jì,计,jì
hsk30-b79-1905,7-9,计策,jìcè,计策,jìcè
hsk30-b79-1906,7-9,计较,jìjiào,计较,jìjiào
hsk30-b79-1907,7-9,计时,jìshí,计时,jìshí
hsk30-b79-1908,7-9,记号,jìhao,记号,jìhao
hsk30-b79-1909,7-9,记忆犹新,jìyì-yóuxīn,记忆犹新,jìyì-yóuxīn
hsk30-b79-1910,7-9,纪录片,jìlùpiàn,纪录片,jìlùpiàn
hsk30-b79-1911,7-9,纪念碑,jìniànbēi,纪念碑,jìniànbēi
hsk30-b79-1912,7-9,纪念馆,jìniànguǎn,纪念馆,jìniànguǎn
hsk30-b79-1913,7-9,纪念日,jìniànrì,纪念日,jìniànrì
hsk30-b79-1914,7-9,纪实,jìshí,纪实,jìshí
hsk30-b79-1915,7-9,技艺,jìyì,技艺,jìyì
hsk30-b79-1916,7-9,忌,jì,忌,jì
hsk30-b79-1917,7-9,忌讳,jìhuì,忌讳,jìhuì
hsk30-b79-1918,7-9,忌口,jìkǒu,忌口,jìkǒu
hsk30-b79-1919,7-9,剂,jì,剂,jì
hsk30-b79-1920,7-9,迹象,jìxiàng,迹象,jìxiàng
hsk30-b79-1921,7-9,继,jì,继,jì
hsk30-b79-1922,7-9,继而,jì'ér,继而,jì'ér
hsk30-b79-1923,7-9,继父,jìfù,继父,jìfù
hsk30-b79-1924,7-9,继母,jìmǔ,继母,jìmǔ
hsk30-b79-1925,7-9,祭,jì,祭,jì
hsk30-b79-1926,7-9,祭奠,jìdiàn,祭奠,jìdiàn
hsk30-b79-1927,7-9,祭祀,jìsì,祭祀,jìsì
hsk30-b79-1928,7-9,寄托,jìtuō,寄托,jìtuō
hsk30-b79-1929,7-9,寂静,jìjìng,寂静,jìjìng
hsk30-b79-1930,7-9,寂寞,jìmò,寂寞,jìmò
hsk30-b79-1931,7-9,加紧,jiājǐn,加紧,jiājǐn
hsk30-b79-1932,7-9,加剧,jiājù,加剧,jiājù
hsk30-b79-1933,7-9,加深,jiāshēn,加深,jiāshēn
hsk30-b79-1934,7-9,加重,jiāzhòng,加重,jiāzhòng
hsk30-b79-1935,7-9,佳节,jiājié,佳节,jiājié
hsk30-b79-1936,7-9,家伙,jiāhuo,家伙,jiāhuo
hsk30-b79-1937,7-9,家家户户,jiājiāhùhù,家家户户,jiājiāhùhù
hsk30-b79-1938,7-9,家教,jiājiào,家教,jiājiào
hsk30-b79-1939,7-9,家境,jiājìng,家境,jiājìng
hsk30-b79-1940,7-9,家禽,jiāqín,家禽,jiāqín
hsk30-b79-1941,7-9,家用,jiāyòng,家用,jiāyòng
hsk30-b79-1942,7-9,家喻户晓,jiāyù-hùxiǎo,家喻户晓,jiāyù-hùxiǎo
hsk30-b79-1943,7-9,家政,jiāzhèng,家政,jiāzhèng
hsk30-b79-1944,7-9,家族,jiāzú,家族,jiāzú
hsk30-b79-1945,7-9,嘉年华,jiāniánhuá,嘉年华,jiāniánhuá
hsk30-b79-1946,7-9,假定,jiǎdìng,假定,jiǎdìng
hsk30-b79-1947,7-9,假冒,jiǎmào,假冒,jiǎmào
hsk30-b79-1948,7-9,假设,jiǎshè,假设,jiǎshè
hsk30-b79-1949,7-9,假使,jiǎshǐ,假使,jiǎshǐ
hsk30-b79-1950,7-9,假装,jiǎzhuāng,假装,jiǎzhuāng
hsk30-b79-1951,7-9,价位,jiàwèi,价位,jiàwèi
hsk30-b79-1952,7-9,价值观,jiàzhíguān,价值观,jiàzhíguān
hsk30-b79-1953,7-9,驾,jià,驾,jià
hsk30-b79-1954,7-9,驾车,jià chē,驾车,jià chē
hsk30-b79-1955,7-9,驾驭,jiàyù,驾驭,jiàyù
hsk30-b79-1956,7-9,架势,jiàshi,架势,jiàshi
hsk30-b79-1957,7-9,架子,jiàzi,架子,jiàzi
hsk30-b79-1958,7-9,嫁,jià,嫁,jià
hsk30-b79-1959,7-9,嫁妆,jiàzhuang,嫁妆,jiàzhuang
hsk30-b79-1960,7-9,尖端,jiānduān,尖端,jiānduān
hsk30-b79-1961,7-9,尖锐,jiānruì,尖锐,jiānruì
hsk30-b79-1962,7-9,奸诈,jiānzhà,奸诈,jiānzhà
hsk30-b79-1963,7-9,歼灭,jiānmiè,歼灭,jiānmiè
hsk30-b79-1964,7-9,坚持不懈,jiānchí-bùxiè,坚持不懈,jiānchí-bùxiè
hsk30-b79-1965,7-9,坚韧,jiānrèn,坚韧,jiānrèn
hsk30-b79-1966,7-9,坚实,jiānshí,坚实,jiānshí
hsk30-b79-1967,7-9,坚守,jiānshǒu,坚守,jiānshǒu
hsk30-b79-1968,7-9,坚信,jiānxìn,坚信,jiānxìn
hsk30-b79-1969,7-9,坚硬,jiānyìng,坚硬,jiānyìng
hsk30-b79-1970,7-9,肩膀,jiānbǎng,肩膀,jiānbǎng
hsk30-b79-1971,7-9,肩负,jiānfù,肩负,jiānfù
hsk30-b79-1972,7-9,艰巨,jiānjù,艰巨,jiānjù
hsk30-b79-1973,7-9,艰苦奋斗,jiānkǔ-fèndòu,艰苦奋斗,jiānkǔ-fèndòu
hsk30-b79-1974,7-9,艰险,jiānxiǎn,艰险,jiānxiǎn
hsk30-b79-1975,7-9,艰辛,jiānxīn,艰辛,jiānxīn
hsk30-b79-1976,7-9,监察,jiānchá,监察,jiānchá
hsk30-b79-1977,7-9,监管,jiānguǎn,监管,jiānguǎn
hsk30-b79-1978,7-9,监护,jiānhù,监护,jiānhù
hsk30-b79-1979,7-9,监控,jiānkòng,监控,jiānkòng
hsk30-b79-1980,7-9,监视,jiānshì,监视,jiānshì
hsk30-b79-1981,7-9,监狱,jiānyù,监狱,jiānyù
hsk30-b79-1982,7-9,兼,jiān,兼,jiān
hsk30-b79-1983,7-9,兼顾,jiāngù,兼顾,jiāngù
hsk30-b79-1984,7-9,兼任,jiānrèn,兼任,jiānrèn
hsk30-b79-1985,7-9,兼容,jiānróng,兼容,jiānróng
hsk30-b79-1986,7-9,兼职,jiānzhí,兼职,jiānzhí
hsk30-b79-1987,7-9,煎,jiān,煎,jiān
hsk30-b79-1988,7-9,拣,jiǎn,拣,jiǎn
hsk30-b79-1989,7-9,检察,jiǎnchá,检察,jiǎnchá
hsk30-b79-1990,7-9,检讨,jiǎntǎo,检讨,jiǎntǎo
hsk30-b79-1991,7-9,减免,jiǎnmiǎn,减免,jiǎnmiǎn
hsk30-b79-1992,7-9,减弱,jiǎnruò,减弱,jiǎnruò
hsk30-b79-1993,7-9,减速,jiǎnsù,减速,jiǎnsù
hsk30-b79-1994,7-9,减压,jiǎnyā,减压,jiǎnyā
hsk30-b79-1995,7-9,简称,jiǎnchēng,简称,jiǎnchēng
hsk30-b79-1996,7-9,简短,jiǎnduǎn,简短,jiǎnduǎn
hsk30-b79-1997,7-9,简化,jiǎnhuà,简化,jiǎnhuà
hsk30-b79-1998,7-9,简洁,jiǎnjié,简洁,jiǎnjié
hsk30-b79-1999,7-9,简陋,jiǎnlòu,简陋,jiǎnlòu
hsk30-b79-2000,7-9,简体字,jiǎntǐzì,简体字,jiǎntǐzì
hsk30-b79-2001,7-9,简要,jiǎnyào,简要,jiǎnyào
hsk30-b79-2002,7-9,简易,jiǎnyì,简易,jiǎnyì
hsk30-b79-2003,7-9,见解,jiànjiě,见解,jiànjiě
hsk30-b79-2004,7-9,见钱眼开,jiànqián-yǎnkāi,见钱眼开,jiànqián-yǎnkāi
hsk30-b79-2005,7-9,见仁见智,jiànrén-jiànzhì,见仁见智,jiànrén-jiànzhì
hsk30-b79-2006,7-9,见识,jiànshi,见识,jiànshi
hsk30-b79-2007,7-9,见外,jiànwài,见外,jiànwài
hsk30-b79-2008,7-9,见效,jiànxiào,见效,jiànxiào
hsk30-b79-2009,7-9,见义勇为,jiànyì-yǒngwéi,见义勇为,jiànyì-yǒngwéi
hsk30-b79-2010,7-9,见证,jiànzhèng,见证,jiànzhèng
hsk30-b79-2011,7-9,间谍,jiàndié,间谍,jiàndié
hsk30-b79-2012,7-9,间断,jiànduàn,间断,jiànduàn
hsk30-b79-2013,7-9,间隔,jiàngé,间隔,jiàngé
hsk30-b79-2014,7-9,间隙,jiànxì,间隙,jiànxì
hsk30-b79-2015,7-9,建交,jiànjiāo,建交,jiànjiāo
hsk30-b79-2016,7-9,建树,jiànshù,建树,jiànshù
hsk30-b79-2017,7-9,建筑师,jiànzhùshī,建筑师,jiànzhùshī
hsk30-b79-2018,7-9,建筑物,jiànzhùwù,建筑物,jiànzhùwù
hsk30-b79-2019,7-9,贱,jiàn,贱,jiàn
hsk30-b79-2020,7-9,健美,jiànměi,健美,jiànměi
hsk30-b79-2021,7-9,健壮,jiànzhuàng,健壮,jiànzhuàng
hsk30-b79-2022,7-9,溅,jiàn,溅,jiàn
hsk30-b79-2023,7-9,鉴别,jiànbié,鉴别,jiànbié
hsk30-b79-2024,7-9,鉴赏,jiànshǎng,鉴赏,jiànshǎng
hsk30-b79-2025,7-9,鉴于,jiànyú,鉴于,jiànyú
hsk30-b79-2026,7-9,姜,jiāng,姜,jiāng
hsk30-b79-2027,7-9,僵,jiāng,僵,jiāng
hsk30-b79-2028,7-9,僵化,jiānghuà,僵化,jiānghuà
hsk30-b79-2029,7-9,僵局,jiāngjú,僵局,jiāngjú
hsk30-b79-2030,7-9,讲解,jiǎngjiě,讲解,jiǎngjiě
hsk30-b79-2031,7-9,讲述,jiǎngshù,讲述,jiǎngshù
hsk30-b79-2032,7-9,讲学,jiǎngxué,讲学,jiǎngxué
hsk30-b79-2033,7-9,奖杯,jiǎngbēi,奖杯,jiǎngbēi
hsk30-b79-2034,7-9,奖牌,jiǎngpái,奖牌,jiǎngpái
hsk30-b79-2035,7-9,奖品,jiǎngpǐn,奖品,jiǎngpǐn
hsk30-b79-2036,7-9,奖项,jiǎngxiàng,奖项,jiǎngxiàng
hsk30-b79-2037,7-9,降临,jiànglín,降临,jiànglín
hsk30-b79-2038,7-9,交叉,jiāochā,交叉,jiāochā
hsk30-b79-2039,7-9,交锋,jiāofēng,交锋,jiāofēng
hsk30-b79-2040,7-9,交付,jiāofù,交付,jiāofù
hsk30-b79-2041,7-9,交集,jiāojí,交集,jiāojí
hsk30-b79-2042,7-9,交接,jiāojiē,交接,jiāojiē
hsk30-b79-2043,7-9,交界,jiāojiè,交界,jiāojiè
hsk30-b79-2044,7-9,交纳,jiāonà,交纳,jiāonà
hsk30-b79-2045,7-9,交情,jiāoqing,交情,jiāoqing
hsk30-b79-2046,7-9,交涉,jiāoshè,交涉,jiāoshè
hsk30-b79-2047,7-9,交谈,jiāotán,交谈,jiāotán
hsk30-b79-2048,7-9,交替,jiāotì,交替,jiāotì
hsk30-b79-2049,7-9,交头接耳,jiāotóu-jiē'ěr,交头接耳,jiāotóu-jiē'ěr
hsk30-b79-2050,7-9,交响乐,jiāoxiǎngyuè,交响乐,jiāoxiǎngyuè
hsk30-b79-2051,7-9,郊外,jiāowài,郊外,jiāowài
hsk30-b79-2052,7-9,郊游,jiāoyóu,郊游,jiāoyóu
hsk30-b79-2053,7-9,浇,jiāo,浇,jiāo
hsk30-b79-2054,7-9,娇惯,jiāoguàn,娇惯,jiāoguàn
hsk30-b79-2055,7-9,娇气,jiāoqì,娇气,jiāoqì
hsk30-b79-2056,7-9,胶囊,jiāonáng,胶囊,jiāonáng
hsk30-b79-2057,7-9,胶片,jiāopiàn,胶片,jiāopiàn
hsk30-b79-2058,7-9,焦,jiāo,焦,jiāo
hsk30-b79-2059,7-9,焦急,jiāojí,焦急,jiāojí
hsk30-b79-2060,7-9,焦距,jiāojù,焦距,jiāojù
hsk30-b79-2061,7-9,焦虑,jiāolǜ,焦虑,jiāolǜ
hsk30-b79-2062,7-9,焦躁,jiāozào,焦躁,jiāozào
hsk30-b79-2063,7-9,礁石,jiāoshí,礁石,jiāoshí
hsk30-b79-2064,7-9,嚼,jiáo,嚼,jiáo
hsk30-b79-2065,7-9,角落,jiǎoluò,角落,jiǎoluò
hsk30-b79-2066,7-9,狡猾,jiǎohuá,狡猾,jiǎohuá
hsk30-b79-2067,7-9,绞,jiǎo,绞,jiǎo
hsk30-b79-2068,7-9,矫正,jiǎozhèng,矫正,jiǎozhèng
hsk30-b79-2069,7-9,搅,jiǎo,搅,jiǎo
hsk30-b79-2070,7-9,搅拌,jiǎobàn,搅拌,jiǎobàn
hsk30-b79-2071,7-9,缴,jiǎo,缴,jiǎo
hsk30-b79-2072,7-9,缴费,jiǎofèi,缴费,jiǎofèi
hsk30-b79-2073,7-9,缴纳,jiǎonà,缴纳,jiǎonà
hsk30-b79-2074,7-9,叫板,jiàobǎn,叫板,jiàobǎn
hsk30-b79-2075,7-9,叫好,jiàohǎo,叫好,jiàohǎo
hsk30-b79-2076,7-9,轿车,jiàochē,轿车,jiàochē
hsk30-b79-2077,7-9,较劲,jiàojìn,较劲,jiàojìn
hsk30-b79-2078,7-9,较量,jiàoliàng,较量,jiàoliàng
hsk30-b79-2079,7-9,教科书,jiàokēshū,教科书,jiàokēshū
hsk30-b79-2080,7-9,教条,jiàotiáo,教条,jiàotiáo
hsk30-b79-2081,7-9,教养,jiàoyǎng,教养,jiàoyǎng
hsk30-b79-2082,7-9,阶层,jiēcéng,阶层,jiēcéng
hsk30-b79-2083,7-9,阶级,jiējí,阶级,jiējí
hsk30-b79-2084,7-9,阶梯,jiētī,阶梯,jiētī
hsk30-b79-2085,7-9,皆,jiē,皆,jiē
hsk30-b79-2086,7-9,结,jiē,结,jiē
hsk30-b79-2087,7-9,结果,jiēguǒ,结果,jiēguǒ
hsk30-b79-2088,7-9,接班,jiēbān,接班,jiēbān
hsk30-b79-2089,7-9,接班人,jiēbānrén,接班人,jiēbānrén
hsk30-b79-2090,7-9,接二连三,jiē'èr-liánsān,接二连三,jiē'èr-liánsān
hsk30-b79-2091,7-9,接轨,jiēguǐ,接轨,jiēguǐ
hsk30-b79-2092,7-9,接济,jiējì,接济,jiējì
hsk30-b79-2093,7-9,接见,jiējiàn,接见,jiējiàn
hsk30-b79-2094,7-9,接力,jiēlì,接力,jiēlì
hsk30-b79-2095,7-9,接纳,jiēnà,接纳,jiēnà
hsk30-b79-2096,7-9,接手,jiēshǒu,接手,jiēshǒu
hsk30-b79-2097,7-9,接送,jiēsòng,接送,jiēsòng
hsk30-b79-2098,7-9,接替,jiētì,接替,jiētì
hsk30-b79-2099,7-9,接听,jiētīng,接听,jiētīng
hsk30-b79-2100,7-9,接通,jiētōng,接通,jiētōng
hsk30-b79-2101,7-9,揭发,jiēfā,揭发,jiēfā
hsk30-b79-2102,7-9,揭露,jiēlù,揭露,jiēlù
hsk30-b79-2103,7-9,揭示,jiēshì,揭示,jiēshì
hsk30-b79-2104,7-9,揭晓,jiēxiǎo,揭晓,jiēxiǎo
hsk30-b79-2105,7-9,节俭,jiéjiǎn,节俭,jiéjiǎn
hsk30-b79-2106,7-9,节气,jiéqì,节气,jiéqì
hsk30-b79-2107,7-9,节水,jiéshuǐ,节水,jiéshuǐ
hsk30-b79-2108,7-9,节衣缩食,jiéyī-suōshí,节衣缩食,jiéyī-suōshí
hsk30-b79-2109,7-9,劫,jié,劫,jié
hsk30-b79-2110,7-9,劫持,jiéchí,劫持,jiéchí
hsk30-b79-2111,7-9,洁净,jiéjìng,洁净,jiéjìng
hsk30-b79-2112,7-9,结冰,jiébīng,结冰,jiébīng
hsk30-b79-2113,7-9,结晶,jiéjīng,结晶,jiéjīng
hsk30-b79-2114,7-9,结局,jiéjú,结局,jiéjú
hsk30-b79-2115,7-9,结识,jiéshí,结识,jiéshí
hsk30-b79-2116,7-9,结尾,jiéwěi,结尾,jiéwěi
hsk30-b79-2117,7-9,截,jié,截,jié
hsk30-b79-2118,7-9,截然不同,jiérán-bùtóng,截然不同,jiérán-bùtóng
hsk30-b79-2119,7-9,竭尽全力,jiéjìn-quánlì,竭尽全力,jiéjìn-quánlì
hsk30-b79-2120,7-9,竭力,jiélì,竭力,jiélì
hsk30-b79-2121,7-9,解答,jiědá,解答,jiědá
hsk30-b79-2122,7-9,解读,jiědú,解读,jiědú
hsk30-b79-2123,7-9,解雇,jiěgù,解雇,jiěgù
hsk30-b79-2124,7-9,解救,jiějiù,解救,jiějiù
hsk30-b79-2125,7-9,解剖,jiěpōu,解剖,jiěpōu
hsk30-b79-2126,7-9,解散,jiěsàn,解散,jiěsàn
hsk30-b79-2127,7-9,解体,jiětǐ,解体,jiětǐ
hsk30-b79-2128,7-9,解脱,jiětuō,解脱,jiětuō
hsk30-b79-2129,7-9,解围,jiěwéi,解围,jiěwéi
hsk30-b79-2130,7-9,解析,jiěxī,解析,jiěxī
hsk30-b79-2131,7-9,介入,jièrù,介入,jièrù
hsk30-b79-2132,7-9,介意,jièyì,介意,jièyì
hsk30-b79-2133,7-9,介于,jièyú,介于,jièyú
hsk30-b79-2134,7-9,戒备,jièbèi,戒备,jièbèi
hsk30-b79-2135,7-9,戒烟,jiè yān,戒烟,jiè yān
hsk30-b79-2136,7-9,戒指,jièzhi,戒指,jièzhi
hsk30-b79-2137,7-9,届时,jièshí,届时,jièshí
hsk30-b79-2138,7-9,界定,jièdìng,界定,jièdìng
hsk30-b79-2139,7-9,界限,jièxiàn,界限,jièxiàn
hsk30-b79-2140,7-9,界线,jièxiàn,界线,jièxiàn
hsk30-b79-2141,7-9,借口,jièkǒu,借口,jièkǒu
hsk30-b79-2142,7-9,借条,jiètiáo,借条,jiètiáo
hsk30-b79-2143,7-9,借用,jièyòng,借用,jièyòng
hsk30-b79-2144,7-9,借助,jièzhù,借助,jièzhù
hsk30-b79-2145,7-9,金属,jīnshǔ,金属,jīnshǔ
hsk30-b79-2146,7-9,金子,jīnzi,金子,jīnzi
hsk30-b79-2147,7-9,金字塔,jīnzìtǎ,金字塔,jīnzìtǎ
hsk30-b79-2148,7-9,津津有味,jīnjīn-yǒuwèi,津津有味,jīnjīn-yǒuwèi
hsk30-b79-2149,7-9,津贴,jīntiē,津贴,jīntiē
hsk30-b79-2150,7-9,筋,jīn,筋,jīn
hsk30-b79-2151,7-9,禁不住,jīnbuzhù,禁不住,jīnbuzhù
hsk30-b79-2152,7-9,仅次于,jǐn cì yú,仅次于,jǐn cì yú
hsk30-b79-2153,7-9,尽,jǐn,尽,jǐn
hsk30-b79-2154,7-9,尽早,jǐnzǎo,尽早,jǐnzǎo
hsk30-b79-2155,7-9,紧凑,jǐncòu,紧凑,jǐncòu
hsk30-b79-2156,7-9,紧接着,jǐn jiēzhe,紧接着,jǐn jiēzhe
hsk30-b79-2157,7-9,紧迫,jǐnpò,紧迫,jǐnpò
hsk30-b79-2158,7-9,紧缺,jǐnquē,紧缺,jǐnquē
hsk30-b79-2159,7-9,紧缩,jǐnsuō,紧缩,jǐnsuō
hsk30-b79-2160,7-9,锦旗,jǐnqí,锦旗,jǐnqí
hsk30-b79-2161,7-9,谨慎,jǐnshèn,谨慎,jǐnshèn
hsk30-b79-2162,7-9,尽情,jìnqíng,尽情,jìnqíng
hsk30-b79-2163,7-9,尽头,jìntóu,尽头,jìntóu
hsk30-b79-2164,7-9,进场,jìnchǎng,进场,jìnchǎng
hsk30-b79-2165,7-9,进程,jìnchéng,进程,jìnchéng
hsk30-b79-2166,7-9,进出,jìnchū,进出,jìnchū
hsk30-b79-2167,7-9,进出口,jìn-chūkǒu,进出口,jìn-chūkǒu
hsk30-b79-2168,7-9,进度,jìndù,进度,jìndù
hsk30-b79-2169,7-9,进而,jìn'ér,进而,jìn'ér
hsk30-b79-2170,7-9,进修,jìnxiū,进修,jìnxiū
hsk30-b79-2171,7-9,近年来,jìnnián lái,近年来,jìnnián lái
hsk30-b79-2172,7-9,劲头,jìntóu,劲头,jìntóu
hsk30-b79-2173,7-9,晋升,jìnshēng,晋升,jìnshēng
hsk30-b79-2174,7-9,浸泡,jìnpào,浸泡,jìnpào
hsk30-b79-2175,7-9,禁忌,jìnjì,禁忌,jìnjì
hsk30-b79-2176,7-9,禁区,jìnqū,禁区,jìnqū
hsk30-b79-2177,7-9,茎,jīng,茎,jīng
hsk30-b79-2178,7-9,经,jīng,经,jīng
hsk30-b79-2179,7-9,经度,jīngdù,经度,jīngdù
hsk30-b79-2180,7-9,经久不息,jīngjiǔ-bùxī,经久不息,jīngjiǔ-bùxī
hsk30-b79-2181,7-9,经贸,jīngmào,经贸,jīngmào
hsk30-b79-2182,7-9,经商,jīngshāng,经商,jīngshāng
hsk30-b79-2183,7-9,经受,jīngshòu,经受,jīngshòu
hsk30-b79-2184,7-9,荆棘,jīngjí,荆棘,jīngjí
hsk30-b79-2185,7-9,惊,jīng,惊,jīng
hsk30-b79-2186,7-9,惊诧,jīngchà,惊诧,jīngchà
hsk30-b79-2187,7-9,惊慌,jīnghuāng,惊慌,jīnghuāng
hsk30-b79-2188,7-9,惊慌失措,jīnghuāng-shīcuò,惊慌失措,jīnghuāng-shīcuò
hsk30-b79-2189,7-9,惊奇,jīngqí,惊奇,jīngqí
hsk30-b79-2190,7-9,惊叹,jīngtàn,惊叹,jīngtàn
hsk30-b79-2191,7-9,惊天动地,jīngtiān-dòngdì,惊天动地,jīngtiān-dòngdì
hsk30-b79-2192,7-9,惊险,jīngxiǎn,惊险,jīngxiǎn
hsk30-b79-2193,7-9,惊心动魄,jīngxīn-dòngpò,惊心动魄,jīngxīn-dòngpò
hsk30-b79-2194,7-9,惊醒,jīngxǐng,惊醒,jīngxǐng
hsk30-b79-2195,7-9,惊讶,jīngyà,惊讶,jīngyà
hsk30-b79-2196,7-9,晶莹,jīngyíng,晶莹,jīngyíng
hsk30-b79-2197,7-9,兢兢业业,jīngjīngyèyè,兢兢业业,jīngjīngyèyè
hsk30-b79-2198,7-9,精打细算,jīngdǎ-xìsuàn,精打细算,jīngdǎ-xìsuàn
hsk30-b79-2199,7-9,精华,jīnghuá,精华,jīnghuá
hsk30-b79-2200,7-9,精简,jīngjiǎn,精简,jīngjiǎn
hsk30-b79-2201,7-9,精练,jīngliàn,精练,jīngliàn
hsk30-b79-2202,7-9,精妙,jīngmiào,精妙,jīngmiào
hsk30-b79-2203,7-9,精明,jīngmíng,精明,jīngmíng
hsk30-b79-2204,7-9,精疲力竭,jīngpí-lìjié,精疲力竭,jīngpí-lìjié
hsk30-b79-2205,7-9,精确,jīngquè,精确,jīngquè
hsk30-b79-2206,7-9,精神病,jīngshénbìng,精神病,jīngshénbìng
hsk30-b79-2207,7-9,精髓,jīngsuǐ,精髓,jīngsuǐ
hsk30-b79-2208,7-9,精通,jīngtōng,精通,jīngtōng
hsk30-b79-2209,7-9,精细,jīngxì,精细,jīngxì
hsk30-b79-2210,7-9,精心,jīngxīn,精心,jīngxīn
hsk30-b79-2211,7-9,精益求精,jīngyìqiújīng,精益求精,jīngyìqiújīng
hsk30-b79-2212,7-9,精英,jīngyīng,精英,jīngyīng
hsk30-b79-2213,7-9,精致,jīngzhì,精致,jīngzhì
hsk30-b79-2214,7-9,颈部,jǐngbù,颈部,jǐngbù
hsk30-b79-2215,7-9,景观,jǐngguān,景观,jǐngguān
hsk30-b79-2216,7-9,景区,jǐngqū,景区,jǐngqū
hsk30-b79-2217,7-9,警车,jǐngchē,警车,jǐngchē
hsk30-b79-2218,7-9,警官,jǐngguān,警官,jǐngguān
hsk30-b79-2219,7-9,警惕,jǐngtì,警惕,jǐngtì
hsk30-b79-2220,7-9,警钟,jǐngzhōng,警钟,jǐngzhōng
hsk30-b79-2221,7-9,净化,jìnghuà,净化,jìnghuà
hsk30-b79-2222,7-9,竞技,jìngjì,竞技,jìngjì
hsk30-b79-2223,7-9,竞相,jìngxiāng,竞相,jìngxiāng
hsk30-b79-2224,7-9,竞选,jìngxuǎn,竞选,jìngxuǎn
hsk30-b79-2225,7-9,竟,jìng,竟,jìng
hsk30-b79-2226,7-9,竟敢,jìnggǎn,竟敢,jìnggǎn
hsk30-b79-2227,7-9,敬,jìng,敬,jìng
hsk30-b79-2228,7-9,敬爱,jìng'ài,敬爱,jìng'ài
hsk30-b79-2229,7-9,敬而远之,jìng'éryuǎnzhī,敬而远之,jìng'éryuǎnzhī
hsk30-b79-2230,7-9,敬酒,jìngjiǔ,敬酒,jìngjiǔ
hsk30-b79-2231,7-9,敬礼,jìnglǐ,敬礼,jìnglǐ
hsk30-b79-2232,7-9,敬佩,jìngpèi,敬佩,jìngpèi
hsk30-b79-2233,7-9,敬请,jìngqǐng,敬请,jìngqǐng
hsk30-b79-2234,7-9,敬业,jìngyè,敬业,jìngyè
hsk30-b79-2235,7-9,敬意,jìngyì,敬意,jìngyì
hsk30-b79-2236,7-9,敬重,jìngzhòng,敬重,jìngzhòng
hsk30-b79-2237,7-9,静止,jìngzhǐ,静止,jìngzhǐ
hsk30-b79-2238,7-9,境地,jìngdì,境地,jìngdì
hsk30-b79-2239,7-9,境界,jìngjiè,境界,jìngjiè
hsk30-b79-2240,7-9,境内,jìngnèi,境内,jìngnèi
hsk30-b79-2241,7-9,境外,jìngwài,境外,jìngwài
hsk30-b79-2242,7-9,境遇,jìngyù,境遇,jìngyù
hsk30-b79-2243,7-9,窘迫,jiǒngpò,窘迫,jiǒngpò
hsk30-b79-2244,7-9,纠缠,jiūchán,纠缠,jiūchán
hsk30-b79-2245,7-9,揪,jiū,揪,jiū
hsk30-b79-2246,7-9,久违,jiǔwéi,久违,jiǔwéi
hsk30-b79-2247,7-9,久仰,jiǔyǎng,久仰,jiǔyǎng
hsk30-b79-2248,7-9,酒精,jiǔjīng,酒精,jiǔjīng
hsk30-b79-2249,7-9,酒楼,jiǔlóu,酒楼,jiǔlóu
hsk30-b79-2250,7-9,救护车,jiùhùchē,救护车,jiùhùchē
hsk30-b79-2251,7-9,救济,jiùjì,救济,jiùjì
hsk30-b79-2252,7-9,救治,jiùzhì,救治,jiùzhì
hsk30-b79-2253,7-9,就餐,jiùcān,就餐,jiùcān
hsk30-b79-2254,7-9,就地,jiùdì,就地,jiùdì
hsk30-b79-2255,7-9,就读,jiùdú,就读,jiùdú
hsk30-b79-2256,7-9,就近,jiùjìn,就近,jiùjìn
hsk30-b79-2257,7-9,就任,jiùrèn,就任,jiùrèn
hsk30-b79-2258,7-9,就医,jiùyī,就医,jiùyī
hsk30-b79-2259,7-9,就诊,jiùzhěn,就诊,jiùzhěn
hsk30-b79-2260,7-9,就职,jiùzhí,就职,jiùzhí
hsk30-b79-2261,7-9,就座,jiùzuò,就座,jiùzuò
hsk30-b79-2262,7-9,舅舅,jiùjiu,舅舅,jiùjiu
hsk30-b79-2263,7-9,拘留,jūliú,拘留,jūliú
hsk30-b79-2264,7-9,拘束,jūshù,拘束,jūshù
hsk30-b79-2265,7-9,居高临下,jūgāo-línxià,居高临下,jūgāo-línxià
hsk30-b79-2266,7-9,居民楼,jūmínlóu,居民楼,jūmínlóu
hsk30-b79-2267,7-9,鞠躬,jūgōng,鞠躬,jūgōng
hsk30-b79-2268,7-9,局部,júbù,局部,júbù
hsk30-b79-2269,7-9,局势,júshì,局势,júshì
hsk30-b79-2270,7-9,局限,júxiàn,局限,júxiàn
hsk30-b79-2271,7-9,菊花,júhuā,菊花,júhuā
hsk30-b79-2272,7-9,橘子,júzi,橘子,júzi
hsk30-b79-2273,7-9,沮丧,jǔsàng,沮丧,jǔsàng
hsk30-b79-2274,7-9,举报,jǔbào,举报,jǔbào
hsk30-b79-2275,7-9,举措,jǔcuò,举措,jǔcuò
hsk30-b79-2276,7-9,举例,jǔlì,举例,jǔlì
hsk30-b79-2277,7-9,举世闻名,jǔshì-wénmíng,举世闻名,jǔshì-wénmíng
hsk30-b79-2278,7-9,举世无双,jǔshì-wúshuāng,举世无双,jǔshì-wúshuāng
hsk30-b79-2279,7-9,举世瞩目,jǔshì-zhǔmù,举世瞩目,jǔshì-zhǔmù
hsk30-b79-2280,7-9,举一反三,jǔyī-fǎnsān,举一反三,jǔyī-fǎnsān
hsk30-b79-2281,7-9,举止,jǔzhǐ,举止,jǔzhǐ
hsk30-b79-2282,7-9,举重,jǔzhòng,举重,jǔzhòng
hsk30-b79-2283,7-9,巨额,jù'é,巨额,jù'é
hsk30-b79-2284,7-9,巨人,jùrén,巨人,jùrén
hsk30-b79-2285,7-9,巨头,jùtóu,巨头,jùtóu
hsk30-b79-2286,7-9,巨星,jùxīng,巨星,jùxīng
hsk30-b79-2287,7-9,巨型,jùxíng,巨型,jùxíng
hsk30-b79-2288,7-9,剧烈,jùliè,剧烈,jùliè
hsk30-b79-2289,7-9,剧目,jùmù,剧目,jùmù
hsk30-b79-2290,7-9,剧情,jùqíng,剧情,jùqíng
hsk30-b79-2291,7-9,剧团,jùtuán,剧团,jùtuán
hsk30-b79-2292,7-9,剧院,jùyuàn,剧院,jùyuàn
hsk30-b79-2293,7-9,剧组,jùzǔ,剧组,jùzǔ
hsk30-b79-2294,7-9,据此,jùcǐ,据此,jùcǐ
hsk30-b79-2295,7-9,据悉,jùxī,据悉,jùxī
hsk30-b79-2296,7-9,距,jù,距,jù
hsk30-b79-2297,7-9,锯,jù,锯,jù
hsk30-b79-2298,7-9,聚集,jùjí,聚集,jùjí
hsk30-b79-2299,7-9,聚精会神,jùjīng-huìshén,聚精会神,jùjīng-huìshén
hsk30-b79-2300,7-9,捐献,juānxiàn,捐献,juānxiàn
hsk30-b79-2301,7-9,卷入,juǎnrù,卷入,juǎnrù
hsk30-b79-2302,7-9,卷子,juànzi,卷子,juànzi
hsk30-b79-2303,7-9,圈,juàn,圈,juàn
hsk30-b79-2304,7-9,决议,juéyì,决议,juéyì
hsk30-b79-2305,7-9,诀别,juébié,诀别,juébié
hsk30-b79-2306,7-9,诀窍,juéqiào,诀窍,juéqiào
hsk30-b79-2307,7-9,角逐,juézhú,角逐,juézhú
hsk30-b79-2308,7-9,觉醒,juéxǐng,觉醒,juéxǐng
hsk30-b79-2309,7-9,绝技,juéjì,绝技,juéjì
hsk30-b79-2310,7-9,绝缘,juéyuán,绝缘,juéyuán
hsk30-b79-2311,7-9,绝招,juézhāo,绝招,juézhāo
hsk30-b79-2312,7-9,倔强,juéjiàng,倔强,juéjiàng
hsk30-b79-2313,7-9,崛起,juéqǐ,崛起,juéqǐ
hsk30-b79-2314,7-9,爵士,juéshì,爵士,juéshì
hsk30-b79-2315,7-9,倔,juè,倔,juè
hsk30-b79-2316,7-9,军官,jūnguān,军官,jūnguān
hsk30-b79-2317,7-9,均衡,jūnhéng,均衡,jūnhéng
hsk30-b79-2318,7-9,均匀,jūnyún,均匀,jūnyún
hsk30-b79-2319,7-9,君子,jūnzǐ,君子,jūnzǐ
hsk30-b79-2320,7-9,俊,jùn,俊,jùn
hsk30-b79-2321,7-9,俊俏,jùnqiào,俊俏,jùnqiào
hsk30-b79-2322,7-9,骏马,jùnmǎ,骏马,jùnmǎ
hsk30-b79-2323,7-9,竣工,jùngōng,竣工,jùngōng
hsk30-b79-2324,7-9,卡车,kǎchē,卡车,kǎchē
hsk30-b79-2325,7-9,卡片,kǎpiàn,卡片,kǎpiàn
hsk30-b79-2326,7-9,卡通,kǎtōng,卡通,kǎtōng
hsk30-b79-2327,7-9,开办,kāibàn,开办,kāibàn
hsk30-b79-2328,7-9,开采,kāicǎi,开采,kāicǎi
hsk30-b79-2329,7-9,开场,kāichǎng,开场,kāichǎng
hsk30-b79-2330,7-9,开场白,kāichǎngbái,开场白,kāichǎngbái
hsk30-b79-2331,7-9,开除,kāichú,开除,kāichú
hsk30-b79-2332,7-9,开动,kāidòng,开动,kāidòng
hsk30-b79-2333,7-9,开发区,kāifāqū,开发区,kāifāqū
hsk30-b79-2334,7-9,开发商,kāifāshāng,开发商,kāifāshāng
hsk30-b79-2335,7-9,开工,kāigōng,开工,kāigōng
hsk30-b79-2336,7-9,开垦,kāikěn,开垦,kāikěn
hsk30-b79-2337,7-9,开口,kāikǒu,开口,kāikǒu
hsk30-b79-2338,7-9,开阔,kāikuò,开阔,kāikuò
hsk30-b79-2339,7-9,开朗,kāilǎng,开朗,kāilǎng
hsk30-b79-2340,7-9,开辟,kāipì,开辟,kāipì
hsk30-b79-2341,7-9,开启,kāiqǐ,开启,kāiqǐ
hsk30-b79-2342,7-9,开枪,kāi qiāng,开枪,kāi qiāng
hsk30-b79-2343,7-9,开天辟地,kāitiān-pìdì,开天辟地,kāitiān-pìdì
hsk30-b79-2344,7-9,开拓,kāituò,开拓,kāituò
hsk30-b79-2345,7-9,开销,kāixiāo,开销,kāixiāo
hsk30-b79-2346,7-9,开张,kāizhāng,开张,kāizhāng
hsk30-b79-2347,7-9,开支,kāizhī,开支,kāizhī
hsk30-b79-2348,7-9,凯歌,kǎigē,凯歌,kǎigē
hsk30-b79-2349,7-9,楷模,kǎimó,楷模,kǎimó
hsk30-b79-2350,7-9,刊登,kāndēng,刊登,kāndēng
hsk30-b79-2351,7-9,刊物,kānwù,刊物,kānwù
hsk30-b79-2352,7-9,看护,kānhù,看护,kānhù
hsk30-b79-2353,7-9,勘探,kāntàn,勘探,kāntàn
hsk30-b79-2354,7-9,堪称,kānchēng,堪称,kānchēng
hsk30-b79-2355,7-9,侃大山,kǎn dàshān,侃大山,kǎn dàshān
hsk30-b79-2356,7-9,砍,kǎn,砍,kǎn
hsk30-b79-2357,7-9,看得出,kàndechū,看得出,kàndechū
hsk30-b79-2358,7-9,看热闹,kàn rènao,看热闹,kàn rènao
hsk30-b79-2359,7-9,看似,kànsì,看似,kànsì
hsk30-b79-2360,7-9,看台,kàntái,看台,kàntái
hsk30-b79-2361,7-9,看样子,kàn yàngzi,看样子,kàn yàngzi
hsk30-b79-2362,7-9,看中,kànzhòng,看中,kànzhòng
hsk30-b79-2363,7-9,看重,kànzhòng,看重,kànzhòng
hsk30-b79-2364,7-9,慷慨,kāngkǎi,慷慨,kāngkǎi
hsk30-b79-2365,7-9,扛,káng,扛,káng
hsk30-b79-2366,7-9,抗衡,kànghéng,抗衡,kànghéng
hsk30-b79-2367,7-9,抗拒,kàngjù,抗拒,kàngjù
hsk30-b79-2368,7-9,抗生素,kàngshēngsù,抗生素,kàngshēngsù
hsk30-b79-2369,7-9,抗争,kàngzhēng,抗争,kàngzhēng
hsk30-b79-2370,7-9,考量,kǎoliáng,考量,kǎoliáng
hsk30-b79-2371,7-9,烤,kǎo,烤,kǎo
hsk30-b79-2372,7-9,靠拢,kàolǒng,靠拢,kàolǒng
hsk30-b79-2373,7-9,苛刻,kēkè,苛刻,kēkè
hsk30-b79-2374,7-9,科幻,kēhuàn,科幻,kēhuàn
hsk30-b79-2375,7-9,科目,kēmù,科目,kēmù
hsk30-b79-2376,7-9,科普,kēpǔ,科普,kēpǔ
hsk30-b79-2377,7-9,磕,kē,磕,kē
hsk30-b79-2378,7-9,壳,ké,壳,ké
hsk30-b79-2379,7-9,咳嗽,késou,咳嗽,késou
hsk30-b79-2380,7-9,可悲,kěbēi,可悲,kěbēi
hsk30-b79-2381,7-9,可不是,kěbùshi,可不是,kěbùshi
hsk30-b79-2382,7-9,可乘之机,kěchéngzhījī,可乘之机,kěchéngzhījī
hsk30-b79-2383,7-9,可耻,kěchǐ,可耻,kěchǐ
hsk30-b79-2384,7-9,可歌可泣,kěgē-kěqì,可歌可泣,kěgē-kěqì
hsk30-b79-2385,7-9,可观,kěguān,可观,kěguān
hsk30-b79-2386,7-9,可贵,kěguì,可贵,kěguì
hsk30-b79-2387,7-9,可口,kěkǒu,可口,kěkǒu
hsk30-b79-2388,7-9,可谓,kěwèi,可谓,kěwèi
hsk30-b79-2389,7-9,可恶,kěwù,可恶,kěwù
hsk30-b79-2390,7-9,可想而知,kěxiǎng'érzhī,可想而知,kěxiǎng'érzhī
hsk30-b79-2391,7-9,可笑,kěxiào,可笑,kěxiào
hsk30-b79-2392,7-9,可信,kěxìn,可信,kěxìn
hsk30-b79-2393,7-9,可行,kěxíng,可行,kěxíng
hsk30-b79-2394,7-9,可疑,kěyí,可疑,kěyí
hsk30-b79-2395,7-9,克隆,kèlóng,克隆,kèlóng
hsk30-b79-2396,7-9,克制,kèzhì,克制,kèzhì
hsk30-b79-2397,7-9,刻苦,kèkǔ,刻苦,kèkǔ
hsk30-b79-2398,7-9,刻意,kèyì,刻意,kèyì
hsk30-b79-2399,7-9,刻舟求剑,kèzhōu-qiújiàn,刻舟求剑,kèzhōu-qiújiàn
hsk30-b79-2400,7-9,客房,kèfáng,客房,kèfáng
hsk30-b79-2401,7-9,客机,kèjī,客机,kèjī
hsk30-b79-2402,7-9,客流,kèliú,客流,kèliú
hsk30-b79-2403,7-9,客运,kèyùn,客运,kèyùn
hsk30-b79-2404,7-9,恳求,kěnqiú,恳求,kěnqiú
hsk30-b79-2405,7-9,啃,kěn,啃,kěn
hsk30-b79-2406,7-9,坑,kēng,坑,kēng
hsk30-b79-2407,7-9,空荡荡,kōngdàngdàng,空荡荡,kōngdàngdàng
hsk30-b79-2408,7-9,空难,kōngnàn,空难,kōngnàn
hsk30-b79-2409,7-9,空前,kōngqián,空前,kōngqián
hsk30-b79-2410,7-9,空想,kōngxiǎng,空想,kōngxiǎng
hsk30-b79-2411,7-9,空虚,kōngxū,空虚,kōngxū
hsk30-b79-2412,7-9,恐怖,kǒngbù,恐怖,kǒngbù
hsk30-b79-2413,7-9,恐吓,kǒnghè,恐吓,kǒnghè
hsk30-b79-2414,7-9,恐慌,kǒnghuāng,恐慌,kǒnghuāng
hsk30-b79-2415,7-9,恐惧,kǒngjù,恐惧,kǒngjù
hsk30-b79-2416,7-9,恐龙,kǒnglóng,恐龙,kǒnglóng
hsk30-b79-2417,7-9,空白,kòngbái,空白,kòngbái
hsk30-b79-2418,7-9,空地,kòngdì,空地,kòngdì
hsk30-b79-2419,7-9,空隙,kòngxì,空隙,kòngxì
hsk30-b79-2420,7-9,控告,kònggào,控告,kònggào
hsk30-b79-2421,7-9,抠,kōu,抠,kōu
hsk30-b79-2422,7-9,口碑,kǒubēi,口碑,kǒubēi
hsk30-b79-2423,7-9,口才,kǒucái,口才,kǒucái
hsk30-b79-2424,7-9,口吃,kǒuchī,口吃,kǒuchī
hsk30-b79-2425,7-9,口感,kǒugǎn,口感,kǒugǎn
hsk30-b79-2426,7-9,口径,kǒujìng,口径,kǒujìng
hsk30-b79-2427,7-9,口令,kǒulìng,口令,kǒulìng
hsk30-b79-2428,7-9,口气,kǒuqì,口气,kǒuqì
hsk30-b79-2429,7-9,口腔,kǒuqiāng,口腔,kǒuqiāng
hsk30-b79-2430,7-9,口哨,kǒushào,口哨,kǒushào
hsk30-b79-2431,7-9,口水,kǒushuǐ,口水,kǒushuǐ
hsk30-b79-2432,7-9,口头,kǒutóu,口头,kǒutóu
hsk30-b79-2433,7-9,口味,kǒuwèi,口味,kǒuwèi
hsk30-b79-2434,7-9,口香糖,kǒuxiāngtáng,口香糖,kǒuxiāngtáng
hsk30-b79-2435,7-9,口音,kǒuyīn,口音,kǒuyīn
hsk30-b79-2436,7-9,口罩,kǒuzhào,口罩,kǒuzhào
hsk30-b79-2437,7-9,口子,kǒuzi,口子,kǒuzi
hsk30-b79-2438,7-9,扣除,kòuchú,扣除,kòuchú
hsk30-b79-2439,7-9,扣留,kòuliú,扣留,kòuliú
hsk30-b79-2440,7-9,扣人心弦,kòurénxīnxián,扣人心弦,kòurénxīnxián
hsk30-b79-2441,7-9,扣押,kòuyā,扣押,kòuyā
hsk30-b79-2442,7-9,枯燥,kūzào,枯燥,kūzào
hsk30-b79-2443,7-9,哭泣,kūqì,哭泣,kūqì
hsk30-b79-2444,7-9,哭笑不得,kūxiào-bùdé,哭笑不得,kūxiào-bùdé
hsk30-b79-2445,7-9,窟窿,kūlong,窟窿,kūlong
hsk30-b79-2446,7-9,苦力,kǔlì,苦力,kǔlì
hsk30-b79-2447,7-9,苦练,kǔ liàn,苦练,kǔ liàn
hsk30-b79-2448,7-9,苦难,kǔnàn,苦难,kǔnàn
hsk30-b79-2449,7-9,苦恼,kǔnǎo,苦恼,kǔnǎo
hsk30-b79-2450,7-9,苦笑,kǔxiào,苦笑,kǔxiào
hsk30-b79-2451,7-9,苦心,kǔxīn,苦心,kǔxīn
hsk30-b79-2452,7-9,酷似,kùsì,酷似,kùsì
hsk30-b79-2453,7-9,夸,kuā,夸,kuā
hsk30-b79-2454,7-9,夸大,kuādà,夸大,kuādà
hsk30-b79-2455,7-9,夸奖,kuājiǎng,夸奖,kuājiǎng
hsk30-b79-2456,7-9,夸夸其谈,kuākuā-qítán,夸夸其谈,kuākuā-qítán
hsk30-b79-2457,7-9,夸耀,kuāyào,夸耀,kuāyào
hsk30-b79-2458,7-9,夸张,kuāzhāng,夸张,kuāzhāng
hsk30-b79-2459,7-9,垮,kuǎ,垮,kuǎ
hsk30-b79-2460,7-9,挎,kuà,挎,kuà
hsk30-b79-2461,7-9,跨国,kuàguó,跨国,kuàguó
hsk30-b79-2462,7-9,跨越,kuàyuè,跨越,kuàyuè
hsk30-b79-2463,7-9,快捷,kuàijié,快捷,kuàijié
hsk30-b79-2464,7-9,宽敞,kuānchang,宽敞,kuānchang
hsk30-b79-2465,7-9,宽泛,kuānfàn,宽泛,kuānfàn
hsk30-b79-2466,7-9,宽厚,kuānhòu,宽厚,kuānhòu
hsk30-b79-2467,7-9,宽容,kuānróng,宽容,kuānróng
hsk30-b79-2468,7-9,宽恕,kuānshù,宽恕,kuānshù
hsk30-b79-2469,7-9,宽松,kuānsōng,宽松,kuānsōng
hsk30-b79-2470,7-9,款式,kuǎnshì,款式,kuǎnshì
hsk30-b79-2471,7-9,款项,kuǎnxiàng,款项,kuǎnxiàng
hsk30-b79-2472,7-9,筐,kuāng,筐,kuāng
hsk30-b79-2473,7-9,狂欢,kuánghuān,狂欢,kuánghuān
hsk30-b79-2474,7-9,狂欢节,kuánghuānjié,狂欢节,kuánghuānjié
hsk30-b79-2475,7-9,狂热,kuángrè,狂热,kuángrè
hsk30-b79-2476,7-9,旷课,kuàngkè,旷课,kuàngkè
hsk30-b79-2477,7-9,况且,kuàngqiě,况且,kuàngqiě
hsk30-b79-2478,7-9,矿藏,kuàngcáng,矿藏,kuàngcáng
hsk30-b79-2479,7-9,框,kuàng,框,kuàng
hsk30-b79-2480,7-9,框架,kuàngjià,框架,kuàngjià
hsk30-b79-2481,7-9,亏本,kuīběn,亏本,kuīběn
hsk30-b79-2482,7-9,亏损,kuīsǔn,亏损,kuīsǔn
hsk30-b79-2483,7-9,昆虫,kūnchóng,昆虫,kūnchóng
hsk30-b79-2484,7-9,捆,kǔn,捆,kǔn
hsk30-b79-2485,7-9,困惑,kùnhuò,困惑,kùnhuò
hsk30-b79-2486,7-9,困境,kùnjìng,困境,kùnjìng
hsk30-b79-2487,7-9,扩,kuò,扩,kuò
hsk30-b79-2488,7-9,扩建,kuòjiàn,扩建,kuòjiàn
hsk30-b79-2489,7-9,扩散,kuòsàn,扩散,kuòsàn
hsk30-b79-2490,7-9,扩张,kuòzhāng,扩张,kuòzhāng
hsk30-b79-2491,7-9,括弧,kuòhú,括弧,kuòhú
hsk30-b79-2492,7-9,阔绰,kuòchuò,阔绰,kuòchuò
hsk30-b79-2493,7-9,拉动,lādòng,拉动,lādòng
hsk30-b79-2494,7-9,拉拢,lālǒng,拉拢,lālǒng
hsk30-b79-2495,7-9,拉锁,lāsuǒ,拉锁,lāsuǒ
hsk30-b79-2496,7-9,啦啦队,lālāduì,啦啦队,lālāduì
hsk30-b79-2497,7-9,喇叭,lǎba,喇叭,lǎba
hsk30-b79-2498,7-9,腊月,làyuè,腊月,làyuè
hsk30-b79-2499,7-9,蜡,là,蜡,là
hsk30-b79-2500,7-9,蜡烛,làzhú,蜡烛,làzhú
hsk30-b79-2501,7-9,辣椒,làjiāo,辣椒,làjiāo
hsk30-b79-2502,7-9,来宾,láibīn,来宾,láibīn
hsk30-b79-2503,7-9,来电,láidiàn,来电,láidiàn
hsk30-b79-2504,7-9,来访,láifǎng,来访,láifǎng
hsk30-b79-2505,7-9,来回,láihuí,来回,láihuí
hsk30-b79-2506,7-9,来历,láilì,来历,láilì
hsk30-b79-2507,7-9,来临,láilín,来临,láilín
hsk30-b79-2508,7-9,来龙去脉,láilóng-qùmài,来龙去脉,láilóng-qùmài
hsk30-b79-2509,7-9,来年,láinián,来年,láinián
hsk30-b79-2510,7-9,来源于,láiyuán yú,来源于,láiyuán yú
hsk30-b79-2511,7-9,拦,lán,拦,lán
hsk30-b79-2512,7-9,栏,lán,栏,lán
hsk30-b79-2513,7-9,栏杆,lángān,栏杆,lángān
hsk30-b79-2514,7-9,蓝图,lántú,蓝图,lántú
hsk30-b79-2515,7-9,揽,lǎn,揽,lǎn
hsk30-b79-2516,7-9,缆车,lǎnchē,缆车,lǎnchē
hsk30-b79-2517,7-9,懒得,lǎnde,懒得,lǎnde
hsk30-b79-2518,7-9,懒惰,lǎnduò,懒惰,lǎnduò
hsk30-b79-2519,7-9,滥用,lànyòng,滥用,lànyòng
hsk30-b79-2520,7-9,狼,láng,狼,láng
hsk30-b79-2521,7-9,狼狈,lángbèi,狼狈,lángbèi
hsk30-b79-2522,7-9,朗诵,lǎngsòng,朗诵,lǎngsòng
hsk30-b79-2523,7-9,浪,làng,浪,làng
hsk30-b79-2524,7-9,捞,lāo,捞,lāo
hsk30-b79-2525,7-9,劳动力,láodònglì,劳动力,láodònglì
hsk30-b79-2526,7-9,劳累,láolèi,劳累,láolèi
hsk30-b79-2527,7-9,劳务,láowù,劳务,láowù
hsk30-b79-2528,7-9,牢固,láogù,牢固,láogù
hsk30-b79-2529,7-9,牢记,láojì,牢记,láojì
hsk30-b79-2530,7-9,牢牢,láoláo,牢牢,láoláo
hsk30-b79-2531,7-9,唠叨,láodao,唠叨,láodao
hsk30-b79-2532,7-9,老伴儿,lǎobànr,老伴儿,lǎobànr
hsk30-b79-2533,7-9,老大,lǎodà,老大,lǎodà
hsk30-b79-2534,7-9,老汉,lǎohàn,老汉,lǎohàn
hsk30-b79-2535,7-9,老化,lǎohuà,老化,lǎohuà
hsk30-b79-2536,7-9,老人家,lǎorenjia,老人家,lǎorenjia
hsk30-b79-2537,7-9,老实说,lǎoshishuō,老实说,lǎoshishuō
hsk30-b79-2538,7-9,老远,lǎo yuǎn,老远,lǎo yuǎn
hsk30-b79-2539,7-9,老字号,lǎozìhao,老字号,lǎozìhao
hsk30-b79-2540,7-9,姥姥,lǎolao,姥姥,lǎolao
hsk30-b79-2541,7-9,姥爷,lǎoye,姥爷,lǎoye
hsk30-b79-2542,7-9,涝,lào,涝,lào
hsk30-b79-2543,7-9,乐意,lèyì,乐意,lèyì
hsk30-b79-2544,7-9,乐园,lèyuán,乐园,lèyuán
hsk30-b79-2545,7-9,勒,lēi,勒,lēi
hsk30-b79-2546,7-9,雷同,léitóng,雷同,léitóng
hsk30-b79-2547,7-9,累积,lěijī,累积,lěijī
hsk30-b79-2548,7-9,累计,lěijì,累计,lěijì
hsk30-b79-2549,7-9,类别,lèibié,类别,lèibié
hsk30-b79-2550,7-9,棱角,léngjiǎo,棱角,léngjiǎo
hsk30-b79-2551,7-9,冷淡,lěngdàn,冷淡,lěngdàn
hsk30-b79-2552,7-9,冷冻,lěngdòng,冷冻,lěngdòng
hsk30-b79-2553,7-9,冷酷,lěngkù,冷酷,lěngkù
hsk30-b79-2554,7-9,冷酷无情,lěngkù-wúqíng,冷酷无情,lěngkù-wúqíng
hsk30-b79-2555,7-9,冷落,lěngluò,冷落,lěngluò
hsk30-b79-2556,7-9,冷门,lěngmén,冷门,lěngmén
hsk30-b79-2557,7-9,冷漠,lěngmò,冷漠,lěngmò
hsk30-b79-2558,7-9,冷笑,lěngxiào,冷笑,lěngxiào
hsk30-b79-2559,7-9,冷战,lěngzhàn,冷战,lěngzhàn
hsk30-b79-2560,7-9,愣,lèng,愣,lèng
hsk30-b79-2561,7-9,离谱儿,lípǔr,离谱儿,lípǔr
hsk30-b79-2562,7-9,离奇,líqí,离奇,líqí
hsk30-b79-2563,7-9,离职,lízhí,离职,lízhí
hsk30-b79-2564,7-9,黎明,límíng,黎明,límíng
hsk30-b79-2565,7-9,礼服,lǐfú,礼服,lǐfú
hsk30-b79-2566,7-9,礼品,lǐpǐn,礼品,lǐpǐn
hsk30-b79-2567,7-9,礼仪,lǐyí,礼仪,lǐyí
hsk30-b79-2568,7-9,里程碑,lǐchéngbēi,里程碑,lǐchéngbēi
hsk30-b79-2569,7-9,理睬,lǐcǎi,理睬,lǐcǎi
hsk30-b79-2570,7-9,理会,lǐhuì,理会,lǐhuì
hsk30-b79-2571,7-9,理科,lǐkē,理科,lǐkē
hsk30-b79-2572,7-9,理念,lǐniàn,理念,lǐniàn
hsk30-b79-2573,7-9,理事,lǐshì,理事,lǐshì
hsk30-b79-2574,7-9,理所当然,lǐsuǒdāngrán,理所当然,lǐsuǒdāngrán
hsk30-b79-2575,7-9,理性,lǐxìng,理性,lǐxìng
hsk30-b79-2576,7-9,理直气壮,lǐzhí-qìzhuàng,理直气壮,lǐzhí-qìzhuàng
hsk30-b79-2577,7-9,力不从心,lìbùcóngxīn,力不从心,lìbùcóngxīn
hsk30-b79-2578,7-9,力度,lìdù,力度,lìdù
hsk30-b79-2579,7-9,力求,lìqiú,力求,lìqiú
hsk30-b79-2580,7-9,力所能及,lìsuǒnéngjí,力所能及,lìsuǒnéngjí
hsk30-b79-2581,7-9,力争,lìzhēng,力争,lìzhēng
hsk30-b79-2582,7-9,历程,lìchéng,历程,lìchéng
hsk30-b79-2583,7-9,历届,lìjiè,历届,lìjiè
hsk30-b79-2584,7-9,历经,lìjīng,历经,lìjīng
hsk30-b79-2585,7-9,历来,lìlái,历来,lìlái
hsk30-b79-2586,7-9,历时,lìshí,历时,lìshí
hsk30-b79-2587,7-9,立方,lìfāng,立方,lìfāng
hsk30-b79-2588,7-9,立方米,lìfāngmǐ,立方米,lìfāngmǐ
hsk30-b79-2589,7-9,立功,lìgōng,立功,lìgōng
hsk30-b79-2590,7-9,立交桥,lìjiāoqiáo,立交桥,lìjiāoqiáo
hsk30-b79-2591,7-9,立体,lìtǐ,立体,lìtǐ
hsk30-b79-2592,7-9,立足,lìzú,立足,lìzú
hsk30-b79-2593,7-9,励志,lìzhì,励志,lìzhì
hsk30-b79-2594,7-9,利害,lìhài,利害,lìhài
hsk30-b79-2595,7-9,利率,lìlǜ,利率,lìlǜ
hsk30-b79-2596,7-9,利索,lìsuo,利索,lìsuo
hsk30-b79-2597,7-9,粒,lì,粒,lì
hsk30-b79-2598,7-9,连滚带爬,liángǔn-dàipá,连滚带爬,liángǔn-dàipá
hsk30-b79-2599,7-9,连绵,liánmián,连绵,liánmián
hsk30-b79-2600,7-9,连任,liánrèn,连任,liánrèn
hsk30-b79-2601,7-9,连锁,liánsuǒ,连锁,liánsuǒ
hsk30-b79-2602,7-9,连锁店,liánsuǒdiàn,连锁店,liánsuǒdiàn
hsk30-b79-2603,7-9,连夜,liányè,连夜,liányè
hsk30-b79-2604,7-9,怜惜,liánxī,怜惜,liánxī
hsk30-b79-2605,7-9,帘子,liánzi,帘子,liánzi
hsk30-b79-2606,7-9,莲子,liánzǐ,莲子,liánzǐ
hsk30-b79-2607,7-9,联邦,liánbāng,联邦,liánbāng
hsk30-b79-2608,7-9,联欢,liánhuān,联欢,liánhuān
hsk30-b79-2609,7-9,联网,liánwǎng,联网,liánwǎng
hsk30-b79-2610,7-9,廉价,liánjià,廉价,liánjià
hsk30-b79-2611,7-9,廉洁,liánjié,廉洁,liánjié
hsk30-b79-2612,7-9,廉正,liánzhèng,廉正,liánzhèng
hsk30-b79-2613,7-9,廉政,liánzhèng,廉政,liánzhèng
hsk30-b79-2614,7-9,脸颊,liǎnjiá,脸颊,liǎnjiá
hsk30-b79-2615,7-9,炼,liàn,炼,liàn
hsk30-b79-2616,7-9,恋恋不舍,liànliàn-bùshě,恋恋不舍,liànliàn-bùshě
hsk30-b79-2617,7-9,良,liáng,良,liáng
hsk30-b79-2618,7-9,良心,liángxīn,良心,liángxīn
hsk30-b79-2619,7-9,良性,liángxìng,良性,liángxìng
hsk30-b79-2620,7-9,凉爽,liángshuǎng,凉爽,liángshuǎng
hsk30-b79-2621,7-9,两口子,liǎngkǒuzi,两口子,liǎngkǒuzi
hsk30-b79-2622,7-9,两栖,liǎngqī,两栖,liǎngqī
hsk30-b79-2623,7-9,亮点,liàngdiǎn,亮点,liàngdiǎn
hsk30-b79-2624,7-9,亮丽,liànglì,亮丽,liànglì
hsk30-b79-2625,7-9,亮相,liàngxiàng,亮相,liàngxiàng
hsk30-b79-2626,7-9,谅解,liàngjiě,谅解,liàngjiě
hsk30-b79-2627,7-9,辽阔,liáokuò,辽阔,liáokuò
hsk30-b79-2628,7-9,疗法,liáofǎ,疗法,liáofǎ
hsk30-b79-2629,7-9,疗效,liáoxiào,疗效,liáoxiào
hsk30-b79-2630,7-9,寥寥无几,liáoliáo-wújǐ,寥寥无几,liáoliáo-wújǐ
hsk30-b79-2631,7-9,潦草,liáocǎo,潦草,liáocǎo
hsk30-b79-2632,7-9,了结,liǎojié,了结,liǎojié
hsk30-b79-2633,7-9,了却,liǎoquè,了却,liǎoquè
hsk30-b79-2634,7-9,料到,liàodào,料到,liàodào
hsk30-b79-2635,7-9,料理,liàolǐ,料理,liàolǐ
hsk30-b79-2636,7-9,咧嘴,liězuǐ,咧嘴,liězuǐ
hsk30-b79-2637,7-9,列举,lièjǔ,列举,lièjǔ
hsk30-b79-2638,7-9,劣势,lièshì,劣势,lièshì
hsk30-b79-2639,7-9,劣质,lièzhì,劣质,lièzhì
hsk30-b79-2640,7-9,烈士,lièshì,烈士,lièshì
hsk30-b79-2641,7-9,猎犬,lièquǎn,猎犬,lièquǎn
hsk30-b79-2642,7-9,猎人,lièrén,猎人,lièrén
hsk30-b79-2643,7-9,裂缝,lièfèng,裂缝,lièfèng
hsk30-b79-2644,7-9,裂痕,lièhén,裂痕,lièhén
hsk30-b79-2645,7-9,拎,līn,拎,līn
hsk30-b79-2646,7-9,邻国,línguó,邻国,línguó
hsk30-b79-2647,7-9,临,lín,临,lín
hsk30-b79-2648,7-9,临床,línchuáng,临床,línchuáng
hsk30-b79-2649,7-9,临街,línjiē,临街,línjiē
hsk30-b79-2650,7-9,临近,línjìn,临近,línjìn
hsk30-b79-2651,7-9,淋,lín,淋,lín
hsk30-b79-2652,7-9,灵,líng,灵,líng
hsk30-b79-2653,7-9,灵感,línggǎn,灵感,línggǎn
hsk30-b79-2654,7-9,灵魂,línghún,灵魂,línghún
hsk30-b79-2655,7-9,灵机一动,língjī-yīdòng,灵机一动,língjī-yīdòng
hsk30-b79-2656,7-9,灵敏,língmǐn,灵敏,língmǐn
hsk30-b79-2657,7-9,灵巧,língqiǎo,灵巧,língqiǎo
hsk30-b79-2658,7-9,灵通,língtōng,灵通,língtōng
hsk30-b79-2659,7-9,凌晨,língchén,凌晨,língchén
hsk30-b79-2660,7-9,零花钱,línghuāqián,零花钱,línghuāqián
hsk30-b79-2661,7-9,零件,língjiàn,零件,língjiàn
hsk30-b79-2662,7-9,零钱,língqián,零钱,língqián
hsk30-b79-2663,7-9,零售,língshòu,零售,língshòu
hsk30-b79-2664,7-9,领队,lǐngduì,领队,lǐngduì
hsk30-b79-2665,7-9,领会,lǐnghuì,领会,lǐnghuì
hsk30-b79-2666,7-9,领军,lǐngjūn,领军,lǐngjūn
hsk30-b79-2667,7-9,领略,lǐnglüè,领略,lǐnglüè
hsk30-b79-2668,7-9,领事,lǐngshì,领事,lǐngshì
hsk30-b79-2669,7-9,领事馆,lǐngshìguǎn,领事馆,lǐngshìguǎn
hsk30-b79-2670,7-9,领土,lǐngtǔ,领土,lǐngtǔ
hsk30-b79-2671,7-9,领悟,lǐngwù,领悟,lǐngwù
hsk30-b79-2672,7-9,领养,lǐngyǎng,领养,lǐngyǎng
hsk30-b79-2673,7-9,领域,lǐngyù,领域,lǐngyù
hsk30-b79-2674,7-9,溜,liū,溜,liū
hsk30-b79-2675,7-9,溜达,liūda,溜达,liūda
hsk30-b79-2676,7-9,浏览,liúlǎn,浏览,liúlǎn
hsk30-b79-2677,7-9,浏览器,liúlǎnqì,浏览器,liúlǎnqì
hsk30-b79-2678,7-9,留恋,liúliàn,留恋,liúliàn
hsk30-b79-2679,7-9,留念,liúniàn,留念,liúniàn
hsk30-b79-2680,7-9,留神,liúshén,留神,liúshén
hsk30-b79-2681,7-9,留心,liúxīn,留心,liúxīn
hsk30-b79-2682,7-9,留意,liúyì,留意,liúyì
hsk30-b79-2683,7-9,流畅,liúchàng,流畅,liúchàng
hsk30-b79-2684,7-9,流程,liúchéng,流程,liúchéng
hsk30-b79-2685,7-9,流浪,liúlàng,流浪,liúlàng
hsk30-b79-2686,7-9,流泪,liúlèi,流泪,liúlèi
hsk30-b79-2687,7-9,流量,liúliàng,流量,liúliàng
hsk30-b79-2688,7-9,流露,liúlù,流露,liúlù
hsk30-b79-2689,7-9,流氓,liúmáng,流氓,liúmáng
hsk30-b79-2690,7-9,流入,liúrù,流入,liúrù
hsk30-b79-2691,7-9,流失,liúshī,流失,liúshī
hsk30-b79-2692,7-9,流水,liúshuǐ,流水,liúshuǐ
hsk30-b79-2693,7-9,流淌,liútǎng,流淌,liútǎng
hsk30-b79-2694,7-9,流向,liúxiàng,流向,liúxiàng
hsk30-b79-2695,7-9,流血,liúxuè,流血,liúxuè
hsk30-b79-2696,7-9,流域,liúyù,流域,liúyù
hsk30-b79-2697,7-9,流转,liúzhuǎn,流转,liúzhuǎn
hsk30-b79-2698,7-9,柳树,liǔshù,柳树,liǔshù
hsk30-b79-2699,7-9,遛,liù,遛,liù
hsk30-b79-2700,7-9,龙舟,lóngzhōu,龙舟,lóngzhōu
hsk30-b79-2701,7-9,聋,lóng,聋,lóng
hsk30-b79-2702,7-9,聋人,lóngrén,聋人,lóngrén
hsk30-b79-2703,7-9,笼子,lóngzi,笼子,lóngzi
hsk30-b79-2704,7-9,隆重,lóngzhòng,隆重,lóngzhòng
hsk30-b79-2705,7-9,垄断,lǒngduàn,垄断,lǒngduàn
hsk30-b79-2706,7-9,笼统,lǒngtǒng,笼统,lǒngtǒng
hsk30-b79-2707,7-9,笼罩,lǒngzhào,笼罩,lǒngzhào
hsk30-b79-2708,7-9,搂,lǒu,搂,lǒu
hsk30-b79-2709,7-9,露面,lòumiàn,露面,lòumiàn
hsk30-b79-2710,7-9,芦花,lúhuā,芦花,lúhuā
hsk30-b79-2711,7-9,炉灶,lúzào,炉灶,lúzào
hsk30-b79-2712,7-9,炉子,lúzi,炉子,lúzi
hsk30-b79-2713,7-9,卤味,lǔwèi,卤味,lǔwèi
hsk30-b79-2714,7-9,鲁莽,lǔmǎng,鲁莽,lǔmǎng
hsk30-b79-2715,7-9,录制,lùzhì,录制,lùzhì
hsk30-b79-2716,7-9,鹿,lù,鹿,lù
hsk30-b79-2717,7-9,路程,lùchéng,路程,lùchéng
hsk30-b79-2718,7-9,路灯,lùdēng,路灯,lùdēng
hsk30-b79-2719,7-9,路段,lùduàn,路段,lùduàn
hsk30-b79-2720,7-9,路况,lùkuàng,路况,lùkuàng
hsk30-b79-2721,7-9,路面,lùmiàn,路面,lùmiàn
hsk30-b79-2722,7-9,路人,lùrén,路人,lùrén
hsk30-b79-2723,7-9,路途,lùtú,路途,lùtú
hsk30-b79-2724,7-9,路子,lùzi,路子,lùzi
hsk30-b79-2725,7-9,露天,lùtiān,露天,lùtiān
hsk30-b79-2726,7-9,旅程,lǚchéng,旅程,lǚchéng
hsk30-b79-2727,7-9,旅途,lǚtú,旅途,lǚtú
hsk30-b79-2728,7-9,铝,lǚ,铝,lǚ
hsk30-b79-2729,7-9,屡,lǚ,屡,lǚ
hsk30-b79-2730,7-9,屡次,lǚcì,屡次,lǚcì
hsk30-b79-2731,7-9,缕,lǚ,缕,lǚ
hsk30-b79-2732,7-9,履行,lǚxíng,履行,lǚxíng
hsk30-b79-2733,7-9,率,lǜ,率（成功率）,lǜ (chénggōnglǜ)
hsk30-b79-2734,7-9,绿灯,lǜdēng,绿灯,lǜdēng
hsk30-b79-2735,7-9,绿地,lǜdì,绿地,lǜdì
hsk30-b79-2736,7-9,孪生,luánshēng,孪生,luánshēng
hsk30-b79-2737,7-9,卵,luǎn,卵,luǎn
hsk30-b79-2738,7-9,乱七八糟,luànqībāzāo,乱七八糟,luànqībāzāo
hsk30-b79-2739,7-9,掠夺,lüèduó,掠夺,lüèduó
hsk30-b79-2740,7-9,略,lüè,略,lüè
hsk30-b79-2741,7-9,略微,lüèwēi,略微,lüèwēi
hsk30-b79-2742,7-9,抡,lūn,抡,lūn
hsk30-b79-2743,7-9,伦理,lúnlǐ,伦理,lúnlǐ
hsk30-b79-2744,7-9,轮换,lúnhuàn,轮换,lúnhuàn
hsk30-b79-2745,7-9,轮廓,lúnkuò,轮廓,lúnkuò
hsk30-b79-2746,7-9,轮流,lúnliú,轮流,lúnliú
hsk30-b79-2747,7-9,轮胎,lúntāi,轮胎,lúntāi
hsk30-b79-2748,7-9,论述,lùnshù,论述,lùnshù
hsk30-b79-2749,7-9,论坛,lùntán,论坛,lùntán
hsk30-b79-2750,7-9,论证,lùnzhèng,论证,lùnzhèng
hsk30-b79-2751,7-9,罗,luó,罗,luó
hsk30-b79-2752,7-9,萝卜,luóbo,萝卜,luóbo
hsk30-b79-2753,7-9,螺丝,luósī,螺丝,luósī
hsk30-b79-2754,7-9,裸,luǒ,裸,luǒ
hsk30-b79-2755,7-9,裸露,luǒlù,裸露,luǒlù
hsk30-b79-2756,7-9,络绎不绝,luòyì-bùjué,络绎不绝,luòyì-bùjué
hsk30-b79-2757,7-9,落差,luòchā,落差,luòchā
hsk30-b79-2758,7-9,落地,luòdì,落地,luòdì
hsk30-b79-2759,7-9,落户,luòhù,落户,luòhù
hsk30-b79-2760,7-9,落下,luòxia,落下,luòxia
hsk30-b79-2761,7-9,麻,má,麻,má
hsk30-b79-2762,7-9,麻,má,麻,má
hsk30-b79-2763,7-9,麻痹,mábì,麻痹,mábì
hsk30-b79-2764,7-9,麻将,májiàng,麻将,májiàng
hsk30-b79-2765,7-9,麻辣,málà,麻辣,málà
hsk30-b79-2766,7-9,麻木,mámù,麻木,mámù
hsk30-b79-2767,7-9,麻醉,mázuì,麻醉,mázuì
hsk30-b79-2768,7-9,马后炮,mǎhòupào,马后炮,mǎhòupào
hsk30-b79-2769,7-9,马虎,mǎhu,马虎,mǎhu
hsk30-b79-2770,7-9,马力,mǎlì,马力,mǎlì
hsk30-b79-2771,7-9,马桶,mǎtǒng,马桶,mǎtǒng
hsk30-b79-2772,7-9,马戏,mǎxì,马戏,mǎxì
hsk30-b79-2773,7-9,码,mǎ,码,mǎ
hsk30-b79-2774,7-9,码,mǎ,码,mǎ
hsk30-b79-2775,7-9,埋藏,máicáng,埋藏,máicáng
hsk30-b79-2776,7-9,埋伏,máifú,埋伏,máifú
hsk30-b79-2777,7-9,埋没,máimò,埋没,máimò
hsk30-b79-2778,7-9,买不起,mǎi bu qǐ,买不起,mǎi bu qǐ
hsk30-b79-2779,7-9,迈,mài,迈,mài
hsk30-b79-2780,7-9,迈进,màijìn,迈进,màijìn
hsk30-b79-2781,7-9,卖弄,màinong,卖弄,màinong
hsk30-b79-2782,7-9,脉搏,màibó,脉搏,màibó
hsk30-b79-2783,7-9,脉络,màiluò,脉络,màiluò
hsk30-b79-2784,7-9,埋怨,mányuàn,埋怨,mányuàn
hsk30-b79-2785,7-9,蛮,mán,蛮,mán
hsk30-b79-2786,7-9,瞒,mán,瞒,mán
hsk30-b79-2787,7-9,满怀,mǎnhuái,满怀,mǎnhuái
hsk30-b79-2788,7-9,蔓延,mànyán,蔓延,mànyán
hsk30-b79-2789,7-9,漫,màn,漫,màn
hsk30-b79-2790,7-9,漫游,mànyóu,漫游,mànyóu
hsk30-b79-2791,7-9,慢慢来,mànmàn lái,慢慢来,mànmàn lái
hsk30-b79-2792,7-9,慢性,mànxìng,慢性,mànxìng
hsk30-b79-2793,7-9,忙活,mánghuo,忙活,mánghuo
hsk30-b79-2794,7-9,忙碌,mánglù,忙碌,mánglù
hsk30-b79-2795,7-9,忙乱,mángluàn,忙乱,mángluàn
hsk30-b79-2796,7-9,盲目,mángmù,盲目,mángmù
hsk30-b79-2797,7-9,茫然,mángrán,茫然,mángrán
hsk30-b79-2798,7-9,矛头,máotóu,矛头,máotóu
hsk30-b79-2799,7-9,茅台,Máotái,茅台（酒）,Máotái(jiǔ)
hsk30-b79-2800,7-9,茂密,màomì,茂密,màomì
hsk30-b79-2801,7-9,茂盛,màoshèng,茂盛,màoshèng
hsk30-b79-2802,7-9,冒充,màochōng,冒充,màochōng
hsk30-b79-2803,7-9,冒犯,màofàn,冒犯,màofàn
hsk30-b79-2804,7-9,冒昧,màomèi,冒昧,màomèi
hsk30-b79-2805,7-9,冒险,màoxiǎn,冒险,màoxiǎn
hsk30-b79-2806,7-9,没劲,méijìn,没劲,méijìn
hsk30-b79-2807,7-9,没说的,méishuōde,没说的,méishuōde
hsk30-b79-2808,7-9,没完没了,méiwán-méiliǎo,没完没了,méiwán-méiliǎo
hsk30-b79-2809,7-9,没意思,méi yìsi,没意思,méi yìsi
hsk30-b79-2810,7-9,没辙,méizhé,没辙,méizhé
hsk30-b79-2811,7-9,没准儿,méizhǔnr,没准儿,méizhǔnr
hsk30-b79-2812,7-9,玫瑰,méigui,玫瑰,méigui
hsk30-b79-2813,7-9,枚,méi,枚,méi
hsk30-b79-2814,7-9,眉开眼笑,méikāi-yǎnxiào,眉开眼笑,méikāi-yǎnxiào
hsk30-b79-2815,7-9,眉毛,méimao,眉毛,méimao
hsk30-b79-2816,7-9,煤矿,méikuàng,煤矿,méikuàng
hsk30-b79-2817,7-9,煤炭,méitàn,煤炭,méitàn
hsk30-b79-2818,7-9,每当,měidāng,每当,měidāng
hsk30-b79-2819,7-9,每逢,měiféng,每逢,měiféng
hsk30-b79-2820,7-9,美德,měidé,美德,měidé
hsk30-b79-2821,7-9,美观,měiguān,美观,měiguān
hsk30-b79-2822,7-9,美化,měihuà,美化,měihuà
hsk30-b79-2823,7-9,美景,měijǐng,美景,měijǐng
hsk30-b79-2824,7-9,美满,měimǎn,美满,měimǎn
hsk30-b79-2825,7-9,美妙,měimiào,美妙,měimiào
hsk30-b79-2826,7-9,美人,měirén,美人,měirén
hsk30-b79-2827,7-9,美味,měiwèi,美味,měiwèi
hsk30-b79-2828,7-9,美中不足,měizhōng-bùzú,美中不足,měizhōng-bùzú
hsk30-b79-2829,7-9,美滋滋,měizīzī,美滋滋,měizīzī
hsk30-b79-2830,7-9,魅力,mèilì,魅力,mèilì
hsk30-b79-2831,7-9,闷,mēn,闷,mēn
hsk30-b79-2832,7-9,门当户对,méndāng-hùduì,门当户对,méndāng-hùduì
hsk30-b79-2833,7-9,门槛,ménkǎn,门槛,ménkǎn
hsk30-b79-2834,7-9,门铃,ménlíng,门铃,ménlíng
hsk30-b79-2835,7-9,门路,ménlu,门路,ménlu
hsk30-b79-2836,7-9,闷,mèn,闷,mèn
hsk30-b79-2837,7-9,萌发,méngfā,萌发,méngfā
hsk30-b79-2838,7-9,萌芽,méngyá,萌芽,méngyá
hsk30-b79-2839,7-9,盟友,méngyǒu,盟友,méngyǒu
hsk30-b79-2840,7-9,朦胧,ménglóng,朦胧,ménglóng
hsk30-b79-2841,7-9,猛烈,měngliè,猛烈,měngliè
hsk30-b79-2842,7-9,猛然,měngrán,猛然,měngrán
hsk30-b79-2843,7-9,梦幻,mènghuàn,梦幻,mènghuàn
hsk30-b79-2844,7-9,弥补,míbǔ,弥补,míbǔ
hsk30-b79-2845,7-9,弥漫,mímàn,弥漫,mímàn
hsk30-b79-2846,7-9,迷惑,míhuò,迷惑,míhuò
hsk30-b79-2847,7-9,迷惑不解,míhuò-bùjiě,迷惑不解,míhuò-bùjiě
hsk30-b79-2848,7-9,迷恋,míliàn,迷恋,míliàn
hsk30-b79-2849,7-9,迷路,mílù,迷路,mílù
hsk30-b79-2850,7-9,迷失,míshī,迷失,míshī
hsk30-b79-2851,7-9,谜,mí,谜,mí
hsk30-b79-2852,7-9,谜底,mídǐ,谜底,mídǐ
hsk30-b79-2853,7-9,谜团,mítuán,谜团,mítuán
hsk30-b79-2854,7-9,谜语,míyǔ,谜语,míyǔ
hsk30-b79-2855,7-9,秘方,mìfāng,秘方,mìfāng
hsk30-b79-2856,7-9,秘诀,mìjué,秘诀,mìjué
hsk30-b79-2857,7-9,密不可分,mìbùkěfēn,密不可分,mìbùkěfēn
hsk30-b79-2858,7-9,密度,mìdù,密度,mìdù
hsk30-b79-2859,7-9,密封,mìfēng,密封,mìfēng
hsk30-b79-2860,7-9,密集,mìjí,密集,mìjí
hsk30-b79-2861,7-9,蜜,mì,蜜,mì
hsk30-b79-2862,7-9,蜜蜂,mìfēng,蜜蜂,mìfēng
hsk30-b79-2863,7-9,蜜月,mìyuè,蜜月,mìyuè
hsk30-b79-2864,7-9,棉花,miánhuā,棉花,miánhuā
hsk30-b79-2865,7-9,免,miǎn,免,miǎn
hsk30-b79-2866,7-9,免不了,miǎnbuliǎo,免不了,miǎnbuliǎo
hsk30-b79-2867,7-9,免除,miǎnchú,免除,miǎnchú
hsk30-b79-2868,7-9,免疫,miǎnyì,免疫,miǎnyì
hsk30-b79-2869,7-9,免职,miǎnzhí,免职,miǎnzhí
hsk30-b79-2870,7-9,勉强,miǎnqiǎng,勉强,miǎnqiǎng
hsk30-b79-2871,7-9,缅怀,miǎnhuái,缅怀,miǎnhuái
hsk30-b79-2872,7-9,面部,miànbù,面部,miànbù
hsk30-b79-2873,7-9,面粉,miànfěn,面粉,miànfěn
hsk30-b79-2874,7-9,面红耳赤,miànhóng-ěrchì,面红耳赤,miànhóng-ěrchì
hsk30-b79-2875,7-9,面面俱到,miànmiàn-jùdào,面面俱到,miànmiàn-jùdào
hsk30-b79-2876,7-9,面目全非,miànmù-quánfēi,面目全非,miànmù-quánfēi
hsk30-b79-2877,7-9,苗,miáo,苗,miáo
hsk30-b79-2878,7-9,苗条,miáotiao,苗条,miáotiao
hsk30-b79-2879,7-9,苗头,miáotou,苗头,miáotou
hsk30-b79-2880,7-9,描绘,miáohuì,描绘,miáohuì
hsk30-b79-2881,7-9,瞄准,miáozhǔn,瞄准,miáozhǔn
hsk30-b79-2882,7-9,渺小,miǎoxiǎo,渺小,miǎoxiǎo
hsk30-b79-2883,7-9,庙,miào,庙,miào
hsk30-b79-2884,7-9,庙会,miàohuì,庙会,miàohuì
hsk30-b79-2885,7-9,灭绝,mièjué,灭绝,mièjué
hsk30-b79-2886,7-9,灭亡,mièwáng,灭亡,mièwáng
hsk30-b79-2887,7-9,民办,mínbàn,民办,mínbàn
hsk30-b79-2888,7-9,民俗,mínsú,民俗,mínsú
hsk30-b79-2889,7-9,民用,mínyòng,民用,mínyòng
hsk30-b79-2890,7-9,民众,mínzhòng,民众,mínzhòng
hsk30-b79-2891,7-9,敏捷,mǐnjié,敏捷,mǐnjié
hsk30-b79-2892,7-9,敏锐,mǐnruì,敏锐,mǐnruì
hsk30-b79-2893,7-9,名副其实,míngfùqíshí,名副其实,míngfùqíshí
hsk30-b79-2894,7-9,名贵,míngguì,名贵,míngguì
hsk30-b79-2895,7-9,名利,mínglì,名利,mínglì
hsk30-b79-2896,7-9,名气,míngqi,名气,míngqi
hsk30-b79-2897,7-9,名声,míngshēng,名声,míngshēng
hsk30-b79-2898,7-9,名言,míngyán,名言,míngyán
hsk30-b79-2899,7-9,名著,míngzhù,名著,míngzhù
hsk30-b79-2900,7-9,明朗,mínglǎng,明朗,mínglǎng
hsk30-b79-2901,7-9,明媚,míngmèi,明媚,míngmèi
hsk30-b79-2902,7-9,明智,míngzhì,明智,míngzhì
hsk30-b79-2903,7-9,铭记,míngjì,铭记,míngjì
hsk30-b79-2904,7-9,命,mìng,命,mìng
hsk30-b79-2905,7-9,命名,mìngmíng,命名,mìngmíng
hsk30-b79-2906,7-9,命题,mìngtí,命题,mìngtí
hsk30-b79-2907,7-9,摸索,mōsuǒ,摸索,mōsuǒ
hsk30-b79-2908,7-9,模拟,mónǐ,模拟,mónǐ
hsk30-b79-2909,7-9,磨合,móhé,磨合,móhé
hsk30-b79-2910,7-9,磨难,mónàn,磨难,mónàn
hsk30-b79-2911,7-9,磨损,mósǔn,磨损,mósǔn
hsk30-b79-2912,7-9,蘑菇,mógu,蘑菇,mógu
hsk30-b79-2913,7-9,魔鬼,móguǐ,魔鬼,móguǐ
hsk30-b79-2914,7-9,魔术,móshù,魔术,móshù
hsk30-b79-2915,7-9,抹,mǒ,抹,mǒ
hsk30-b79-2916,7-9,末日,mòrì,末日,mòrì
hsk30-b79-2917,7-9,没落,mòluò,没落,mòluò
hsk30-b79-2918,7-9,陌生,mòshēng,陌生,mòshēng
hsk30-b79-2919,7-9,莫非,mòfēi,莫非,mòfēi
hsk30-b79-2920,7-9,莫过于,mòguòyú,莫过于,mòguòyú
hsk30-b79-2921,7-9,莫名其妙,mòmíngqímiào,莫名其妙,mòmíngqímiào
hsk30-b79-2922,7-9,漠然,mòrán,漠然,mòrán
hsk30-b79-2923,7-9,墨,mò,墨,mò
hsk30-b79-2924,7-9,默读,mòdú,默读,mòdú
hsk30-b79-2925,7-9,默默无闻,mòmò-wúwén,默默无闻,mòmò-wúwén
hsk30-b79-2926,7-9,默契,mòqì,默契,mòqì
hsk30-b79-2927,7-9,谋害,móuhài,谋害,móuhài
hsk30-b79-2928,7-9,谋求,móuqiú,谋求,móuqiú
hsk30-b79-2929,7-9,谋生,móushēng,谋生,móushēng
hsk30-b79-2930,7-9,牡丹,mǔdan,牡丹,mǔdan
hsk30-b79-2931,7-9,亩,mǔ,亩,mǔ
hsk30-b79-2932,7-9,木板,mùbǎn,木板,mùbǎn
hsk30-b79-2933,7-9,木材,mùcái,木材,mùcái
hsk30-b79-2934,7-9,木匠,mùjiàng,木匠,mùjiàng
hsk30-b79-2935,7-9,木偶,mù'ǒu,木偶,mù'ǒu
hsk30-b79-2936,7-9,目不转睛,mùbùzhuǎnjīng,目不转睛,mùbùzhuǎnjīng
hsk30-b79-2937,7-9,目瞪口呆,mùdèng-kǒudāi,目瞪口呆,mùdèng-kǒudāi
hsk30-b79-2938,7-9,目的地,mùdìdì,目的地,mùdìdì
hsk30-b79-2939,7-9,目睹,mùdǔ,目睹,mùdǔ
hsk30-b79-2940,7-9,目录,mùlù,目录,mùlù
hsk30-b79-2941,7-9,目中无人,mùzhōng-wúrén,目中无人,mùzhōng-wúrén
hsk30-b79-2942,7-9,沐浴露,mùyùlù,沐浴露,mùyùlù
hsk30-b79-2943,7-9,牧场,mùchǎng,牧场,mùchǎng
hsk30-b79-2944,7-9,牧民,mùmín,牧民,mùmín
hsk30-b79-2945,7-9,募捐,mùjuān,募捐,mùjuān
hsk30-b79-2946,7-9,墓碑,mùbēi,墓碑,mùbēi
hsk30-b79-2947,7-9,墓地,mùdì,墓地,mùdì
hsk30-b79-2948,7-9,幕,mù,幕,mù
hsk30-b79-2949,7-9,幕后,mùhòu,幕后,mùhòu
hsk30-b79-2950,7-9,穆斯林,mùsīlín,穆斯林,mùsīlín
hsk30-b79-2951,7-9,拿手,náshǒu,拿手,náshǒu
hsk30-b79-2952,7-9,哪知道,nǎ zhīdào,哪知道,nǎ zhīdào
hsk30-b79-2953,7-9,呐喊,nàhǎn,呐喊,nàhǎn
hsk30-b79-2954,7-9,纳闷儿,nàmènr,纳闷儿,nàmènr
hsk30-b79-2955,7-9,纳入,nàrù,纳入,nàrù
hsk30-b79-2956,7-9,纳税,nàshuì,纳税,nàshuì
hsk30-b79-2957,7-9,纳税人,nàshuìrén,纳税人,nàshuìrén
hsk30-b79-2958,7-9,乃,nǎi,乃,nǎi
hsk30-b79-2959,7-9,乃至,nǎizhì,乃至,nǎizhì
hsk30-b79-2960,7-9,耐,nài,耐,nài
hsk30-b79-2961,7-9,耐人寻味,nàirénxúnwèi,耐人寻味,nàirénxúnwèi
hsk30-b79-2962,7-9,耐性,nàixìng,耐性,nàixìng
hsk30-b79-2963,7-9,南瓜,nánguā,南瓜,nánguā
hsk30-b79-2964,7-9,难处,nánchù,难处,nánchù
hsk30-b79-2965,7-9,难得一见,nándé yī jiàn,难得一见,nándé yī jiàn
hsk30-b79-2966,7-9,难点,nándiǎn,难点,nándiǎn
hsk30-b79-2967,7-9,难怪,nánguài,难怪,nánguài
hsk30-b79-2968,7-9,难关,nánguān,难关,nánguān
hsk30-b79-2969,7-9,难堪,nánkān,难堪,nánkān
hsk30-b79-2970,7-9,难说,nánshuō,难说,nánshuō
hsk30-b79-2971,7-9,难为情,nánwéiqíng,难为情,nánwéiqíng
hsk30-b79-2972,7-9,难以想象,nányǐ-xiǎngxiàng,难以想象,nányǐ-xiǎngxiàng
hsk30-b79-2973,7-9,难以置信,nányǐ-zhìxìn,难以置信,nányǐ-zhìxìn
hsk30-b79-2974,7-9,挠,náo,挠,náo
hsk30-b79-2975,7-9,恼羞成怒,nǎoxiū-chéngnù,恼羞成怒,nǎoxiū-chéngnù
hsk30-b79-2976,7-9,脑海,nǎohǎi,脑海,nǎohǎi
hsk30-b79-2977,7-9,脑筋,nǎojīn,脑筋,nǎojīn
hsk30-b79-2978,7-9,闹事,nàoshì,闹事,nàoshì
hsk30-b79-2979,7-9,闹着玩儿,nàozhewánr,闹着玩儿,nàozhewánr
hsk30-b79-2980,7-9,内存,nèicún,内存,nèicún
hsk30-b79-2981,7-9,内阁,nèigé,内阁,nèigé
hsk30-b79-2982,7-9,内涵,nèihán,内涵,nèihán
hsk30-b79-2983,7-9,内行,nèiháng,内行,nèiháng
hsk30-b79-2984,7-9,内幕,nèimù,内幕,nèimù
hsk30-b79-2985,7-9,内向,nèixiàng,内向,nèixiàng
hsk30-b79-2986,7-9,内需,nèixū,内需,nèixū
hsk30-b79-2987,7-9,嫩,nèn,嫩,nèn
hsk30-b79-2988,7-9,能耗,nénghào,能耗,nénghào
hsk30-b79-2989,7-9,能耐,néngnai,能耐,néngnai
hsk30-b79-2990,7-9,能人,néngrén,能人,néngrén
hsk30-b79-2991,7-9,能源,néngyuán,能源,néngyuán
hsk30-b79-2992,7-9,尼龙,nílóng,尼龙,nílóng
hsk30-b79-2993,7-9,泥潭,nítán,泥潭,nítán
hsk30-b79-2994,7-9,泥土,nítǔ,泥土,nítǔ
hsk30-b79-2995,7-9,拟,nǐ,拟,nǐ
hsk30-b79-2996,7-9,拟定,nǐdìng,拟定,nǐdìng
hsk30-b79-2997,7-9,逆,nì,逆,nì
hsk30-b79-2998,7-9,匿名,nìmíng,匿名,nìmíng
hsk30-b79-2999,7-9,年画,niánhuà,年画,niánhuà
hsk30-b79-3000,7-9,年迈,niánmài,年迈,niánmài
hsk30-b79-3001,7-9,年限,niánxiàn,年限,niánxiàn
hsk30-b79-3002,7-9,年薪,niánxīn,年薪,niánxīn
hsk30-b79-3003,7-9,年夜饭,niányèfàn,年夜饭,niányèfàn
hsk30-b79-3004,7-9,年终,niánzhōng,年终,niánzhōng
hsk30-b79-3005,7-9,黏,nián,黏,nián
hsk30-b79-3006,7-9,念念不忘,niànniàn-bùwàng,念念不忘,niànniàn-bùwàng
hsk30-b79-3007,7-9,念书,niànshū,念书,niànshū
hsk30-b79-3008,7-9,念头,niàntou,念头,niàntou
hsk30-b79-3009,7-9,娘,niáng,娘,niáng
hsk30-b79-3010,7-9,酿造,niàngzào,酿造,niàngzào
hsk30-b79-3011,7-9,鸟巢,niǎocháo,鸟巢,niǎocháo
hsk30-b79-3012,7-9,尿,niào,尿,niào
hsk30-b79-3013,7-9,捏,niē,捏,niē
hsk30-b79-3014,7-9,拧,níng,拧,níng
hsk30-b79-3015,7-9,凝固,nínggù,凝固,nínggù
hsk30-b79-3016,7-9,凝聚,níngjù,凝聚,níngjù
hsk30-b79-3017,7-9,拧,nǐng,拧,nǐng
hsk30-b79-3018,7-9,宁可,nìngkě,宁可,nìngkě
hsk30-b79-3019,7-9,宁愿,nìngyuàn,宁愿,nìngyuàn
hsk30-b79-3020,7-9,扭曲,niǔqū,扭曲,niǔqū
hsk30-b79-3021,7-9,扭头,niǔtóu,扭头,niǔtóu
hsk30-b79-3022,7-9,扭转,niǔzhuǎn,扭转,niǔzhuǎn
hsk30-b79-3023,7-9,纽带,niǔdài,纽带,niǔdài
hsk30-b79-3024,7-9,纽扣,niǔkòu,纽扣,niǔkòu
hsk30-b79-3025,7-9,农场,nóngchǎng,农场,nóngchǎng
hsk30-b79-3026,7-9,农历,nónglì,农历,nónglì
hsk30-b79-3027,7-9,农民工,nóngmíngōng,农民工,nóngmíngōng
hsk30-b79-3028,7-9,农作物,nóngzuòwù,农作物,nóngzuòwù
hsk30-b79-3029,7-9,浓厚,nónghòu,浓厚,nónghòu
hsk30-b79-3030,7-9,浓缩,nóngsuō,浓缩,nóngsuō
hsk30-b79-3031,7-9,浓郁,nóngyù,浓郁,nóngyù
hsk30-b79-3032,7-9,浓重,nóngzhòng,浓重,nóngzhòng
hsk30-b79-3033,7-9,弄虚作假,nòngxū-zuòjiǎ,弄虚作假,nòngxū-zuòjiǎ
hsk30-b79-3034,7-9,奴隶,núlì,奴隶,núlì
hsk30-b79-3035,7-9,女婿,nǚxu,女婿,nǚxu
hsk30-b79-3036,7-9,暖烘烘,nuǎnhōnghōng,暖烘烘,nuǎnhōnghōng
hsk30-b79-3037,7-9,虐待,nüèdài,虐待,nüèdài
hsk30-b79-3038,7-9,挪,nuó,挪,nuó
hsk30-b79-3039,7-9,诺言,nuòyán,诺言,nuòyán
hsk30-b79-3040,7-9,哦,ò,哦,ò
hsk30-b79-3041,7-9,殴打,ōudǎ,殴打,ōudǎ
hsk30-b79-3042,7-9,呕吐,ǒutù,呕吐,ǒutù
hsk30-b79-3043,7-9,趴,pā,趴,pā
hsk30-b79-3044,7-9,拍板,pāibǎn,拍板,pāibǎn
hsk30-b79-3045,7-9,拍卖,pāimài,拍卖,pāimài
hsk30-b79-3046,7-9,拍戏,pāixì,拍戏,pāixì
hsk30-b79-3047,7-9,排斥,páichì,排斥,páichì
hsk30-b79-3048,7-9,排放,páifàng,排放,páifàng
hsk30-b79-3049,7-9,排练,páiliàn,排练,páiliàn
hsk30-b79-3050,7-9,徘徊,páihuái,徘徊,páihuái
hsk30-b79-3051,7-9,牌照,páizhào,牌照,páizhào
hsk30-b79-3052,7-9,派别,pàibié,派别,pàibié
hsk30-b79-3053,7-9,派遣,pàiqiǎn,派遣,pàiqiǎn
hsk30-b79-3054,7-9,攀,pān,攀,pān
hsk30-b79-3055,7-9,攀升,pānshēng,攀升,pānshēng
hsk30-b79-3056,7-9,盘,pán,盘,pán
hsk30-b79-3057,7-9,盘算,pánsuan,盘算,pánsuan
hsk30-b79-3058,7-9,判处,pànchǔ,判处,pànchǔ
hsk30-b79-3059,7-9,判定,pàndìng,判定,pàndìng
hsk30-b79-3060,7-9,判决,pànjué,判决,pànjué
hsk30-b79-3061,7-9,盼,pàn,盼,pàn
hsk30-b79-3062,7-9,叛逆,pànnì,叛逆,pànnì
hsk30-b79-3063,7-9,庞大,pángdà,庞大,pángdà
hsk30-b79-3064,7-9,旁观,pángguān,旁观,pángguān
hsk30-b79-3065,7-9,抛,pāo,抛,pāo
hsk30-b79-3066,7-9,抛开,pāokāi,抛开,pāokāi
hsk30-b79-3067,7-9,抛弃,pāoqì,抛弃,pāoqì
hsk30-b79-3068,7-9,刨,páo,刨,páo
hsk30-b79-3069,7-9,跑车,pǎochē,跑车,pǎochē
hsk30-b79-3070,7-9,跑道,pǎodào,跑道,pǎodào
hsk30-b79-3071,7-9,跑龙套,pǎo lóngtào,跑龙套,pǎo lóngtào
hsk30-b79-3072,7-9,泡沫,pàomò,泡沫,pàomò
hsk30-b79-3073,7-9,胚胎,pēitāi,胚胎,pēitāi
hsk30-b79-3074,7-9,陪伴,péibàn,陪伴,péibàn
hsk30-b79-3075,7-9,陪葬,péizàng,陪葬,péizàng
hsk30-b79-3076,7-9,赔钱,péiqián,赔钱,péiqián
hsk30-b79-3077,7-9,佩服,pèifú,佩服,pèifú
hsk30-b79-3078,7-9,配件,pèijiàn,配件,pèijiàn
hsk30-b79-3079,7-9,配偶,pèi'ǒu,配偶,pèi'ǒu
hsk30-b79-3080,7-9,配送,pèisòng,配送,pèisòng
hsk30-b79-3081,7-9,配音,pèiyīn,配音,pèiyīn
hsk30-b79-3082,7-9,喷泉,pēnquán,喷泉,pēnquán
hsk30-b79-3083,7-9,抨击,pēngjī,抨击,pēngjī
hsk30-b79-3084,7-9,烹调,pēngtiáo,烹调,pēngtiáo
hsk30-b79-3085,7-9,蓬勃,péngbó,蓬勃,péngbó
hsk30-b79-3086,7-9,鹏程万里,péngchéng-wànlǐ,鹏程万里,péngchéng-wànlǐ
hsk30-b79-3087,7-9,膨胀,péngzhàng,膨胀,péngzhàng
hsk30-b79-3088,7-9,捧,pěng,捧,pěng
hsk30-b79-3089,7-9,捧场,pěngchǎng,捧场,pěngchǎng
hsk30-b79-3090,7-9,碰钉子,pèng dīngzi,碰钉子,pèng dīngzi
hsk30-b79-3091,7-9,碰巧,pèngqiǎo,碰巧,pèngqiǎo
hsk30-b79-3092,7-9,碰上,pèngshang,碰上,pèngshang
hsk30-b79-3093,7-9,碰撞,pèngzhuàng,碰撞,pèngzhuàng
hsk30-b79-3094,7-9,批发,pīfā,批发,pīfā
hsk30-b79-3095,7-9,批判,pīpàn,批判,pīpàn
hsk30-b79-3096,7-9,披露,pīlù,披露,pīlù
hsk30-b79-3097,7-9,劈,pī,劈,pī
hsk30-b79-3098,7-9,皮带,pídài,皮带,pídài
hsk30-b79-3099,7-9,疲惫,píbèi,疲惫,píbèi
hsk30-b79-3100,7-9,疲惫不堪,píbèi-bùkān,疲惫不堪,píbèi-bùkān
hsk30-b79-3101,7-9,疲倦,píjuàn,疲倦,píjuàn
hsk30-b79-3102,7-9,疲劳,píláo,疲劳,píláo
hsk30-b79-3103,7-9,脾,pí,脾,pí
hsk30-b79-3104,7-9,匹配,pǐpèi,匹配,pǐpèi
hsk30-b79-3105,7-9,媲美,pìměi,媲美,pìměi
hsk30-b79-3106,7-9,僻静,pìjìng,僻静,pìjìng
hsk30-b79-3107,7-9,譬如,pìrú,譬如,pìrú
hsk30-b79-3108,7-9,譬如说,pìrú shuō,譬如说,pìrú shuō
hsk30-b79-3109,7-9,片子,piānzi,片子,piānzi
hsk30-b79-3110,7-9,偏差,piānchā,偏差,piānchā
hsk30-b79-3111,7-9,偏方,piānfāng,偏方,piānfāng
hsk30-b79-3112,7-9,偏见,piānjiàn,偏见,piānjiàn
hsk30-b79-3113,7-9,偏僻,piānpì,偏僻,piānpì
hsk30-b79-3114,7-9,偏偏,piānpiān,偏偏,piānpiān
hsk30-b79-3115,7-9,偏向,piānxiàng,偏向,piānxiàng
hsk30-b79-3116,7-9,偏远,piānyuǎn,偏远,piānyuǎn
hsk30-b79-3117,7-9,篇幅,piānfú,篇幅,piānfú
hsk30-b79-3118,7-9,片段,piànduàn,片段,piànduàn
hsk30-b79-3119,7-9,骗人,piàn rén,骗人,piàn rén
hsk30-b79-3120,7-9,漂,piāo,漂,piāo
hsk30-b79-3121,7-9,飘,piāo,飘,piāo
hsk30-b79-3122,7-9,票房,piàofáng,票房,piàofáng
hsk30-b79-3123,7-9,撇,piě,撇,piě
hsk30-b79-3124,7-9,拼搏,pīnbó,拼搏,pīnbó
hsk30-b79-3125,7-9,拼命,pīnmìng,拼命,pīnmìng
hsk30-b79-3126,7-9,贫富,pín fù,贫富,pín fù
hsk30-b79-3127,7-9,贫穷,pínqióng,贫穷,pínqióng
hsk30-b79-3128,7-9,频率,pínlǜ,频率,pínlǜ
hsk30-b79-3129,7-9,频频,pínpín,频频,pínpín
hsk30-b79-3130,7-9,品尝,pǐncháng,品尝,pǐncháng
hsk30-b79-3131,7-9,品德,pǐndé,品德,pǐndé
hsk30-b79-3132,7-9,品位,pǐnwèi,品位,pǐnwèi
hsk30-b79-3133,7-9,品行,pǐnxíng,品行,pǐnxíng
hsk30-b79-3134,7-9,聘,pìn,聘,pìn
hsk30-b79-3135,7-9,聘任,pìnrèn,聘任,pìnrèn
hsk30-b79-3136,7-9,聘用,pìnyòng,聘用,pìnyòng
hsk30-b79-3137,7-9,乒乓球,pīngpāngqiú,乒乓球,pīngpāngqiú
hsk30-b79-3138,7-9,平常心,píngchángxīn,平常心,píngchángxīn
hsk30-b79-3139,7-9,平淡,píngdàn,平淡,píngdàn
hsk30-b79-3140,7-9,平和,pínghé,平和,pínghé
hsk30-b79-3141,7-9,平价,píngjià,平价,píngjià
hsk30-b79-3142,7-9,平面,píngmiàn,平面,píngmiàn
hsk30-b79-3143,7-9,平民,píngmín,平民,píngmín
hsk30-b79-3144,7-9,平日,píngrì,平日,píngrì
hsk30-b79-3145,7-9,平息,píngxī,平息,píngxī
hsk30-b79-3146,7-9,评定,píngdìng,评定,píngdìng
hsk30-b79-3147,7-9,评论员,pínglùnyuán,评论员,pínglùnyuán
hsk30-b79-3148,7-9,评判,píngpàn,评判,píngpàn
hsk30-b79-3149,7-9,评审,píngshěn,评审,píngshěn
hsk30-b79-3150,7-9,评委,píngwěi,评委,píngwěi
hsk30-b79-3151,7-9,凭借,píngjiè,凭借,píngjiè
hsk30-b79-3152,7-9,凭着,píngzhe,凭着,píngzhe
hsk30-b79-3153,7-9,凭证,píngzhèng,凭证,píngzhèng
hsk30-b79-3154,7-9,瓶颈,píngjǐng,瓶颈,píngjǐng
hsk30-b79-3155,7-9,萍水相逢,píngshuǐ-xiāngféng,萍水相逢,píngshuǐ-xiāngféng
hsk30-b79-3156,7-9,泼冷水,pō lěngshuǐ,泼冷水,pō lěngshuǐ
hsk30-b79-3157,7-9,颇,pō,颇,pō
hsk30-b79-3158,7-9,迫不及待,pòbùjídài,迫不及待,pòbùjídài
hsk30-b79-3159,7-9,迫害,pòhài,迫害,pòhài
hsk30-b79-3160,7-9,迫使,pòshǐ,迫使,pòshǐ
hsk30-b79-3161,7-9,破案,pò'àn,破案,pò'àn
hsk30-b79-3162,7-9,破除,pòchú,破除,pòchú
hsk30-b79-3163,7-9,破解,pòjiě,破解,pòjiě
hsk30-b79-3164,7-9,破旧,pòjiù,破旧,pòjiù
hsk30-b79-3165,7-9,破裂,pòliè,破裂,pòliè
hsk30-b79-3166,7-9,破灭,pòmiè,破灭,pòmiè
hsk30-b79-3167,7-9,破碎,pòsuì,破碎,pòsuì
hsk30-b79-3168,7-9,魄力,pòlì,魄力,pòlì
hsk30-b79-3169,7-9,扑克,pūkè,扑克,pūkè
hsk30-b79-3170,7-9,扑面而来,pūmiàn-érlái,扑面而来,pūmiàn-érlái
hsk30-b79-3171,7-9,铺路,pūlù,铺路,pūlù
hsk30-b79-3172,7-9,菩萨,púsà,菩萨,púsà
hsk30-b79-3173,7-9,朴实,pǔshí,朴实,pǔshí
hsk30-b79-3174,7-9,朴素,pǔsù,朴素,pǔsù
hsk30-b79-3175,7-9,普通人,pǔtōng rén,普通人,pǔtōng rén
hsk30-b79-3176,7-9,谱,pǔ,谱,pǔ
hsk30-b79-3177,7-9,瀑布,pùbù,瀑布,pùbù
hsk30-b79-3178,7-9,七嘴八舌,qīzuǐ-bāshé,七嘴八舌,qīzuǐ-bāshé
hsk30-b79-3179,7-9,沏,qī,沏,qī
hsk30-b79-3180,7-9,凄凉,qīliáng,凄凉,qīliáng
hsk30-b79-3181,7-9,期盼,qīpàn,期盼,qīpàn
hsk30-b79-3182,7-9,欺骗,qīpiàn,欺骗,qīpiàn
hsk30-b79-3183,7-9,欺诈,qīzhà,欺诈,qīzhà
hsk30-b79-3184,7-9,漆,qī,漆,qī
hsk30-b79-3185,7-9,齐心协力,qíxīn-xiélì,齐心协力,qíxīn-xiélì
hsk30-b79-3186,7-9,其后,qíhòu,其后,qíhòu
hsk30-b79-3187,7-9,其间,qíjiān,其间,qíjiān
hsk30-b79-3188,7-9,奇花异草,qíhuā-yìcǎo,奇花异草,qíhuā-yìcǎo
hsk30-b79-3189,7-9,奇迹,qíjì,奇迹,qíjì
hsk30-b79-3190,7-9,奇特,qítè,奇特,qítè
hsk30-b79-3191,7-9,歧视,qíshì,歧视,qíshì
hsk30-b79-3192,7-9,祈祷,qídǎo,祈祷,qídǎo
hsk30-b79-3193,7-9,棋,qí,棋,qí
hsk30-b79-3194,7-9,棋子,qízǐ,棋子,qízǐ
hsk30-b79-3195,7-9,旗袍,qípáo,旗袍,qípáo
hsk30-b79-3196,7-9,旗帜,qízhì,旗帜,qízhì
hsk30-b79-3197,7-9,乞丐,qǐgài,乞丐,qǐgài
hsk30-b79-3198,7-9,乞求,qǐqiú,乞求,qǐqiú
hsk30-b79-3199,7-9,乞讨,qǐtǎo,乞讨,qǐtǎo
hsk30-b79-3200,7-9,岂有此理,qǐyǒucǐlǐ,岂有此理,qǐyǒucǐlǐ
hsk30-b79-3201,7-9,启迪,qǐdí,启迪,qǐdí
hsk30-b79-3202,7-9,启蒙,qǐméng,启蒙,qǐméng
hsk30-b79-3203,7-9,启示,qǐshì,启示,qǐshì
hsk30-b79-3204,7-9,起步,qǐbù,起步,qǐbù
hsk30-b79-3205,7-9,起草,qǐcǎo,起草,qǐcǎo
hsk30-b79-3206,7-9,起程,qǐchéng,起程,qǐchéng
hsk30-b79-3207,7-9,起初,qǐchū,起初,qǐchū
hsk30-b79-3208,7-9,起伏,qǐfú,起伏,qǐfú
hsk30-b79-3209,7-9,起劲,qǐjìn,起劲,qǐjìn
hsk30-b79-3210,7-9,起跑线,qǐpǎoxiàn,起跑线,qǐpǎoxiàn
hsk30-b79-3211,7-9,起源,qǐyuán,起源,qǐyuán
hsk30-b79-3212,7-9,气愤,qìfèn,气愤,qìfèn
hsk30-b79-3213,7-9,气管,qìguǎn,气管,qìguǎn
hsk30-b79-3214,7-9,气馁,qìněi,气馁,qìněi
hsk30-b79-3215,7-9,气派,qìpài,气派,qìpài
hsk30-b79-3216,7-9,气泡,qìpào,气泡,qìpào
hsk30-b79-3217,7-9,气魄,qìpò,气魄,qìpò
hsk30-b79-3218,7-9,气势,qìshì,气势,qìshì
hsk30-b79-3219,7-9,气味,qìwèi,气味,qìwèi
hsk30-b79-3220,7-9,气息,qìxī,气息,qìxī
hsk30-b79-3221,7-9,气质,qìzhì,气质,qìzhì
hsk30-b79-3222,7-9,迄今,qìjīn,迄今,qìjīn
hsk30-b79-3223,7-9,迄今为止,qìjīn-wéizhǐ,迄今为止,qìjīn-wéizhǐ
hsk30-b79-3224,7-9,契机,qìjī,契机,qìjī
hsk30-b79-3225,7-9,契约,qìyuē,契约,qìyuē
hsk30-b79-3226,7-9,器材,qìcái,器材,qìcái
hsk30-b79-3227,7-9,器械,qìxiè,器械,qìxiè
hsk30-b79-3228,7-9,掐,qiā,掐,qiā
hsk30-b79-3229,7-9,卡,qiǎ,卡,qiǎ
hsk30-b79-3230,7-9,卡子,qiǎzi,卡子,qiǎzi
hsk30-b79-3231,7-9,洽谈,qiàtán,洽谈,qiàtán
hsk30-b79-3232,7-9,恰到好处,qiàdào-hǎochù,恰到好处,qiàdào-hǎochù
hsk30-b79-3233,7-9,恰恰相反,qiàqià xiāngfǎn,恰恰相反,qiàqià xiāngfǎn
hsk30-b79-3234,7-9,恰巧,qiàqiǎo,恰巧,qiàqiǎo
hsk30-b79-3235,7-9,恰如其分,qiàrú-qífèn,恰如其分,qiàrú-qífèn
hsk30-b79-3236,7-9,千变万化,qiānbiàn-wànhuà,千变万化,qiānbiàn-wànhuà
hsk30-b79-3237,7-9,千方百计,qiānfāng-bǎijì,千方百计,qiānfāng-bǎijì
hsk30-b79-3238,7-9,千家万户,qiānjiā-wànhù,千家万户,qiānjiā-wànhù
hsk30-b79-3239,7-9,千军万马,qiānjūn-wànmǎ,千军万马,qiānjūn-wànmǎ
hsk30-b79-3240,7-9,千钧一发,qiānjūn-yīfà,千钧一发,qiānjūn-yīfà
hsk30-b79-3241,7-9,迁,qiān,迁,qiān
hsk30-b79-3242,7-9,迁就,qiānjiù,迁就,qiānjiù
hsk30-b79-3243,7-9,迁移,qiānyí,迁移,qiānyí
hsk30-b79-3244,7-9,牵扯,qiānchě,牵扯,qiānchě
hsk30-b79-3245,7-9,牵挂,qiānguà,牵挂,qiānguà
hsk30-b79-3246,7-9,牵涉,qiānshè,牵涉,qiānshè
hsk30-b79-3247,7-9,牵头,qiāntóu,牵头,qiāntóu
hsk30-b79-3248,7-9,牵制,qiānzhì,牵制,qiānzhì
hsk30-b79-3249,7-9,铅,qiān,铅,qiān
hsk30-b79-3250,7-9,谦逊,qiānxùn,谦逊,qiānxùn
hsk30-b79-3251,7-9,签,qiān,签,qiān
hsk30-b79-3252,7-9,签署,qiānshǔ,签署,qiānshǔ
hsk30-b79-3253,7-9,前辈,qiánbèi,前辈,qiánbèi
hsk30-b79-3254,7-9,前不久,qiánbùjiǔ,前不久,qiánbùjiǔ
hsk30-b79-3255,7-9,前赴后继,qiánfù-hòujì,前赴后继,qiánfù-hòujì
hsk30-b79-3256,7-9,前期,qiánqī,前期,qiánqī
hsk30-b79-3257,7-9,前任,qiánrèn,前任,qiánrèn
hsk30-b79-3258,7-9,前所未有,qiánsuǒwèiyǒu,前所未有,qiánsuǒwèiyǒu
hsk30-b79-3259,7-9,前台,qiántái,前台,qiántái
hsk30-b79-3260,7-9,前无古人,qiánwúgǔrén,前无古人,qiánwúgǔrén
hsk30-b79-3261,7-9,前夕,qiánxī,前夕,qiánxī
hsk30-b79-3262,7-9,前线,qiánxiàn,前线,qiánxiàn
hsk30-b79-3263,7-9,前沿,qiányán,前沿,qiányán
hsk30-b79-3264,7-9,前仰后合,qiányǎng-hòuhé,前仰后合,qiányǎng-hòuhé
hsk30-b79-3265,7-9,前者,qiánzhě,前者,qiánzhě
hsk30-b79-3266,7-9,虔诚,qiánchéng,虔诚,qiánchéng
hsk30-b79-3267,7-9,钱财,qiáncái,钱财,qiáncái
hsk30-b79-3268,7-9,钳子,qiánzi,钳子,qiánzi
hsk30-b79-3269,7-9,潜能,qiánnéng,潜能,qiánnéng
hsk30-b79-3270,7-9,潜水,qiánshuǐ,潜水,qiánshuǐ
hsk30-b79-3271,7-9,潜艇,qiántǐng,潜艇,qiántǐng
hsk30-b79-3272,7-9,潜移默化,qiányí-mòhuà,潜移默化,qiányí-mòhuà
hsk30-b79-3273,7-9,潜在,qiánzài,潜在,qiánzài
hsk30-b79-3274,7-9,谴责,qiǎnzé,谴责,qiǎnzé
hsk30-b79-3275,7-9,欠缺,qiànquē,欠缺,qiànquē
hsk30-b79-3276,7-9,欠条,qiàntiáo,欠条,qiàntiáo
hsk30-b79-3277,7-9,歉意,qiànyì,歉意,qiànyì
hsk30-b79-3278,7-9,呛,qiāng,呛,qiāng
hsk30-b79-3279,7-9,枪毙,qiāngbì,枪毙,qiāngbì
hsk30-b79-3280,7-9,腔,qiāng,腔,qiāng
hsk30-b79-3281,7-9,强加,qiángjiā,强加,qiángjiā
hsk30-b79-3282,7-9,强劲,qiángjìng,强劲,qiángjìng
hsk30-b79-3283,7-9,强项,qiángxiàng,强项,qiángxiàng
hsk30-b79-3284,7-9,强行,qiángxíng,强行,qiángxíng
hsk30-b79-3285,7-9,强硬,qiángyìng,强硬,qiángyìng
hsk30-b79-3286,7-9,强占,qiángzhàn,强占,qiángzhàn
hsk30-b79-3287,7-9,强制,qiángzhì,强制,qiángzhì
hsk30-b79-3288,7-9,抢夺,qiǎngduó,抢夺,qiǎngduó
hsk30-b79-3289,7-9,抢劫,qiǎngjié,抢劫,qiǎngjié
hsk30-b79-3290,7-9,抢眼,qiǎngyǎn,抢眼,qiǎngyǎn
hsk30-b79-3291,7-9,敲边鼓,qiāo biāngǔ,敲边鼓,qiāo biāngǔ
hsk30-b79-3292,7-9,敲诈,qiāozhà,敲诈,qiāozhà
hsk30-b79-3293,7-9,乔装,qiáozhuāng,乔装,qiáozhuāng
hsk30-b79-3294,7-9,瞧不起,qiáobuqǐ,瞧不起,qiáobuqǐ
hsk30-b79-3295,7-9,巧合,qiǎohé,巧合,qiǎohé
hsk30-b79-3296,7-9,窍门,qiàomén,窍门,qiàomén
hsk30-b79-3297,7-9,翘,qiào,翘,qiào
hsk30-b79-3298,7-9,撬,qiào,撬,qiào
hsk30-b79-3299,7-9,切除,qiēchú,切除,qiēchú
hsk30-b79-3300,7-9,切断,qiēduàn,切断,qiēduàn
hsk30-b79-3301,7-9,切割,qiēgē,切割,qiēgē
hsk30-b79-3302,7-9,且,qiě,且,qiě
hsk30-b79-3303,7-9,且,qiě,且,qiě
hsk30-b79-3304,7-9,切身,qièshēn,切身,qièshēn
hsk30-b79-3305,7-9,窃取,qièqǔ,窃取,qièqǔ
hsk30-b79-3306,7-9,钦佩,qīnpèi,钦佩,qīnpèi
hsk30-b79-3307,7-9,侵害,qīnhài,侵害,qīnhài
hsk30-b79-3308,7-9,侵略,qīnlüè,侵略,qīnlüè
hsk30-b79-3309,7-9,侵权,qīnquán,侵权,qīnquán
hsk30-b79-3310,7-9,侵占,qīnzhàn,侵占,qīnzhàn
hsk30-b79-3311,7-9,亲和力,qīnhélì,亲和力,qīnhélì
hsk30-b79-3312,7-9,亲近,qīnjìn,亲近,qīnjìn
hsk30-b79-3313,7-9,亲朋好友,qīnpéng-hǎoyǒu,亲朋好友,qīnpéng-hǎoyǒu
hsk30-b79-3314,7-9,亲戚,qīnqi,亲戚,qīnqi
hsk30-b79-3315,7-9,亲情,qīnqíng,亲情,qīnqíng
hsk30-b79-3316,7-9,亲热,qīnrè,亲热,qīnrè
hsk30-b79-3317,7-9,亲身,qīnshēn,亲身,qīnshēn
hsk30-b79-3318,7-9,亲生,qīnshēng,亲生,qīnshēng
hsk30-b79-3319,7-9,亲手,qīnshǒu,亲手,qīnshǒu
hsk30-b79-3320,7-9,亲友,qīnyǒu,亲友,qīnyǒu
hsk30-b79-3321,7-9,勤工俭学,qíngōng-jiǎnxué,勤工俭学,qíngōng-jiǎnxué
hsk30-b79-3322,7-9,勤快,qínkuai,勤快,qínkuai
hsk30-b79-3323,7-9,勤劳,qínláo,勤劳,qínláo
hsk30-b79-3324,7-9,寝室,qǐnshì,寝室,qǐnshì
hsk30-b79-3325,7-9,青春期,qīngchūnqī,青春期,qīngchūnqī
hsk30-b79-3326,7-9,青蛙,qīngwā,青蛙,qīngwā
hsk30-b79-3327,7-9,轻而易举,qīng'éryìjǔ,轻而易举,qīng'éryìjǔ
hsk30-b79-3328,7-9,轻蔑,qīngmiè,轻蔑,qīngmiè
hsk30-b79-3329,7-9,轻微,qīngwēi,轻微,qīngwēi
hsk30-b79-3330,7-9,轻型,qīngxíng,轻型,qīngxíng
hsk30-b79-3331,7-9,倾家荡产,qīngjiā-dàngchǎn,倾家荡产,qīngjiā-dàngchǎn
hsk30-b79-3332,7-9,倾诉,qīngsù,倾诉,qīngsù
hsk30-b79-3333,7-9,倾听,qīngtīng,倾听,qīngtīng
hsk30-b79-3334,7-9,倾销,qīngxiāo,倾销,qīngxiāo
hsk30-b79-3335,7-9,倾斜,qīngxié,倾斜,qīngxié
hsk30-b79-3336,7-9,清除,qīngchú,清除,qīngchú
hsk30-b79-3337,7-9,清脆,qīngcuì,清脆,qīngcuì
hsk30-b79-3338,7-9,清单,qīngdān,清单,qīngdān
hsk30-b79-3339,7-9,清淡,qīngdàn,清淡,qīngdàn
hsk30-b79-3340,7-9,清静,qīngjìng,清静,qīngjìng
hsk30-b79-3341,7-9,清凉,qīngliáng,清凉,qīngliáng
hsk30-b79-3342,7-9,清明,qīngmíng,清明,qīngmíng
hsk30-b79-3343,7-9,清晰,qīngxī,清晰,qīngxī
hsk30-b79-3344,7-9,清新,qīngxīn,清新,qīngxīn
hsk30-b79-3345,7-9,清真寺,qīngzhēnsì,清真寺,qīngzhēnsì
hsk30-b79-3346,7-9,情,qíng,情,qíng
hsk30-b79-3347,7-9,情报,qíngbào,情报,qíngbào
hsk30-b79-3348,7-9,情不自禁,qíngbùzìjīn,情不自禁,qíngbùzìjīn
hsk30-b79-3349,7-9,情调,qíngdiào,情调,qíngdiào
hsk30-b79-3350,7-9,情怀,qínghuái,情怀,qínghuái
hsk30-b79-3351,7-9,情结,qíngjié,情结,qíngjié
hsk30-b79-3352,7-9,情侣,qínglǚ,情侣,qínglǚ
hsk30-b79-3353,7-9,情人,qíngrén,情人,qíngrén
hsk30-b79-3354,7-9,情谊,qíngyì,情谊,qíngyì
hsk30-b79-3355,7-9,情愿,qíngyuàn,情愿,qíngyuàn
hsk30-b79-3356,7-9,请柬,qǐngjiǎn,请柬,qǐngjiǎn
hsk30-b79-3357,7-9,请帖,qǐngtiě,请帖,qǐngtiě
hsk30-b79-3358,7-9,庆典,qìngdiǎn,庆典,qìngdiǎn
hsk30-b79-3359,7-9,庆贺,qìnghè,庆贺,qìnghè
hsk30-b79-3360,7-9,庆幸,qìngxìng,庆幸,qìngxìng
hsk30-b79-3361,7-9,丘陵,qiūlíng,丘陵,qiūlíng
hsk30-b79-3362,7-9,囚犯,qiúfàn,囚犯,qiúfàn
hsk30-b79-3363,7-9,求婚,qiúhūn,求婚,qiúhūn
hsk30-b79-3364,7-9,求救,qiújiù,求救,qiújiù
hsk30-b79-3365,7-9,求学,qiúxué,求学,qiúxué
hsk30-b79-3366,7-9,求医,qiúyī,求医,qiúyī
hsk30-b79-3367,7-9,求证,qiúzhèng,求证,qiúzhèng
hsk30-b79-3368,7-9,求助,qiúzhù,求助,qiúzhù
hsk30-b79-3369,7-9,曲线,qūxiàn,曲线,qūxiàn
hsk30-b79-3370,7-9,曲折,qūzhé,曲折,qūzhé
hsk30-b79-3371,7-9,驱动,qūdòng,驱动,qūdòng
hsk30-b79-3372,7-9,驱逐,qūzhú,驱逐,qūzhú
hsk30-b79-3373,7-9,屈服,qūfú,屈服,qūfú
hsk30-b79-3374,7-9,趋于,qūyú,趋于,qūyú
hsk30-b79-3375,7-9,曲,qǔ,曲,qǔ
hsk30-b79-3376,7-9,取代,qǔdài,取代,qǔdài
hsk30-b79-3377,7-9,取缔,qǔdì,取缔,qǔdì
hsk30-b79-3378,7-9,取而代之,qǔ'érdàizhī,取而代之,qǔ'érdàizhī
hsk30-b79-3379,7-9,取经,qǔjīng,取经,qǔjīng
hsk30-b79-3380,7-9,取决于,qǔjué yú,取决于,qǔjué yú
hsk30-b79-3381,7-9,取暖,qǔnuǎn,取暖,qǔnuǎn
hsk30-b79-3382,7-9,取胜,qǔshèng,取胜,qǔshèng
hsk30-b79-3383,7-9,取笑,qǔxiào,取笑,qǔxiào
hsk30-b79-3384,7-9,娶,qǔ,娶,qǔ
hsk30-b79-3385,7-9,去除,qùchú,去除,qùchú
hsk30-b79-3386,7-9,去处,qùchù,去处,qùchù
hsk30-b79-3387,7-9,去向,qùxiàng,去向,qùxiàng
hsk30-b79-3388,7-9,趣味,qùwèi,趣味,qùwèi
hsk30-b79-3389,7-9,圈套,quāntào,圈套,quāntào
hsk30-b79-3390,7-9,圈子,quānzi,圈子,quānzi
hsk30-b79-3391,7-9,权衡,quánhéng,权衡,quánhéng
hsk30-b79-3392,7-9,权威,quánwēi,权威,quánwēi
hsk30-b79-3393,7-9,权益,quányì,权益,quányì
hsk30-b79-3394,7-9,全长,quáncháng,全长,quáncháng
hsk30-b79-3395,7-9,全程,quánchéng,全程,quánchéng
hsk30-b79-3396,7-9,全方位,quánfāngwèi,全方位,quánfāngwèi
hsk30-b79-3397,7-9,全局,quánjú,全局,quánjú
hsk30-b79-3398,7-9,全力以赴,quánlìyǐfù,全力以赴,quánlìyǐfù
hsk30-b79-3399,7-9,全能,quánnéng,全能,quánnéng
hsk30-b79-3400,7-9,全文,quánwén,全文,quánwén
hsk30-b79-3401,7-9,全心全意,quánxīn-quányì,全心全意,quánxīn-quányì
hsk30-b79-3402,7-9,拳,quán,拳,quán
hsk30-b79-3403,7-9,拳头,quántóu,拳头,quántóu
hsk30-b79-3404,7-9,劝告,quàngào,劝告,quàngào
hsk30-b79-3405,7-9,劝说,quànshuō,劝说,quànshuō
hsk30-b79-3406,7-9,劝阻,quànzǔ,劝阻,quànzǔ
hsk30-b79-3407,7-9,缺口,quēkǒu,缺口,quēkǒu
hsk30-b79-3408,7-9,缺失,quēshī,缺失,quēshī
hsk30-b79-3409,7-9,缺席,quēxí,缺席,quēxí
hsk30-b79-3410,7-9,确切,quèqiè,确切,quèqiè
hsk30-b79-3411,7-9,确信,quèxìn,确信,quèxìn
hsk30-b79-3412,7-9,确凿,quèzáo,确凿,quèzáo
hsk30-b79-3413,7-9,确诊,quèzhěn,确诊,quèzhěn
hsk30-b79-3414,7-9,燃放,ránfàng,燃放,ránfàng
hsk30-b79-3415,7-9,燃气,ránqì,燃气,ránqì
hsk30-b79-3416,7-9,燃油,rányóu,燃油,rányóu
hsk30-b79-3417,7-9,嚷,rǎng,嚷,rǎng
hsk30-b79-3418,7-9,让步,ràngbù,让步,ràngbù
hsk30-b79-3419,7-9,饶,ráo,饶,ráo
hsk30-b79-3420,7-9,饶恕,ráoshù,饶恕,ráoshù
hsk30-b79-3421,7-9,扰乱,rǎoluàn,扰乱,rǎoluàn
hsk30-b79-3422,7-9,绕行,ràoxíng,绕行,ràoxíng
hsk30-b79-3423,7-9,惹,rě,惹,rě
hsk30-b79-3424,7-9,热潮,rècháo,热潮,rècháo
hsk30-b79-3425,7-9,热带,rèdài,热带,rèdài
hsk30-b79-3426,7-9,热气,rèqì,热气,rèqì
hsk30-b79-3427,7-9,热气球,rèqìqiú,热气球,rèqìqiú
hsk30-b79-3428,7-9,热腾腾,rèténgténg,热腾腾,rèténgténg
hsk30-b79-3429,7-9,热衷,rèzhōng,热衷,rèzhōng
hsk30-b79-3430,7-9,人次,réncì,人次,réncì
hsk30-b79-3431,7-9,人道,réndào,人道,réndào
hsk30-b79-3432,7-9,人格,réngé,人格,réngé
hsk30-b79-3433,7-9,人工智能,réngōng-zhìnéng,人工智能,réngōng-zhìnéng
hsk30-b79-3434,7-9,人均,rénjūn,人均,rénjūn
hsk30-b79-3435,7-9,人品,rénpǐn,人品,rénpǐn
hsk30-b79-3436,7-9,人气,rénqì,人气,rénqì
hsk30-b79-3437,7-9,人情,rénqíng,人情,rénqíng
hsk30-b79-3438,7-9,人身,rénshēn,人身,rénshēn
hsk30-b79-3439,7-9,人事,rénshì,人事,rénshì
hsk30-b79-3440,7-9,人手,rénshǒu,人手,rénshǒu
hsk30-b79-3441,7-9,人体,réntǐ,人体,réntǐ
hsk30-b79-3442,7-9,人为,rénwéi,人为,rénwéi
hsk30-b79-3443,7-9,人文,rénwén,人文,rénwén
hsk30-b79-3444,7-9,人行道,rénxíngdào,人行道,rénxíngdào
hsk30-b79-3445,7-9,人性,rénxìng,人性,rénxìng
hsk30-b79-3446,7-9,人选,rénxuǎn,人选,rénxuǎn
hsk30-b79-3447,7-9,人缘儿,rényuánr,人缘儿,rényuánr
hsk30-b79-3448,7-9,人造,rénzào,人造,rénzào
hsk30-b79-3449,7-9,人质,rénzhì,人质,rénzhì
hsk30-b79-3450,7-9,仁慈,réncí,仁慈,réncí
hsk30-b79-3451,7-9,忍饥挨饿,rěnjī-ái'è,忍饥挨饿,rěnjī-ái'è
hsk30-b79-3452,7-9,忍耐,rěnnài,忍耐,rěnnài
hsk30-b79-3453,7-9,忍心,rěnxīn,忍心,rěnxīn
hsk30-b79-3454,7-9,认错,rèncuò,认错,rèncuò
hsk30-b79-3455,7-9,认证,rènzhèng,认证,rènzhèng
hsk30-b79-3456,7-9,认知,rènzhī,认知,rènzhī
hsk30-b79-3457,7-9,任命,rènmìng,任命,rènmìng
hsk30-b79-3458,7-9,任期,rènqī,任期,rènqī
hsk30-b79-3459,7-9,任人宰割,rènrén-zǎigē,任人宰割,rènrén-zǎigē
hsk30-b79-3460,7-9,任意,rènyì,任意,rènyì
hsk30-b79-3461,7-9,任职,rènzhí,任职,rènzhí
hsk30-b79-3462,7-9,韧性,rènxìng,韧性,rènxìng
hsk30-b79-3463,7-9,日程,rìchéng,日程,rìchéng
hsk30-b79-3464,7-9,日复一日,rìfùyīrì,日复一日,rìfùyīrì
hsk30-b79-3465,7-9,日后,rìhòu,日后,rìhòu
hsk30-b79-3466,7-9,日前,rìqián,日前,rìqián
hsk30-b79-3467,7-9,日趋,rìqū,日趋,rìqū
hsk30-b79-3468,7-9,日新月异,rìxīn-yuèyì,日新月异,rìxīn-yuèyì
hsk30-b79-3469,7-9,日益,rìyì,日益,rìyì
hsk30-b79-3470,7-9,荣获,rónghuò,荣获,rónghuò
hsk30-b79-3471,7-9,荣幸,róngxìng,荣幸,róngxìng
hsk30-b79-3472,7-9,荣誉,róngyù,荣誉,róngyù
hsk30-b79-3473,7-9,容光焕发,róngguāng-huànfā,容光焕发,róngguāng-huànfā
hsk30-b79-3474,7-9,容量,róngliàng,容量,róngliàng
hsk30-b79-3475,7-9,容纳,róngnà,容纳,róngnà
hsk30-b79-3476,7-9,容忍,róngrěn,容忍,róngrěn
hsk30-b79-3477,7-9,容许,róngxǔ,容许,róngxǔ
hsk30-b79-3478,7-9,容颜,róngyán,容颜,róngyán
hsk30-b79-3479,7-9,溶解,róngjiě,溶解,róngjiě
hsk30-b79-3480,7-9,融,róng,融,róng
hsk30-b79-3481,7-9,融化,rónghuà,融化,rónghuà
hsk30-b79-3482,7-9,融洽,róngqià,融洽,róngqià
hsk30-b79-3483,7-9,冗长,rǒngcháng,冗长,rǒngcháng
hsk30-b79-3484,7-9,柔和,róuhé,柔和,róuhé
hsk30-b79-3485,7-9,柔软,róuruǎn,柔软,róuruǎn
hsk30-b79-3486,7-9,揉,róu,揉,róu
hsk30-b79-3487,7-9,如果说,rúguǒ shuō,如果说,rúguǒ shuō
hsk30-b79-3488,7-9,如实,rúshí,如实,rúshí
hsk30-b79-3489,7-9,如意,rúyì,如意,rúyì
hsk30-b79-3490,7-9,如愿以偿,rúyuànyǐcháng,如愿以偿,rúyuànyǐcháng
hsk30-b79-3491,7-9,如醉如痴,rúzuì-rúchī,如醉如痴,rúzuì-rúchī
hsk30-b79-3492,7-9,儒家,Rújiā,儒家,Rújiā
hsk30-b79-3493,7-9,儒学,rúxué,儒学,rúxué
hsk30-b79-3494,7-9,入场,rùchǎng,入场,rùchǎng
hsk30-b79-3495,7-9,入场券,rùchǎngquàn,入场券,rùchǎngquàn
hsk30-b79-3496,7-9,入境,rùjìng,入境,rùjìng
hsk30-b79-3497,7-9,入侵,rùqīn,入侵,rùqīn
hsk30-b79-3498,7-9,入手,rùshǒu,入手,rùshǒu
hsk30-b79-3499,7-9,入选,rùxuǎn,入选,rùxuǎn
hsk30-b79-3500,7-9,软弱,ruǎnruò,软弱,ruǎnruò
hsk30-b79-3501,7-9,软实力,ruǎnshílì,软实力,ruǎnshílì
hsk30-b79-3502,7-9,瑞雪,ruìxuě,瑞雪,ruìxuě
hsk30-b79-3503,7-9,润,rùn,润,rùn
hsk30-b79-3504,7-9,若干,ruògān,若干,ruògān
hsk30-b79-3505,7-9,弱点,ruòdiǎn,弱点,ruòdiǎn
hsk30-b79-3506,7-9,弱势,ruòshì,弱势,ruòshì
hsk30-b79-3507,7-9,撒,sā,撒,sā
hsk30-b79-3508,7-9,撒谎,sāhuǎng,撒谎,sāhuǎng
hsk30-b79-3509,7-9,赛车,sàichē,赛车,sàichē
hsk30-b79-3510,7-9,赛跑,sàipǎo,赛跑,sàipǎo
hsk30-b79-3511,7-9,三番五次,sānfān-wǔcì,三番五次,sānfān-wǔcì
hsk30-b79-3512,7-9,三角,sānjiǎo,三角,sānjiǎo
hsk30-b79-3513,7-9,三维,sānwéi,三维,sānwéi
hsk30-b79-3514,7-9,散布,sànbù,散布,sànbù
hsk30-b79-3515,7-9,散发,sànfā,散发,sànfā
hsk30-b79-3516,7-9,桑拿,sāngná,桑拿,sāngná
hsk30-b79-3517,7-9,嗓子,sǎngzi,嗓子,sǎngzi
hsk30-b79-3518,7-9,丧生,sàngshēng,丧生,sàngshēng
hsk30-b79-3519,7-9,骚乱,sāoluàn,骚乱,sāoluàn
hsk30-b79-3520,7-9,骚扰,sāorǎo,骚扰,sāorǎo
hsk30-b79-3521,7-9,扫除,sǎochú,扫除,sǎochú
hsk30-b79-3522,7-9,扫描,sǎomiáo,扫描,sǎomiáo
hsk30-b79-3523,7-9,扫墓,sǎomù,扫墓,sǎomù
hsk30-b79-3524,7-9,扫兴,sǎoxìng,扫兴,sǎoxìng
hsk30-b79-3525,7-9,嫂子,sǎozi,嫂子,sǎozi
hsk30-b79-3526,7-9,僧人,sēngrén,僧人,sēngrén
hsk30-b79-3527,7-9,杀害,shāhài,杀害,shāhài
hsk30-b79-3528,7-9,杀手,shāshǒu,杀手,shāshǒu
hsk30-b79-3529,7-9,沙龙,shālóng,沙龙,shālóng
hsk30-b79-3530,7-9,沙滩,shātān,沙滩,shātān
hsk30-b79-3531,7-9,纱,shā,纱,shā
hsk30-b79-3532,7-9,刹车,shāchē,刹车,shāchē
hsk30-b79-3533,7-9,砂糖,shātáng,砂糖,shātáng
hsk30-b79-3534,7-9,鲨鱼,shāyú,鲨鱼,shāyú
hsk30-b79-3535,7-9,傻瓜,shǎguā,傻瓜,shǎguā
hsk30-b79-3536,7-9,筛,shāi,筛,shāi
hsk30-b79-3537,7-9,筛选,shāixuǎn,筛选,shāixuǎn
hsk30-b79-3538,7-9,晒太阳,shài tàiyáng,晒太阳,shài tàiyáng
hsk30-b79-3539,7-9,山川,shānchuān,山川,shānchuān
hsk30-b79-3540,7-9,山顶,shāndǐng,山顶,shāndǐng
hsk30-b79-3541,7-9,山冈,shāngāng,山冈,shāngāng
hsk30-b79-3542,7-9,山岭,shānlǐng,山岭,shānlǐng
hsk30-b79-3543,7-9,山路,shānlù,山路,shānlù
hsk30-b79-3544,7-9,山寨,shānzhài,山寨,shānzhài
hsk30-b79-3545,7-9,删,shān,删,shān
hsk30-b79-3546,7-9,删除,shānchú,删除,shānchú
hsk30-b79-3547,7-9,煽动,shāndòng,煽动,shāndòng
hsk30-b79-3548,7-9,闪烁,shǎnshuò,闪烁,shǎnshuò
hsk30-b79-3549,7-9,善,shàn,善,shàn
hsk30-b79-3550,7-9,善意,shànyì,善意,shànyì
hsk30-b79-3551,7-9,擅长,shàncháng,擅长,shàncháng
hsk30-b79-3552,7-9,擅自,shànzì,擅自,shànzì
hsk30-b79-3553,7-9,膳食,shànshí,膳食,shànshí
hsk30-b79-3554,7-9,赡养,shànyǎng,赡养,shànyǎng
hsk30-b79-3555,7-9,伤残,shāngcán,伤残,shāngcán
hsk30-b79-3556,7-9,伤感,shānggǎn,伤感,shānggǎn
hsk30-b79-3557,7-9,伤痕,shānghén,伤痕,shānghén
hsk30-b79-3558,7-9,伤脑筋,shāng nǎojīn,伤脑筋,shāng nǎojīn
hsk30-b79-3559,7-9,伤势,shāngshì,伤势,shāngshì
hsk30-b79-3560,7-9,商贩,shāngfàn,商贩,shāngfàn
hsk30-b79-3561,7-9,商贾,shānggǔ,商贾,shānggǔ
hsk30-b79-3562,7-9,商讨,shāngtǎo,商讨,shāngtǎo
hsk30-b79-3563,7-9,上报,shàngbào,上报,shàngbào
hsk30-b79-3564,7-9,上场,shàngchǎng,上场,shàngchǎng
hsk30-b79-3565,7-9,上方,shàngfāng,上方,shàngfāng
hsk30-b79-3566,7-9,上岗,shànggǎng,上岗,shànggǎng
hsk30-b79-3567,7-9,上火,shànghuǒ,上火,shànghuǒ
hsk30-b79-3568,7-9,上空,shàngkōng,上空,shàngkōng
hsk30-b79-3569,7-9,上流,shàngliú,上流,shàngliú
hsk30-b79-3570,7-9,上期,shàng qī,上期,shàng qī
hsk30-b79-3571,7-9,上任,shàngrèn,上任,shàngrèn
hsk30-b79-3572,7-9,上述,shàngshù,上述,shàngshù
hsk30-b79-3573,7-9,上司,shàngsi,上司,shàngsi
hsk30-b79-3574,7-9,上诉,shàngsù,上诉,shàngsù
hsk30-b79-3575,7-9,上调,shàngtiáo,上调,shàngtiáo
hsk30-b79-3576,7-9,上头,shàngtou,上头,shàngtou
hsk30-b79-3577,7-9,上限,shàngxiàn,上限,shàngxiàn
hsk30-b79-3578,7-9,上旬,shàngxún,上旬,shàngxún
hsk30-b79-3579,7-9,上瘾,shàngyǐn,上瘾,shàngyǐn
hsk30-b79-3580,7-9,上映,shàngyìng,上映,shàngyìng
hsk30-b79-3581,7-9,上游,shàngyóu,上游,shàngyóu
hsk30-b79-3582,7-9,尚,shàng,尚,shàng
hsk30-b79-3583,7-9,尚未,shàngwèi,尚未,shàngwèi
hsk30-b79-3584,7-9,捎,shāo,捎,shāo
hsk30-b79-3585,7-9,烧毁,shāohuǐ,烧毁,shāohuǐ
hsk30-b79-3586,7-9,烧烤,shāokǎo,烧烤,shāokǎo
hsk30-b79-3587,7-9,稍后,shāohòu,稍后,shāohòu
hsk30-b79-3588,7-9,稍候,shāohòu,稍候,shāohòu
hsk30-b79-3589,7-9,稍稍,shāoshāo,稍稍,shāoshāo
hsk30-b79-3590,7-9,少不了,shǎobuliǎo,少不了,shǎobuliǎo
hsk30-b79-3591,7-9,少见,shǎojiàn,少见,shǎojiàn
hsk30-b79-3592,7-9,少量,shǎoliàng,少量,shǎoliàng
hsk30-b79-3593,7-9,少有,shǎoyǒu,少有,shǎoyǒu
hsk30-b79-3594,7-9,少林寺,Shàolín Sì,少林寺,Shàolín Sì
hsk30-b79-3595,7-9,少女,shàonǚ,少女,shàonǚ
hsk30-b79-3596,7-9,奢侈,shēchǐ,奢侈,shēchǐ
hsk30-b79-3597,7-9,奢望,shēwàng,奢望,shēwàng
hsk30-b79-3598,7-9,设,shè,设,shè
hsk30-b79-3599,7-9,设定,shèdìng,设定,shèdìng
hsk30-b79-3600,7-9,设法,shèfǎ,设法,shèfǎ
hsk30-b79-3601,7-9,社会主义,shèhuì zhǔyì,社会主义,shèhuì zhǔyì
hsk30-b79-3602,7-9,社交,shèjiāo,社交,shèjiāo
hsk30-b79-3603,7-9,社论,shèlùn,社论,shèlùn
hsk30-b79-3604,7-9,社团,shètuán,社团,shètuán
hsk30-b79-3605,7-9,涉嫌,shèxián,涉嫌,shèxián
hsk30-b79-3606,7-9,摄氏度,shèshìdù,摄氏度,shèshìdù
hsk30-b79-3607,7-9,谁知道,shéi zhīdào,谁知道,shéi zhīdào
hsk30-b79-3608,7-9,申办,shēnbàn,申办,shēnbàn
hsk30-b79-3609,7-9,申报,shēnbào,申报,shēnbào
hsk30-b79-3610,7-9,申领,shēnlǐng,申领,shēnlǐng
hsk30-b79-3611,7-9,伸手,shēnshǒu,伸手,shēnshǒu
hsk30-b79-3612,7-9,伸缩,shēnsuō,伸缩,shēnsuō
hsk30-b79-3613,7-9,伸张,shēnzhāng,伸张,shēnzhāng
hsk30-b79-3614,7-9,身不由己,shēnbùyóujǐ,身不由己,shēnbùyóujǐ
hsk30-b79-3615,7-9,身价,shēnjià,身价,shēnjià
hsk30-b79-3616,7-9,身躯,shēnqū,身躯,shēnqū
hsk30-b79-3617,7-9,身心,shēnxīn,身心,shēnxīn
hsk30-b79-3618,7-9,身影,shēnyǐng,身影,shēnyǐng
hsk30-b79-3619,7-9,身子,shēnzi,身子,shēnzi
hsk30-b79-3620,7-9,绅士,shēnshì,绅士,shēnshì
hsk30-b79-3621,7-9,深奥,shēn'ào,深奥,shēn'ào
hsk30-b79-3622,7-9,深切,shēnqiè,深切,shēnqiè
hsk30-b79-3623,7-9,深情,shēnqíng,深情,shēnqíng
hsk30-b79-3624,7-9,深入人心,shēnrù-rénxīn,深入人心,shēnrù-rénxīn
hsk30-b79-3625,7-9,深受,shēnshòu,深受,shēnshòu
hsk30-b79-3626,7-9,深思,shēnsī,深思,shēnsī
hsk30-b79-3627,7-9,深信,shēnxìn,深信,shēnxìn
hsk30-b79-3628,7-9,深夜,shēnyè,深夜,shēnyè
hsk30-b79-3629,7-9,深远,shēnyuǎn,深远,shēnyuǎn
hsk30-b79-3630,7-9,神气,shénqì,神气,shénqì
hsk30-b79-3631,7-9,神圣,shénshèng,神圣,shénshèng
hsk30-b79-3632,7-9,神态,shéntài,神态,shéntài
hsk30-b79-3633,7-9,神仙,shénxiān,神仙,shénxiān
hsk30-b79-3634,7-9,审,shěn,审,shěn
hsk30-b79-3635,7-9,审定,shěndìng,审定,shěndìng
hsk30-b79-3636,7-9,审核,shěnhé,审核,shěnhé
hsk30-b79-3637,7-9,审美,shěnměi,审美,shěnměi
hsk30-b79-3638,7-9,审判,shěnpàn,审判,shěnpàn
hsk30-b79-3639,7-9,审批,shěnpī,审批,shěnpī
hsk30-b79-3640,7-9,审视,shěnshì,审视,shěnshì
hsk30-b79-3641,7-9,肾,shèn,肾,shèn
hsk30-b79-3642,7-9,甚至于,shènzhìyú,甚至于,shènzhìyú
hsk30-b79-3643,7-9,渗,shèn,渗,shèn
hsk30-b79-3644,7-9,渗透,shèntòu,渗透,shèntòu
hsk30-b79-3645,7-9,慎重,shènzhòng,慎重,shènzhòng
hsk30-b79-3646,7-9,升温,shēngwēn,升温,shēngwēn
hsk30-b79-3647,7-9,生机,shēngjī,生机,shēngjī
hsk30-b79-3648,7-9,生理,shēnglǐ,生理,shēnglǐ
hsk30-b79-3649,7-9,生命线,shēngmìngxiàn,生命线,shēngmìngxiàn
hsk30-b79-3650,7-9,生怕,shēngpà,生怕,shēngpà
hsk30-b79-3651,7-9,生平,shēngpíng,生平,shēngpíng
hsk30-b79-3652,7-9,生前,shēngqián,生前,shēngqián
hsk30-b79-3653,7-9,生死,shēngsǐ,生死,shēngsǐ
hsk30-b79-3654,7-9,生态,shēngtài,生态,shēngtài
hsk30-b79-3655,7-9,生物,shēngwù,生物,shēngwù
hsk30-b79-3656,7-9,生效,shēngxiào,生效,shēngxiào
hsk30-b79-3657,7-9,生涯,shēngyá,生涯,shēngyá
hsk30-b79-3658,7-9,生硬,shēngyìng,生硬,shēngyìng
hsk30-b79-3659,7-9,生育,shēngyù,生育,shēngyù
hsk30-b79-3660,7-9,声称,shēngchēng,声称,shēngchēng
hsk30-b79-3661,7-9,声望,shēngwàng,声望,shēngwàng
hsk30-b79-3662,7-9,声誉,shēngyù,声誉,shēngyù
hsk30-b79-3663,7-9,牲畜,shēngchù,牲畜,shēngchù
hsk30-b79-3664,7-9,绳子,shéngzi,绳子,shéngzi
hsk30-b79-3665,7-9,省略,shěnglüè,省略,shěnglüè
hsk30-b79-3666,7-9,省事,shěngshì,省事,shěngshì
hsk30-b79-3667,7-9,圣贤,shèngxián,圣贤,shèngxián
hsk30-b79-3668,7-9,胜出,shèngchū,胜出,shèngchū
hsk30-b79-3669,7-9,胜任,shèngrèn,胜任,shèngrèn
hsk30-b79-3670,7-9,盛大,shèngdà,盛大,shèngdà
hsk30-b79-3671,7-9,盛会,shènghuì,盛会,shènghuì
hsk30-b79-3672,7-9,盛开,shèngkāi,盛开,shèngkāi
hsk30-b79-3673,7-9,盛气凌人,shèngqì-língrén,盛气凌人,shèngqì-língrén
hsk30-b79-3674,7-9,剩余,shèngyú,剩余,shèngyú
hsk30-b79-3675,7-9,尸体,shītǐ,尸体,shītǐ
hsk30-b79-3676,7-9,失传,shīchuán,失传,shīchuán
hsk30-b79-3677,7-9,失控,shīkòng,失控,shīkòng
hsk30-b79-3678,7-9,失利,shīlì,失利,shīlì
hsk30-b79-3679,7-9,失恋,shīliàn,失恋,shīliàn
hsk30-b79-3680,7-9,失灵,shīlíng,失灵,shīlíng
hsk30-b79-3681,7-9,失落,shīluò,失落,shīluò
hsk30-b79-3682,7-9,失眠,shīmián,失眠,shīmián
hsk30-b79-3683,7-9,失明,shīmíng,失明,shīmíng
hsk30-b79-3684,7-9,失效,shīxiào,失效,shīxiào
hsk30-b79-3685,7-9,失业率,shīyèlǜ,失业率,shīyèlǜ
hsk30-b79-3686,7-9,失踪,shīzōng,失踪,shīzōng
hsk30-b79-3687,7-9,师范,shīfàn,师范,shīfàn
hsk30-b79-3688,7-9,师长,shīzhǎng,师长,shīzhǎng
hsk30-b79-3689,7-9,师资,shīzī,师资,shīzī
hsk30-b79-3690,7-9,狮子,shīzi,狮子,shīzi
hsk30-b79-3691,7-9,施工,shīgōng,施工,shīgōng
hsk30-b79-3692,7-9,施加,shījiā,施加,shījiā
hsk30-b79-3693,7-9,施行,shīxíng,施行,shīxíng
hsk30-b79-3694,7-9,施压,shīyā,施压,shīyā
hsk30-b79-3695,7-9,湿度,shīdù,湿度,shīdù
hsk30-b79-3696,7-9,湿润,shīrùn,湿润,shīrùn
hsk30-b79-3697,7-9,十字路口,shízì lùkǒu,十字路口,shízì lùkǒu
hsk30-b79-3698,7-9,时不时,shíbùshí,时不时,shíbùshí
hsk30-b79-3699,7-9,时段,shíduàn,时段,shíduàn
hsk30-b79-3700,7-9,时隔,shí gé,时隔,shí gé
hsk30-b79-3701,7-9,时好时坏,shíhǎo-shíhuài,时好时坏,shíhǎo-shíhuài
hsk30-b79-3702,7-9,时间表,shíjiānbiǎo,时间表,shíjiānbiǎo
hsk30-b79-3703,7-9,时空,shíkōng,时空,shíkōng
hsk30-b79-3704,7-9,时髦,shímáo,时髦,shímáo
hsk30-b79-3705,7-9,时尚,shíshàng,时尚,shíshàng
hsk30-b79-3706,7-9,时速,shísù,时速,shísù
hsk30-b79-3707,7-9,识别,shíbié,识别,shíbié
hsk30-b79-3708,7-9,实地,shídì,实地,shídì
hsk30-b79-3709,7-9,实话,shíhuà,实话,shíhuà
hsk30-b79-3710,7-9,实话实说,shíhuà-shíshuō,实话实说,shíhuà-shíshuō
hsk30-b79-3711,7-9,实况,shíkuàng,实况,shíkuàng
hsk30-b79-3712,7-9,实事求是,shíshì-qiúshì,实事求是,shíshì-qiúshì
hsk30-b79-3713,7-9,实体,shítǐ,实体,shítǐ
hsk30-b79-3714,7-9,实物,shíwù,实物,shíwù
hsk30-b79-3715,7-9,实质,shízhì,实质,shízhì
hsk30-b79-3716,7-9,食宿,shísù,食宿,shísù
hsk30-b79-3717,7-9,食用,shíyòng,食用,shíyòng
hsk30-b79-3718,7-9,史无前例,shǐwúqiánlì,史无前例,shǐwúqiánlì
hsk30-b79-3719,7-9,使唤,shǐhuan,使唤,shǐhuan
hsk30-b79-3720,7-9,使命,shǐmìng,使命,shǐmìng
hsk30-b79-3721,7-9,使者,shǐzhě,使者,shǐzhě
hsk30-b79-3722,7-9,士气,shìqì,士气,shìqì
hsk30-b79-3723,7-9,示威,shìwēi,示威,shìwēi
hsk30-b79-3724,7-9,示意,shìyì,示意,shìyì
hsk30-b79-3725,7-9,世代,shìdài,世代,shìdài
hsk30-b79-3726,7-9,世故,shìgu,世故,shìgu
hsk30-b79-3727,7-9,世界级,shìjiè jí,世界级,shìjiè jí
hsk30-b79-3728,7-9,世袭,shìxí,世袭,shìxí
hsk30-b79-3729,7-9,市场经济,shìchǎng jīngjì,市场经济,shìchǎng jīngjì
hsk30-b79-3730,7-9,势必,shìbì,势必,shìbì
hsk30-b79-3731,7-9,势不可当,shìbùkědāng,势不可当,shìbùkědāng
hsk30-b79-3732,7-9,势头,shìtou,势头,shìtou
hsk30-b79-3733,7-9,事迹,shìjì,事迹,shìjì
hsk30-b79-3734,7-9,事态,shìtài,事态,shìtài
hsk30-b79-3735,7-9,事务,shìwù,事务,shìwù
hsk30-b79-3736,7-9,事务所,shìwùsuǒ,事务所,shìwùsuǒ
hsk30-b79-3737,7-9,事项,shìxiàng,事项,shìxiàng
hsk30-b79-3738,7-9,事宜,shìyí,事宜,shìyí
hsk30-b79-3739,7-9,侍候,shìhòu,侍候,shìhòu
hsk30-b79-3740,7-9,试探,shìtan,试探,shìtan
hsk30-b79-3741,7-9,试行,shìxíng,试行,shìxíng
hsk30-b79-3742,7-9,试用,shìyòng,试用,shìyòng
hsk30-b79-3743,7-9,试用期,shìyòngqī,试用期,shìyòngqī
hsk30-b79-3744,7-9,视察,shìchá,视察,shìchá
hsk30-b79-3745,7-9,视角,shìjiǎo,视角,shìjiǎo
hsk30-b79-3746,7-9,视觉,shìjué,视觉,shìjué
hsk30-b79-3747,7-9,视力,shìlì,视力,shìlì
hsk30-b79-3748,7-9,视线,shìxiàn,视线,shìxiàn
hsk30-b79-3749,7-9,视野,shìyě,视野,shìyě
hsk30-b79-3750,7-9,柿子,shìzi,柿子,shìzi
hsk30-b79-3751,7-9,是非,shìfēi,是非,shìfēi
hsk30-b79-3752,7-9,适度,shìdù,适度,shìdù
hsk30-b79-3753,7-9,适量,shìliàng,适量,shìliàng
hsk30-b79-3754,7-9,适时,shìshí,适时,shìshí
hsk30-b79-3755,7-9,适宜,shìyí,适宜,shìyí
hsk30-b79-3756,7-9,逝世,shìshì,逝世,shìshì
hsk30-b79-3757,7-9,释放,shìfàng,释放,shìfàng
hsk30-b79-3758,7-9,嗜好,shìhào,嗜好,shìhào
hsk30-b79-3759,7-9,收复,shōufù,收复,shōufù
hsk30-b79-3760,7-9,收据,shōujù,收据,shōujù
hsk30-b79-3761,7-9,收敛,shōuliǎn,收敛,shōuliǎn
hsk30-b79-3762,7-9,收留,shōuliú,收留,shōuliú
hsk30-b79-3763,7-9,收买,shōumǎi,收买,shōumǎi
hsk30-b79-3764,7-9,收视率,shōushìlǜ,收视率,shōushìlǜ
hsk30-b79-3765,7-9,收缩,shōusuō,收缩,shōusuō
hsk30-b79-3766,7-9,收支,shōuzhī,收支,shōuzhī
hsk30-b79-3767,7-9,手臂,shǒubì,手臂,shǒubì
hsk30-b79-3768,7-9,手册,shǒucè,手册,shǒucè
hsk30-b79-3769,7-9,手动,shǒudòng,手动,shǒudòng
hsk30-b79-3770,7-9,手脚,shǒujiǎo,手脚,shǒujiǎo
hsk30-b79-3771,7-9,手帕,shǒupà,手帕,shǒupà
hsk30-b79-3772,7-9,手枪,shǒuqiāng,手枪,shǒuqiāng
hsk30-b79-3773,7-9,手势,shǒushì,手势,shǒushì
hsk30-b79-3774,7-9,手术室,shǒushùshì,手术室,shǒushùshì
hsk30-b79-3775,7-9,手头,shǒutóu,手头,shǒutóu
hsk30-b79-3776,7-9,手腕,shǒuwàn,手腕,shǒuwàn
hsk30-b79-3777,7-9,手艺,shǒuyì,手艺,shǒuyì
hsk30-b79-3778,7-9,手掌,shǒuzhǎng,手掌,shǒuzhǎng
hsk30-b79-3779,7-9,守候,shǒuhòu,守候,shǒuhòu
hsk30-b79-3780,7-9,守护,shǒuhù,守护,shǒuhù
hsk30-b79-3781,7-9,守株待兔,shǒuzhū-dàitù,守株待兔,shǒuzhū-dàitù
hsk30-b79-3782,7-9,首创,shǒuchuàng,首创,shǒuchuàng
hsk30-b79-3783,7-9,首府,shǒufǔ,首府,shǒufǔ
hsk30-b79-3784,7-9,首批,shǒupī,首批,shǒupī
hsk30-b79-3785,7-9,首饰,shǒushì,首饰,shǒushì
hsk30-b79-3786,7-9,首要,shǒuyào,首要,shǒuyào
hsk30-b79-3787,7-9,寿命,shòumìng,寿命,shòumìng
hsk30-b79-3788,7-9,受过,shòuguò,受过,shòuguò
hsk30-b79-3789,7-9,受害,shòuhài,受害,shòuhài
hsk30-b79-3790,7-9,受害人,shòuhàirén,受害人,shòuhàirén
hsk30-b79-3791,7-9,受贿,shòuhuì,受贿,shòuhuì
hsk30-b79-3792,7-9,受惊,shòujīng,受惊,shòujīng
hsk30-b79-3793,7-9,受苦,shòukǔ,受苦,shòukǔ
hsk30-b79-3794,7-9,受理,shòulǐ,受理,shòulǐ
hsk30-b79-3795,7-9,受骗,shòupiàn,受骗,shòupiàn
hsk30-b79-3796,7-9,受益,shòuyì,受益,shòuyì
hsk30-b79-3797,7-9,授权,shòuquán,授权,shòuquán
hsk30-b79-3798,7-9,授予,shòuyǔ,授予,shòuyǔ
hsk30-b79-3799,7-9,售价,shòujià,售价,shòujià
hsk30-b79-3800,7-9,售票,shòupiào,售票,shòupiào
hsk30-b79-3801,7-9,书橱,shūchú,书橱,shūchú
hsk30-b79-3802,7-9,书籍,shūjí,书籍,shūjí
hsk30-b79-3803,7-9,书记,shūjì,书记,shūjì
hsk30-b79-3804,7-9,书面,shūmiàn,书面,shūmiàn
hsk30-b79-3805,7-9,书写,shūxiě,书写,shūxiě
hsk30-b79-3806,7-9,抒情,shūqíng,抒情,shūqíng
hsk30-b79-3807,7-9,枢纽,shūniǔ,枢纽,shūniǔ
hsk30-b79-3808,7-9,梳,shū,梳,shū
hsk30-b79-3809,7-9,梳理,shūlǐ,梳理,shūlǐ
hsk30-b79-3810,7-9,梳子,shūzi,梳子,shūzi
hsk30-b79-3811,7-9,舒畅,shūchàng,舒畅,shūchàng
hsk30-b79-3812,7-9,疏导,shūdǎo,疏导,shūdǎo
hsk30-b79-3813,7-9,疏忽,shūhu,疏忽,shūhu
hsk30-b79-3814,7-9,疏散,shūsàn,疏散,shūsàn
hsk30-b79-3815,7-9,疏通,shūtōng,疏通,shūtōng
hsk30-b79-3816,7-9,输家,shūjiā,输家,shūjiā
hsk30-b79-3817,7-9,输送,shūsòng,输送,shūsòng
hsk30-b79-3818,7-9,输血,shūxuè,输血,shūxuè
hsk30-b79-3819,7-9,输液,shūyè,输液,shūyè
hsk30-b79-3820,7-9,赎,shú,赎,shú
hsk30-b79-3821,7-9,暑期,shǔqī,暑期,shǔqī
hsk30-b79-3822,7-9,属性,shǔxìng,属性,shǔxìng
hsk30-b79-3823,7-9,曙光,shǔguāng,曙光,shǔguāng
hsk30-b79-3824,7-9,束缚,shùfù,束缚,shùfù
hsk30-b79-3825,7-9,树立,shùlì,树立,shùlì
hsk30-b79-3826,7-9,树木,shùmù,树木,shùmù
hsk30-b79-3827,7-9,树梢,shùshāo,树梢,shùshāo
hsk30-b79-3828,7-9,树荫,shùyīn,树荫,shùyīn
hsk30-b79-3829,7-9,树枝,shùzhī,树枝,shùzhī
hsk30-b79-3830,7-9,竖,shù,竖,shù
hsk30-b79-3831,7-9,数额,shù'é,数额,shù'é
hsk30-b79-3832,7-9,数据库,shùjùkù,数据库,shùjùkù
hsk30-b79-3833,7-9,刷新,shuāxīn,刷新,shuāxīn
hsk30-b79-3834,7-9,耍,shuǎ,耍,shuǎ
hsk30-b79-3835,7-9,耍赖,shuǎlài,耍赖,shuǎlài
hsk30-b79-3836,7-9,衰减,shuāijiǎn,衰减,shuāijiǎn
hsk30-b79-3837,7-9,衰竭,shuāijié,衰竭,shuāijié
hsk30-b79-3838,7-9,衰老,shuāilǎo,衰老,shuāilǎo
hsk30-b79-3839,7-9,衰弱,shuāiruò,衰弱,shuāiruò
hsk30-b79-3840,7-9,衰退,shuāituì,衰退,shuāituì
hsk30-b79-3841,7-9,摔跤,shuāijiāo,摔跤,shuāijiāo
hsk30-b79-3842,7-9,甩,shuǎi,甩,shuǎi
hsk30-b79-3843,7-9,率,shuài,率,shuài
hsk30-b79-3844,7-9,拴,shuān,拴,shuān
hsk30-b79-3845,7-9,涮,shuàn,涮,shuàn
hsk30-b79-3846,7-9,双胞胎,shuāngbāotāi,双胞胎,shuāngbāotāi
hsk30-b79-3847,7-9,双边,shuāngbiān,双边,shuāngbiān
hsk30-b79-3848,7-9,双重,shuāngchóng,双重,shuāngchóng
hsk30-b79-3849,7-9,双向,shuāngxiàng,双向,shuāngxiàng
hsk30-b79-3850,7-9,双赢,shuāngyíng,双赢,shuāngyíng
hsk30-b79-3851,7-9,霜,shuāng,霜,shuāng
hsk30-b79-3852,7-9,爽快,shuǎngkuai,爽快,shuǎngkuai
hsk30-b79-3853,7-9,水槽,shuǐcáo,水槽,shuǐcáo
hsk30-b79-3854,7-9,水稻,shuǐdào,水稻,shuǐdào
hsk30-b79-3855,7-9,水管,shuǐguǎn,水管,shuǐguǎn
hsk30-b79-3856,7-9,水壶,shuǐhú,水壶,shuǐhú
hsk30-b79-3857,7-9,水货,shuǐhuò,水货,shuǐhuò
hsk30-b79-3858,7-9,水晶,shuǐjīng,水晶,shuǐjīng
hsk30-b79-3859,7-9,水利,shuǐlì,水利,shuǐlì
hsk30-b79-3860,7-9,水灵灵,shuǐlínglíng,水灵灵,shuǐlínglíng
hsk30-b79-3861,7-9,水龙头,shuǐlóngtóu,水龙头,shuǐlóngtóu
hsk30-b79-3862,7-9,水落石出,shuǐluò-shíchū,水落石出,shuǐluò-shíchū
hsk30-b79-3863,7-9,水面,shuǐmiàn,水面,shuǐmiàn
hsk30-b79-3864,7-9,水手,shuǐshǒu,水手,shuǐshǒu
hsk30-b79-3865,7-9,水温,shuǐwēn,水温,shuǐwēn
hsk30-b79-3866,7-9,水域,shuǐyù,水域,shuǐyù
hsk30-b79-3867,7-9,水源,shuǐyuán,水源,shuǐyuán
hsk30-b79-3868,7-9,水涨船高,shuǐzhǎng-chuángāo,水涨船高,shuǐzhǎng-chuángāo
hsk30-b79-3869,7-9,水准,shuǐzhǔn,水准,shuǐzhǔn
hsk30-b79-3870,7-9,税收,shuìshōu,税收,shuìshōu
hsk30-b79-3871,7-9,税务,shuìwù,税务,shuìwù
hsk30-b79-3872,7-9,睡袋,shuìdài,睡袋,shuìdài
hsk30-b79-3873,7-9,顺便,shùnbiàn,顺便,shùnbiàn
hsk30-b79-3874,7-9,顺差,shùnchā,顺差,shùnchā
hsk30-b79-3875,7-9,顺畅,shùnchàng,顺畅,shùnchàng
hsk30-b79-3876,7-9,顺从,shùncóng,顺从,shùncóng
hsk30-b79-3877,7-9,顺理成章,shùnlǐ-chéngzhāng,顺理成章,shùnlǐ-chéngzhāng
hsk30-b79-3878,7-9,顺路,shùnlù,顺路,shùnlù
hsk30-b79-3879,7-9,顺其自然,shùnqízìrán,顺其自然,shùnqízìrán
hsk30-b79-3880,7-9,顺势,shùnshì,顺势,shùnshì
hsk30-b79-3881,7-9,顺手,shùnshǒu,顺手,shùnshǒu
hsk30-b79-3882,7-9,顺心,shùnxīn,顺心,shùnxīn
hsk30-b79-3883,7-9,顺应,shùnyìng,顺应,shùnyìng
hsk30-b79-3884,7-9,顺着,shùnzhe,顺着,shùnzhe
hsk30-b79-3885,7-9,瞬间,shùnjiān,瞬间,shùnjiān
hsk30-b79-3886,7-9,说白了,shuōbáile,说白了,shuōbáile
hsk30-b79-3887,7-9,说不上,shuōbushàng,说不上,shuōbushàng
hsk30-b79-3888,7-9,说到底,shuōdàodǐ,说到底,shuōdàodǐ
hsk30-b79-3889,7-9,说道,shuōdao,说道,shuōdao
hsk30-b79-3890,7-9,说干就干,shuō gàn jiù gàn,说干就干,shuō gàn jiù gàn
hsk30-b79-3891,7-9,说谎,shuōhuǎng,说谎,shuōhuǎng
hsk30-b79-3892,7-9,说老实话,shuō lǎoshi huà,说老实话,shuō lǎoshi huà
hsk30-b79-3893,7-9,说起来,shuō qǐlái,说起来,shuō qǐlái
hsk30-b79-3894,7-9,说情,shuōqíng,说情,shuōqíng
hsk30-b79-3895,7-9,说闲话,shuō xiánhuà,说闲话,shuō xiánhuà
hsk30-b79-3896,7-9,说真的,shuō zhēnde,说真的,shuō zhēnde
hsk30-b79-3897,7-9,硕果,shuòguǒ,硕果,shuòguǒ
hsk30-b79-3898,7-9,司法,sīfǎ,司法,sīfǎ
hsk30-b79-3899,7-9,司空见惯,sīkōng-jiànguàn,司空见惯,sīkōng-jiànguàn
hsk30-b79-3900,7-9,司令,sīlìng,司令,sīlìng
hsk30-b79-3901,7-9,丝,sī,丝,sī
hsk30-b79-3902,7-9,丝绸,sīchóu,丝绸,sīchóu
hsk30-b79-3903,7-9,丝毫,sīháo,丝毫,sīháo
hsk30-b79-3904,7-9,私房钱,sīfángqián,私房钱,sīfángqián
hsk30-b79-3905,7-9,私家车,sījiāchē,私家车,sījiāchē
hsk30-b79-3906,7-9,私立,sīlì,私立,sīlì
hsk30-b79-3907,7-9,私事,sīshì,私事,sīshì
hsk30-b79-3908,7-9,私下,sīxià,私下,sīxià
hsk30-b79-3909,7-9,私营,sīyíng,私营,sīyíng
hsk30-b79-3910,7-9,私有,sīyǒu,私有,sīyǒu
hsk30-b79-3911,7-9,私自,sīzì,私自,sīzì
hsk30-b79-3912,7-9,思路,sīlù,思路,sīlù
hsk30-b79-3913,7-9,思念,sīniàn,思念,sīniàn
hsk30-b79-3914,7-9,思前想后,sīqián-xiǎnghòu,思前想后,sīqián-xiǎnghòu
hsk30-b79-3915,7-9,思索,sīsuǒ,思索,sīsuǒ
hsk30-b79-3916,7-9,撕,sī,撕,sī
hsk30-b79-3917,7-9,死心,sǐxīn,死心,sǐxīn
hsk30-b79-3918,7-9,死心塌地,sǐxīn-tādì,死心塌地,sǐxīn-tādì
hsk30-b79-3919,7-9,四合院,sìhéyuàn,四合院,sìhéyuàn
hsk30-b79-3920,7-9,四季,sìjì,四季,sìjì
hsk30-b79-3921,7-9,四面八方,sìmiàn-bāfāng,四面八方,sìmiàn-bāfāng
hsk30-b79-3922,7-9,寺庙,sìmiào,寺庙,sìmiào
hsk30-b79-3923,7-9,似曾相识,sìcéng-xiāngshí,似曾相识,sìcéng-xiāngshí
hsk30-b79-3924,7-9,似是而非,sìshì-érfēi,似是而非,sìshì-érfēi
hsk30-b79-3925,7-9,伺机,sìjī,伺机,sìjī
hsk30-b79-3926,7-9,饲料,sìliào,饲料,sìliào
hsk30-b79-3927,7-9,饲养,sìyǎng,饲养,sìyǎng
hsk30-b79-3928,7-9,松绑,sōngbǎng,松绑,sōngbǎng
hsk30-b79-3929,7-9,松弛,sōngchí,松弛,sōngchí
hsk30-b79-3930,7-9,耸立,sǒnglì,耸立,sǒnglì
hsk30-b79-3931,7-9,送别,sòngbié,送别,sòngbié
hsk30-b79-3932,7-9,搜查,sōuchá,搜查,sōuchá
hsk30-b79-3933,7-9,搜集,sōují,搜集,sōují
hsk30-b79-3934,7-9,搜救,sōujiù,搜救,sōujiù
hsk30-b79-3935,7-9,搜寻,sōuxún,搜寻,sōuxún
hsk30-b79-3936,7-9,艘,sōu,艘,sōu
hsk30-b79-3937,7-9,苏醒,sūxǐng,苏醒,sūxǐng
hsk30-b79-3938,7-9,酥,sū,酥,sū
hsk30-b79-3939,7-9,俗,sú,俗,sú
hsk30-b79-3940,7-9,俗话,súhuà,俗话,súhuà
hsk30-b79-3941,7-9,俗话说,súhuà shuō,俗话说,súhuà shuō
hsk30-b79-3942,7-9,俗语,súyǔ,俗语,súyǔ
hsk30-b79-3943,7-9,诉苦,sùkǔ,诉苦,sùkǔ
hsk30-b79-3944,7-9,诉说,sùshuō,诉说,sùshuō
hsk30-b79-3945,7-9,诉讼,sùsòng,诉讼,sùsòng
hsk30-b79-3946,7-9,素,sù,素,sù
hsk30-b79-3947,7-9,素不相识,sùbùxiāngshí,素不相识,sùbùxiāngshí
hsk30-b79-3948,7-9,素材,sùcái,素材,sùcái
hsk30-b79-3949,7-9,素描,sùmiáo,素描,sùmiáo
hsk30-b79-3950,7-9,素食,sùshí,素食,sùshí
hsk30-b79-3951,7-9,素养,sùyǎng,素养,sùyǎng
hsk30-b79-3952,7-9,塑造,sùzào,塑造,sùzào
hsk30-b79-3953,7-9,蒜,suàn,蒜,suàn
hsk30-b79-3954,7-9,算计,suànjì,算计,suànjì
hsk30-b79-3955,7-9,算盘,suànpán,算盘,suànpán
hsk30-b79-3956,7-9,算账,suànzhàng,算账,suànzhàng
hsk30-b79-3957,7-9,虽说,suīshuō,虽说,suīshuō
hsk30-b79-3958,7-9,随处可见,suíchù kě jiàn,随处可见,suíchù kě jiàn
hsk30-b79-3959,7-9,随大溜,suí dàliù,随大溜,suí dàliù
hsk30-b79-3960,7-9,随机,suíjī,随机,suíjī
hsk30-b79-3961,7-9,随即,suíjí,随即,suíjí
hsk30-b79-3962,7-9,随身,suíshēn,随身,suíshēn
hsk30-b79-3963,7-9,随时随地,suíshí-suídì,随时随地,suíshí-suídì
hsk30-b79-3964,7-9,随心所欲,suíxīnsuǒyù,随心所欲,suíxīnsuǒyù
hsk30-b79-3965,7-9,遂心,suìxīn,遂心,suìxīn
hsk30-b79-3966,7-9,隧道,suìdào,隧道,suìdào
hsk30-b79-3967,7-9,损,sǔn,损,sǔn
hsk30-b79-3968,7-9,损坏,sǔnhuài,损坏,sǔnhuài
hsk30-b79-3969,7-9,损人利己,sǔnrén-lìjǐ,损人利己,sǔnrén-lìjǐ
hsk30-b79-3970,7-9,损伤,sǔnshāng,损伤,sǔnshāng
hsk30-b79-3971,7-9,缩,suō,缩,suō
hsk30-b79-3972,7-9,缩水,suōshuǐ,缩水,suōshuǐ
hsk30-b79-3973,7-9,缩影,suōyǐng,缩影,suōyǐng
hsk30-b79-3974,7-9,所属,suǒshǔ,所属,suǒshǔ
hsk30-b79-3975,7-9,所谓,suǒwèi,所谓,suǒwèi
hsk30-b79-3976,7-9,所作所为,suǒzuò-suǒwéi,所作所为,suǒzuò-suǒwéi
hsk30-b79-3977,7-9,索赔,suǒpéi,索赔,suǒpéi
hsk30-b79-3978,7-9,索取,suǒqǔ,索取,suǒqǔ
hsk30-b79-3979,7-9,索性,suǒxìng,索性,suǒxìng
hsk30-b79-3980,7-9,锁定,suǒdìng,锁定,suǒdìng
hsk30-b79-3981,7-9,他人,tārén,他人,tārén
hsk30-b79-3982,7-9,塌,tā,塌,tā
hsk30-b79-3983,7-9,踏上,tàshang,踏上,tàshang
hsk30-b79-3984,7-9,胎,tāi,胎,tāi
hsk30-b79-3985,7-9,胎儿,tāi'ér,胎儿,tāi'ér
hsk30-b79-3986,7-9,台球,táiqiú,台球,táiqiú
hsk30-b79-3987,7-9,太极,tàijí,太极,tàijí
hsk30-b79-3988,7-9,太极拳,tàijíquán,太极拳,tàijíquán
hsk30-b79-3989,7-9,太平,tàipíng,太平,tàipíng
hsk30-b79-3990,7-9,泰斗,tàidǒu,泰斗,tàidǒu
hsk30-b79-3991,7-9,贪,tān,贪,tān
hsk30-b79-3992,7-9,贪婪,tānlán,贪婪,tānlán
hsk30-b79-3993,7-9,贪玩儿,tānwánr,贪玩儿,tānwánr
hsk30-b79-3994,7-9,贪污,tānwū,贪污,tānwū
hsk30-b79-3995,7-9,摊,tān,摊,tān
hsk30-b79-3996,7-9,瘫,tān,瘫,tān
hsk30-b79-3997,7-9,瘫痪,tānhuàn,瘫痪,tānhuàn
hsk30-b79-3998,7-9,坛,tán,坛,tán
hsk30-b79-3999,7-9,谈不上,tán bu shàng,谈不上,tán bu shàng
hsk30-b79-4000,7-9,谈到,tándào,谈到,tándào
hsk30-b79-4001,7-9,谈论,tánlùn,谈论,tánlùn
hsk30-b79-4002,7-9,谈起,tánqǐ,谈起,tánqǐ
hsk30-b79-4003,7-9,弹性,tánxìng,弹性,tánxìng
hsk30-b79-4004,7-9,痰,tán,痰,tán
hsk30-b79-4005,7-9,坦白,tǎnbái,坦白,tǎnbái
hsk30-b79-4006,7-9,坦诚,tǎnchéng,坦诚,tǎnchéng
hsk30-b79-4007,7-9,坦克,tǎnkè,坦克,tǎnkè
hsk30-b79-4008,7-9,坦然,tǎnrán,坦然,tǎnrán
hsk30-b79-4009,7-9,坦率,tǎnshuài,坦率,tǎnshuài
hsk30-b79-4010,7-9,毯子,tǎnzi,毯子,tǎnzi
hsk30-b79-4011,7-9,炭,tàn,炭,tàn
hsk30-b79-4012,7-9,探,tàn,探,tàn
hsk30-b79-4013,7-9,探测,tàncè,探测,tàncè
hsk30-b79-4014,7-9,探亲,tànqīn,探亲,tànqīn
hsk30-b79-4015,7-9,探求,tànqiú,探求,tànqiú
hsk30-b79-4016,7-9,探望,tànwàng,探望,tànwàng
hsk30-b79-4017,7-9,探险,tànxiǎn,探险,tànxiǎn
hsk30-b79-4018,7-9,碳,tàn,碳,tàn
hsk30-b79-4019,7-9,汤圆,tāngyuán,汤圆,tāngyuán
hsk30-b79-4020,7-9,堂,táng,堂,táng
hsk30-b79-4021,7-9,糖果,tángguǒ,糖果,tángguǒ
hsk30-b79-4022,7-9,糖尿病,tángniàobìng,糖尿病,tángniàobìng
hsk30-b79-4023,7-9,倘若,tǎngruò,倘若,tǎngruò
hsk30-b79-4024,7-9,淌,tǎng,淌,tǎng
hsk30-b79-4025,7-9,烫,tàng,烫,tàng
hsk30-b79-4026,7-9,掏钱,tāo qián,掏钱,tāo qián
hsk30-b79-4027,7-9,滔滔不绝,tāotāo-bùjué,滔滔不绝,tāotāo-bùjué
hsk30-b79-4028,7-9,逃避,táobì,逃避,táobì
hsk30-b79-4029,7-9,逃生,táoshēng,逃生,táoshēng
hsk30-b79-4030,7-9,逃亡,táowáng,逃亡,táowáng
hsk30-b79-4031,7-9,陶瓷,táocí,陶瓷,táocí
hsk30-b79-4032,7-9,陶冶,táoyě,陶冶,táoyě
hsk30-b79-4033,7-9,陶醉,táozuì,陶醉,táozuì
hsk30-b79-4034,7-9,淘,táo,淘,táo
hsk30-b79-4035,7-9,淘气,táoqì,淘气,táoqì
hsk30-b79-4036,7-9,淘汰,táotài,淘汰,táotài
hsk30-b79-4037,7-9,讨,tǎo,讨,tǎo
hsk30-b79-4038,7-9,讨好,tǎohǎo,讨好,tǎohǎo
hsk30-b79-4039,7-9,讨价还价,tǎojià-huánjià,讨价还价,tǎojià-huánjià
hsk30-b79-4040,7-9,讨人喜欢,tǎo rén xǐhuan,讨人喜欢,tǎo rén xǐhuan
hsk30-b79-4041,7-9,特产,tèchǎn,特产,tèchǎn
hsk30-b79-4042,7-9,特长,tècháng,特长,tècháng
hsk30-b79-4043,7-9,特例,tèlì,特例,tèlì
hsk30-b79-4044,7-9,特权,tèquán,特权,tèquán
hsk30-b79-4045,7-9,特邀,tèyāo,特邀,tèyāo
hsk30-b79-4046,7-9,特制,tèzhì,特制,tèzhì
hsk30-b79-4047,7-9,特质,tèzhì,特质,tèzhì
hsk30-b79-4048,7-9,腾,téng,腾,téng
hsk30-b79-4049,7-9,藤椅,téngyǐ,藤椅,téngyǐ
hsk30-b79-4050,7-9,剔除,tīchú,剔除,tīchú
hsk30-b79-4051,7-9,梯子,tīzi,梯子,tīzi
hsk30-b79-4052,7-9,提拔,tíbá,提拔,tíbá
hsk30-b79-4053,7-9,提炼,tíliàn,提炼,tíliàn
hsk30-b79-4054,7-9,提名,tímíng,提名,tímíng
hsk30-b79-4055,7-9,提速,tísù,提速,tísù
hsk30-b79-4056,7-9,提心吊胆,tíxīn-diàodǎn,提心吊胆,tíxīn-diàodǎn
hsk30-b79-4057,7-9,提议,tíyì,提议,tíyì
hsk30-b79-4058,7-9,提早,tízǎo,提早,tízǎo
hsk30-b79-4059,7-9,体谅,tǐliàng,体谅,tǐliàng
hsk30-b79-4060,7-9,体面,tǐmiàn,体面,tǐmiàn
hsk30-b79-4061,7-9,体能,tǐnéng,体能,tǐnéng
hsk30-b79-4062,7-9,体贴,tǐtiē,体贴,tǐtiē
hsk30-b79-4063,7-9,体温,tǐwēn,体温,tǐwēn
hsk30-b79-4064,7-9,体系,tǐxì,体系,tǐxì
hsk30-b79-4065,7-9,体制,tǐzhì,体制,tǐzhì
hsk30-b79-4066,7-9,体质,tǐzhì,体质,tǐzhì
hsk30-b79-4067,7-9,剃,tì,剃,tì
hsk30-b79-4068,7-9,替换,tìhuàn,替换,tìhuàn
hsk30-b79-4069,7-9,替身,tìshēn,替身,tìshēn
hsk30-b79-4070,7-9,天长地久,tiāncháng-dìjiǔ,天长地久,tiāncháng-dìjiǔ
hsk30-b79-4071,7-9,天地,tiāndì,天地,tiāndì
hsk30-b79-4072,7-9,天鹅,tiān'é,天鹅,tiān'é
hsk30-b79-4073,7-9,天分,tiānfèn,天分,tiānfèn
hsk30-b79-4074,7-9,天赋,tiānfù,天赋,tiānfù
hsk30-b79-4075,7-9,天经地义,tiānjīng-dìyì,天经地义,tiānjīng-dìyì
hsk30-b79-4076,7-9,天平,tiānpíng,天平,tiānpíng
hsk30-b79-4077,7-9,天桥,tiānqiáo,天桥,tiānqiáo
hsk30-b79-4078,7-9,天生,tiānshēng,天生,tiānshēng
hsk30-b79-4079,7-9,天使,tiānshǐ,天使,tiānshǐ
hsk30-b79-4080,7-9,天线,tiānxiàn,天线,tiānxiàn
hsk30-b79-4081,7-9,天性,tiānxìng,天性,tiānxìng
hsk30-b79-4082,7-9,天主教,Tiānzhǔjiào,天主教,Tiānzhǔjiào
hsk30-b79-4083,7-9,添加,tiānjiā,添加,tiānjiā
hsk30-b79-4084,7-9,甜美,tiánměi,甜美,tiánměi
hsk30-b79-4085,7-9,甜蜜,tiánmì,甜蜜,tiánmì
hsk30-b79-4086,7-9,甜头,tiántou,甜头,tiántou
hsk30-b79-4087,7-9,填补,tiánbǔ,填补,tiánbǔ
hsk30-b79-4088,7-9,填充,tiánchōng,填充,tiánchōng
hsk30-b79-4089,7-9,填写,tiánxiě,填写,tiánxiě
hsk30-b79-4090,7-9,舔,tiǎn,舔,tiǎn
hsk30-b79-4091,7-9,挑剔,tiāoti,挑剔,tiāoti
hsk30-b79-4092,7-9,条款,tiáokuǎn,条款,tiáokuǎn
hsk30-b79-4093,7-9,条例,tiáolì,条例,tiáolì
hsk30-b79-4094,7-9,条约,tiáoyuē,条约,tiáoyuē
hsk30-b79-4095,7-9,调侃,tiáokǎn,调侃,tiáokǎn
hsk30-b79-4096,7-9,调控,tiáokòng,调控,tiáokòng
hsk30-b79-4097,7-9,调料,tiáoliào,调料,tiáoliào
hsk30-b79-4098,7-9,调试,tiáoshì,调试,tiáoshì
hsk30-b79-4099,7-9,挑起,tiǎoqǐ,挑起,tiǎoqǐ
hsk30-b79-4100,7-9,挑衅,tiǎoxìn,挑衅,tiǎoxìn
hsk30-b79-4101,7-9,跳槽,tiàocáo,跳槽,tiàocáo
hsk30-b79-4102,7-9,跳动,tiàodòng,跳动,tiàodòng
hsk30-b79-4103,7-9,跳伞,tiàosǎn,跳伞,tiàosǎn
hsk30-b79-4104,7-9,跳跃,tiàoyuè,跳跃,tiàoyuè
hsk30-b79-4105,7-9,贴近,tiējìn,贴近,tiējìn
hsk30-b79-4106,7-9,贴切,tiēqiè,贴切,tiēqiè
hsk30-b79-4107,7-9,帖子,tiězi,帖子,tiězi
hsk30-b79-4108,7-9,听从,tīngcóng,听从,tīngcóng
hsk30-b79-4109,7-9,听话,tīnghuà,听话,tīnghuà
hsk30-b79-4110,7-9,停泊,tíngbó,停泊,tíngbó
hsk30-b79-4111,7-9,停车位,tíngchēwèi,停车位,tíngchēwèi
hsk30-b79-4112,7-9,停电,tíngdiàn,停电,tíngdiàn
hsk30-b79-4113,7-9,停顿,tíngdùn,停顿,tíngdùn
hsk30-b79-4114,7-9,停放,tíngfàng,停放,tíngfàng
hsk30-b79-4115,7-9,停业,tíngyè,停业,tíngyè
hsk30-b79-4116,7-9,通畅,tōngchàng,通畅,tōngchàng
hsk30-b79-4117,7-9,通车,tōngchē,通车,tōngchē
hsk30-b79-4118,7-9,通风,tōngfēng,通风,tōngfēng
hsk30-b79-4119,7-9,通告,tōnggào,通告,tōnggào
hsk30-b79-4120,7-9,通缉,tōngjī,通缉,tōngjī
hsk30-b79-4121,7-9,通顺,tōngshùn,通顺,tōngshùn
hsk30-b79-4122,7-9,通俗,tōngsú,通俗,tōngsú
hsk30-b79-4123,7-9,通通,tōngtōng,通通,tōngtōng
hsk30-b79-4124,7-9,通往,tōngwǎng,通往,tōngwǎng
hsk30-b79-4125,7-9,通宵,tōngxiāo,通宵,tōngxiāo
hsk30-b79-4126,7-9,通行证,tōngxíngzhèng,通行证,tōngxíngzhèng
hsk30-b79-4127,7-9,同伴,tóngbàn,同伴,tóngbàn
hsk30-b79-4128,7-9,同步,tóngbù,同步,tóngbù
hsk30-b79-4129,7-9,同等,tóngděng,同等,tóngděng
hsk30-b79-4130,7-9,同感,tónggǎn,同感,tónggǎn
hsk30-b79-4131,7-9,同伙,tónghuǒ,同伙,tónghuǒ
hsk30-b79-4132,7-9,同类,tónglèi,同类,tónglèi
hsk30-b79-4133,7-9,同盟,tóngméng,同盟,tóngméng
hsk30-b79-4134,7-9,同年,tóngnián,同年,tóngnián
hsk30-b79-4135,7-9,同人,tóngrén,同人,tóngrén
hsk30-b79-4136,7-9,同志,tóngzhì,同志,tóngzhì
hsk30-b79-4137,7-9,同舟共济,tóngzhōu-gòngjì,同舟共济,tóngzhōu-gòngjì
hsk30-b79-4138,7-9,铜,tóng,铜,tóng
hsk30-b79-4139,7-9,统筹,tǒngchóu,统筹,tǒngchóu
hsk30-b79-4140,7-9,统统,tǒngtǒng,统统,tǒngtǒng
hsk30-b79-4141,7-9,统治,tǒngzhì,统治,tǒngzhì
hsk30-b79-4142,7-9,捅,tǒng,捅,tǒng
hsk30-b79-4143,7-9,桶,tǒng,桶,tǒng
hsk30-b79-4144,7-9,筒,tǒng,筒,tǒng
hsk30-b79-4145,7-9,痛,tòng,痛,tòng
hsk30-b79-4146,7-9,痛心,tòngxīn,痛心,tòngxīn
hsk30-b79-4147,7-9,偷看,tōukàn,偷看,tōukàn
hsk30-b79-4148,7-9,偷窥,tōukuī,偷窥,tōukuī
hsk30-b79-4149,7-9,偷懒,tōulǎn,偷懒,tōulǎn
hsk30-b79-4150,7-9,头部,tóubù,头部,tóubù
hsk30-b79-4151,7-9,头顶,tóudǐng,头顶,tóudǐng
hsk30-b79-4152,7-9,头号,tóuhào,头号,tóuhào
hsk30-b79-4153,7-9,头条,tóutiáo,头条,tóutiáo
hsk30-b79-4154,7-9,头头是道,tóutóu-shìdào,头头是道,tóutóu-shìdào
hsk30-b79-4155,7-9,头衔,tóuxián,头衔,tóuxián
hsk30-b79-4156,7-9,头晕,tóuyūn,头晕,tóuyūn
hsk30-b79-4157,7-9,投奔,tóubèn,投奔,tóubèn
hsk30-b79-4158,7-9,投稿,tóugǎo,投稿,tóugǎo
hsk30-b79-4159,7-9,投机,tóujī,投机,tóujī
hsk30-b79-4160,7-9,投射,tóushè,投射,tóushè
hsk30-b79-4161,7-9,投身,tóushēn,投身,tóushēn
hsk30-b79-4162,7-9,投降,tóuxiáng,投降,tóuxiáng
hsk30-b79-4163,7-9,透彻,tòuchè,透彻,tòuchè
hsk30-b79-4164,7-9,透过,tòuguò,透过,tòuguò
hsk30-b79-4165,7-9,透气,tòuqì,透气,tòuqì
hsk30-b79-4166,7-9,透支,tòuzhī,透支,tòuzhī
hsk30-b79-4167,7-9,凸,tū,凸,tū
hsk30-b79-4168,7-9,凸显,tūxiǎn,凸显,tūxiǎn
hsk30-b79-4169,7-9,秃,tū,秃,tū
hsk30-b79-4170,7-9,突发,tūfā,突发,tūfā
hsk30-b79-4171,7-9,突击,tūjī,突击,tūjī
hsk30-b79-4172,7-9,突破口,tūpòkǒu,突破口,tūpòkǒu
hsk30-b79-4173,7-9,突如其来,tūrú-qílái,突如其来,tūrú-qílái
hsk30-b79-4174,7-9,图表,túbiǎo,图表,túbiǎo
hsk30-b79-4175,7-9,图像,túxiàng,图像,túxiàng
hsk30-b79-4176,7-9,图形,túxíng,图形,túxíng
hsk30-b79-4177,7-9,图纸,túzhǐ,图纸,túzhǐ
hsk30-b79-4178,7-9,徒步,túbù,徒步,túbù
hsk30-b79-4179,7-9,涂,tú,涂,tú
hsk30-b79-4180,7-9,屠杀,túshā,屠杀,túshā
hsk30-b79-4181,7-9,土匪,tǔfěi,土匪,tǔfěi
hsk30-b79-4182,7-9,土壤,tǔrǎng,土壤,tǔrǎng
hsk30-b79-4183,7-9,土生土长,tǔshēng-tǔzhǎng,土生土长,tǔshēng-tǔzhǎng
hsk30-b79-4184,7-9,团伙,tuánhuǒ,团伙,tuánhuǒ
hsk30-b79-4185,7-9,团聚,tuánjù,团聚,tuánjù
hsk30-b79-4186,7-9,团员,tuányuán,团员,tuányuán
hsk30-b79-4187,7-9,团圆,tuányuán,团圆,tuányuán
hsk30-b79-4188,7-9,推测,tuīcè,推测,tuīcè
hsk30-b79-4189,7-9,推辞,tuīcí,推辞,tuīcí
hsk30-b79-4190,7-9,推断,tuīduàn,推断,tuīduàn
hsk30-b79-4191,7-9,推翻,tuīfān,推翻,tuīfān
hsk30-b79-4192,7-9,推荐,tuījiàn,推荐,tuījiàn
hsk30-b79-4193,7-9,推理,tuīlǐ,推理,tuīlǐ
hsk30-b79-4194,7-9,推敲,tuīqiāo,推敲,tuīqiāo
hsk30-b79-4195,7-9,推算,tuīsuàn,推算,tuīsuàn
hsk30-b79-4196,7-9,推卸,tuīxiè,推卸,tuīxiè
hsk30-b79-4197,7-9,推选,tuīxuǎn,推选,tuīxuǎn
hsk30-b79-4198,7-9,推移,tuīyí,推移,tuīyí
hsk30-b79-4199,7-9,颓废,tuífèi,颓废,tuífèi
hsk30-b79-4200,7-9,退回,tuìhuí,退回,tuìhuí
hsk30-b79-4201,7-9,退却,tuìquè,退却,tuìquè
hsk30-b79-4202,7-9,退让,tuìràng,退让,tuìràng
hsk30-b79-4203,7-9,退缩,tuìsuō,退缩,tuìsuō
hsk30-b79-4204,7-9,退休金,tuìxiūjīn,退休金,tuìxiūjīn
hsk30-b79-4205,7-9,退学,tuìxué,退学,tuìxué
hsk30-b79-4206,7-9,退役,tuìyì,退役,tuìyì
hsk30-b79-4207,7-9,屯,tún,屯,tún
hsk30-b79-4208,7-9,托付,tuōfù,托付,tuōfù
hsk30-b79-4209,7-9,拖累,tuōlěi,拖累,tuōlěi
hsk30-b79-4210,7-9,拖欠,tuōqiàn,拖欠,tuōqiàn
hsk30-b79-4211,7-9,拖延,tuōyán,拖延,tuōyán
hsk30-b79-4212,7-9,脱节,tuōjié,脱节,tuōjié
hsk30-b79-4213,7-9,脱口而出,tuōkǒu'érchū,脱口而出,tuōkǒu'érchū
hsk30-b79-4214,7-9,脱落,tuōluò,脱落,tuōluò
hsk30-b79-4215,7-9,脱身,tuōshēn,脱身,tuōshēn
hsk30-b79-4216,7-9,脱颖而出,tuōyǐng'érchū,脱颖而出,tuōyǐng'érchū
hsk30-b79-4217,7-9,驮,tuó,驮,tuó
hsk30-b79-4218,7-9,妥,tuǒ,妥,tuǒ
hsk30-b79-4219,7-9,妥当,tuǒdàng,妥当,tuǒdàng
hsk30-b79-4220,7-9,妥善,tuǒshàn,妥善,tuǒshàn
hsk30-b79-4221,7-9,妥协,tuǒxié,妥协,tuǒxié
hsk30-b79-4222,7-9,拓宽,tuòkuān,拓宽,tuòkuān
hsk30-b79-4223,7-9,拓展,tuòzhǎn,拓展,tuòzhǎn
hsk30-b79-4224,7-9,唾液,tuòyè,唾液,tuòyè
hsk30-b79-4225,7-9,挖掘,wājué,挖掘,wājué
hsk30-b79-4226,7-9,挖苦,wāku,挖苦,wāku
hsk30-b79-4227,7-9,瓦,wǎ,瓦,wǎ
hsk30-b79-4228,7-9,歪,wāi,歪,wāi
hsk30-b79-4229,7-9,歪曲,wāiqū,歪曲,wāiqū
hsk30-b79-4230,7-9,外表,wàibiǎo,外表,wàibiǎo
hsk30-b79-4231,7-9,外公,wàigōng,外公,wàigōng
hsk30-b79-4232,7-9,外行,wàiháng,外行,wàiháng
hsk30-b79-4233,7-9,外号,wàihào,外号,wàihào
hsk30-b79-4234,7-9,外籍,wàijí,外籍,wàijí
hsk30-b79-4235,7-9,外贸,wàimào,外贸,wàimào
hsk30-b79-4236,7-9,外貌,wàimào,外貌,wàimào
hsk30-b79-4237,7-9,外婆,wàipó,外婆,wàipó
hsk30-b79-4238,7-9,外企,wàiqǐ,外企,wàiqǐ
hsk30-b79-4239,7-9,外星人,wàixīngrén,外星人,wàixīngrén
hsk30-b79-4240,7-9,外形,wàixíng,外形,wàixíng
hsk30-b79-4241,7-9,外援,wàiyuán,外援,wàiyuán
hsk30-b79-4242,7-9,丸,wán,丸,wán
hsk30-b79-4243,7-9,完备,wánbèi,完备,wánbèi
hsk30-b79-4244,7-9,完毕,wánbì,完毕,wánbì
hsk30-b79-4245,7-9,完蛋,wándàn,完蛋,wándàn
hsk30-b79-4246,7-9,完好,wánhǎo,完好,wánhǎo
hsk30-b79-4247,7-9,玩耍,wánshuǎ,玩耍,wánshuǎ
hsk30-b79-4248,7-9,玩意儿,wányìr,玩意儿,wányìr
hsk30-b79-4249,7-9,顽固,wángù,顽固,wángù
hsk30-b79-4250,7-9,挽,wǎn,挽,wǎn
hsk30-b79-4251,7-9,挽回,wǎnhuí,挽回,wǎnhuí
hsk30-b79-4252,7-9,挽救,wǎnjiù,挽救,wǎnjiù
hsk30-b79-4253,7-9,晚间,wǎnjiān,晚间,wǎnjiān
hsk30-b79-4254,7-9,晚年,wǎnnián,晚年,wǎnnián
hsk30-b79-4255,7-9,晚期,wǎnqī,晚期,wǎnqī
hsk30-b79-4256,7-9,惋惜,wǎnxī,惋惜,wǎnxī
hsk30-b79-4257,7-9,万分,wànfēn,万分,wànfēn
hsk30-b79-4258,7-9,万古长青,wàngǔ-chángqīng,万古长青,wàngǔ-chángqīng
hsk30-b79-4259,7-9,万能,wànnéng,万能,wànnéng
hsk30-b79-4260,7-9,万万,wànwàn,万万,wànwàn
hsk30-b79-4261,7-9,万无一失,wànwú-yīshī,万无一失,wànwú-yīshī
hsk30-b79-4262,7-9,汪洋,wāngyáng,汪洋,wāngyáng
hsk30-b79-4263,7-9,亡羊补牢,wángyáng-bǔláo,亡羊补牢,wángyáng-bǔláo
hsk30-b79-4264,7-9,王国,wángguó,王国,wángguó
hsk30-b79-4265,7-9,王牌,wángpái,王牌,wángpái
hsk30-b79-4266,7-9,网点,wǎngdiǎn,网点,wǎngdiǎn
hsk30-b79-4267,7-9,网民,wǎngmín,网民,wǎngmín
hsk30-b79-4268,7-9,往常,wǎngcháng,往常,wǎngcháng
hsk30-b79-4269,7-9,往返,wǎngfǎn,往返,wǎngfǎn
hsk30-b79-4270,7-9,往日,wǎngrì,往日,wǎngrì
hsk30-b79-4271,7-9,往事,wǎngshì,往事,wǎngshì
hsk30-b79-4272,7-9,妄想,wàngxiǎng,妄想,wàngxiǎng
hsk30-b79-4273,7-9,忘不了,wàng bu liǎo,忘不了,wàng bu liǎo
hsk30-b79-4274,7-9,忘掉,wàngdiào,忘掉,wàngdiào
hsk30-b79-4275,7-9,旺,wàng,旺,wàng
hsk30-b79-4276,7-9,旺季,wàngjì,旺季,wàngjì
hsk30-b79-4277,7-9,旺盛,wàngshèng,旺盛,wàngshèng
hsk30-b79-4278,7-9,望,wàng,望,wàng
hsk30-b79-4279,7-9,望远镜,wàngyuǎnjìng,望远镜,wàngyuǎnjìng
hsk30-b79-4280,7-9,危及,wēijí,危及,wēijí
hsk30-b79-4281,7-9,危急,wēijí,危急,wēijí
hsk30-b79-4282,7-9,威风,wēifēng,威风,wēifēng
hsk30-b79-4283,7-9,威力,wēilì,威力,wēilì
hsk30-b79-4284,7-9,威慑,wēishè,威慑,wēishè
hsk30-b79-4285,7-9,威信,wēixìn,威信,wēixìn
hsk30-b79-4286,7-9,微不足道,wēibùzúdào,微不足道,wēibùzúdào
hsk30-b79-4287,7-9,微观,wēiguān,微观,wēiguān
hsk30-b79-4288,7-9,微妙,wēimiào,微妙,wēimiào
hsk30-b79-4289,7-9,微弱,wēiruò,微弱,wēiruò
hsk30-b79-4290,7-9,微型,wēixíng,微型,wēixíng
hsk30-b79-4291,7-9,为人,wéirén,为人,wéirén
hsk30-b79-4292,7-9,违背,wéibèi,违背,wéibèi
hsk30-b79-4293,7-9,违约,wéiyuē,违约,wéiyuē
hsk30-b79-4294,7-9,违章,wéizhāng,违章,wéizhāng
hsk30-b79-4295,7-9,围墙,wéiqiáng,围墙,wéiqiáng
hsk30-b79-4296,7-9,唯,wéi,唯,wéi
hsk30-b79-4297,7-9,唯独,wéidú,唯独,wéidú
hsk30-b79-4298,7-9,伪造,wěizào,伪造,wěizào
hsk30-b79-4299,7-9,伪装,wěizhuāng,伪装,wěizhuāng
hsk30-b79-4300,7-9,尾气,wěiqì,尾气,wěiqì
hsk30-b79-4301,7-9,尾声,wěishēng,尾声,wěishēng
hsk30-b79-4302,7-9,纬度,wěidù,纬度,wěidù
hsk30-b79-4303,7-9,委屈,wěiqu,委屈,wěiqu
hsk30-b79-4304,7-9,委婉,wěiwǎn,委婉,wěiwǎn
hsk30-b79-4305,7-9,委员,wěiyuán,委员,wěiyuán
hsk30-b79-4306,7-9,委员会,wěiyuánhuì,委员会,wěiyuánhuì
hsk30-b79-4307,7-9,萎缩,wěisuō,萎缩,wěisuō
hsk30-b79-4308,7-9,卫视,wèishì,卫视,wèishì
hsk30-b79-4309,7-9,未,wèi,未,wèi
hsk30-b79-4310,7-9,未成年人,wèichéngniánrén,未成年人,wèichéngniánrén
hsk30-b79-4311,7-9,未经,wèijīng,未经,wèijīng
hsk30-b79-4312,7-9,未免,wèimiǎn,未免,wèimiǎn
hsk30-b79-4313,7-9,未知数,wèizhīshù,未知数,wèizhīshù
hsk30-b79-4314,7-9,位子,wèizi,位子,wèizi
hsk30-b79-4315,7-9,味精,wèijīng,味精,wèijīng
hsk30-b79-4316,7-9,畏惧,wèijù,畏惧,wèijù
hsk30-b79-4317,7-9,畏缩,wèisuō,畏缩,wèisuō
hsk30-b79-4318,7-9,胃口,wèikǒu,胃口,wèikǒu
hsk30-b79-4319,7-9,喂养,wèiyǎng,喂养,wèiyǎng
hsk30-b79-4320,7-9,慰劳,wèiláo,慰劳,wèiláo
hsk30-b79-4321,7-9,温度计,wēndùjì,温度计,wēndùjì
hsk30-b79-4322,7-9,温泉,wēnquán,温泉,wēnquán
hsk30-b79-4323,7-9,温柔,wēnróu,温柔,wēnróu
hsk30-b79-4324,7-9,温室,wēnshì,温室,wēnshì
hsk30-b79-4325,7-9,温习,wēnxí,温习,wēnxí
hsk30-b79-4326,7-9,温馨,wēnxīn,温馨,wēnxīn
hsk30-b79-4327,7-9,瘟疫,wēnyì,瘟疫,wēnyì
hsk30-b79-4328,7-9,文,wén,文,wén
hsk30-b79-4329,7-9,文具,wénjù,文具,wénjù
hsk30-b79-4330,7-9,文科,wénkē,文科,wénkē
hsk30-b79-4331,7-9,文盲,wénmáng,文盲,wénmáng
hsk30-b79-4332,7-9,文凭,wénpíng,文凭,wénpíng
hsk30-b79-4333,7-9,文人,wénrén,文人,wénrén
hsk30-b79-4334,7-9,文物,wénwù,文物,wénwù
hsk30-b79-4335,7-9,文献,wénxiàn,文献,wénxiàn
hsk30-b79-4336,7-9,文雅,wényǎ,文雅,wényǎ
hsk30-b79-4337,7-9,闻名,wénmíng,闻名,wénmíng
hsk30-b79-4338,7-9,蚊帐,wénzhàng,蚊帐,wénzhàng
hsk30-b79-4339,7-9,蚊子,wénzi,蚊子,wénzi
hsk30-b79-4340,7-9,吻,wěn,吻,wěn
hsk30-b79-4341,7-9,吻合,wěnhé,吻合,wěnhé
hsk30-b79-4342,7-9,紊乱,wěnluàn,紊乱,wěnluàn
hsk30-b79-4343,7-9,稳固,wěngù,稳固,wěngù
hsk30-b79-4344,7-9,稳健,wěnjiàn,稳健,wěnjiàn
hsk30-b79-4345,7-9,稳妥,wěntuǒ,稳妥,wěntuǒ
hsk30-b79-4346,7-9,稳重,wěnzhòng,稳重,wěnzhòng
hsk30-b79-4347,7-9,问卷,wènjuàn,问卷,wènjuàn
hsk30-b79-4348,7-9,问世,wènshì,问世,wènshì
hsk30-b79-4349,7-9,窝,wō,窝,wō
hsk30-b79-4350,7-9,卧,wò,卧,wò
hsk30-b79-4351,7-9,污秽,wūhuì,污秽,wūhuì
hsk30-b79-4352,7-9,巫婆,wūpó,巫婆,wūpó
hsk30-b79-4353,7-9,呜咽,wūyè,呜咽,wūyè
hsk30-b79-4354,7-9,屋顶,wūdǐng,屋顶,wūdǐng
hsk30-b79-4355,7-9,无比,wúbǐ,无比,wúbǐ
hsk30-b79-4356,7-9,无不,wúbù,无不,wúbù
hsk30-b79-4357,7-9,无偿,wúcháng,无偿,wúcháng
hsk30-b79-4358,7-9,无敌,wúdí,无敌,wúdí
hsk30-b79-4359,7-9,无恶不作,wú'è-bùzuò,无恶不作,wú'è-bùzuò
hsk30-b79-4360,7-9,无非,wúfēi,无非,wúfēi
hsk30-b79-4361,7-9,无辜,wúgū,无辜,wúgū
hsk30-b79-4362,7-9,无故,wúgù,无故,wúgù
hsk30-b79-4363,7-9,无关紧要,wúguān-jǐnyào,无关紧要,wúguān-jǐnyào
hsk30-b79-4364,7-9,无话可说,wúhuà-kěshuō,无话可说,wúhuà-kěshuō
hsk30-b79-4365,7-9,无济于事,wújìyúshì,无济于事,wújìyúshì
hsk30-b79-4366,7-9,无家可归,wújiā-kěguī,无家可归,wújiā-kěguī
hsk30-b79-4367,7-9,无精打采,wújīng-dǎcǎi,无精打采,wújīng-dǎcǎi
hsk30-b79-4368,7-9,无可奉告,wúkěfènggào,无可奉告,wúkěfènggào
hsk30-b79-4369,7-9,无可厚非,wúkěhòufēi,无可厚非,wúkěhòufēi
hsk30-b79-4370,7-9,无可奈何,wúkěnàihé,无可奈何,wúkěnàihé
hsk30-b79-4371,7-9,无理,wúlǐ,无理,wúlǐ
hsk30-b79-4372,7-9,无力,wúlì,无力,wúlì
hsk30-b79-4373,7-9,无论如何,wúlùn-rúhé,无论如何,wúlùn-rúhé
hsk30-b79-4374,7-9,无能,wúnéng,无能,wúnéng
hsk30-b79-4375,7-9,无能为力,wúnéngwéilì,无能为力,wúnéngwéilì
hsk30-b79-4376,7-9,无情,wúqíng,无情,wúqíng
hsk30-b79-4377,7-9,无情无义,wúqíng-wúyì,无情无义,wúqíng-wúyì
hsk30-b79-4378,7-9,无穷,wúqióng,无穷,wúqióng
hsk30-b79-4379,7-9,无私,wúsī,无私,wúsī
hsk30-b79-4380,7-9,无所事事,wúsuǒshìshì,无所事事,wúsuǒshìshì
hsk30-b79-4381,7-9,无所作为,wúsuǒzuòwéi,无所作为,wúsuǒzuòwéi
hsk30-b79-4382,7-9,无条件,wútiáojiàn,无条件,wútiáojiàn
hsk30-b79-4383,7-9,无微不至,wúwēi-bùzhì,无微不至,wúwēi-bùzhì
hsk30-b79-4384,7-9,无线,wúxiàn,无线,wúxiàn
hsk30-b79-4385,7-9,无线电,wúxiàndiàn,无线电,wúxiàndiàn
hsk30-b79-4386,7-9,无形,wúxíng,无形,wúxíng
hsk30-b79-4387,7-9,无形中,wúxíngzhōng,无形中,wúxíngzhōng
hsk30-b79-4388,7-9,无须,wúxū,无须,wúxū
hsk30-b79-4389,7-9,无意,wúyì,无意,wúyì
hsk30-b79-4390,7-9,无忧无虑,wúyōu-wúlǜ,无忧无虑,wúyōu-wúlǜ
hsk30-b79-4391,7-9,无缘,wúyuán,无缘,wúyuán
hsk30-b79-4392,7-9,无知,wúzhī,无知,wúzhī
hsk30-b79-4393,7-9,无足轻重,wúzú-qīngzhòng,无足轻重,wúzú-qīngzhòng
hsk30-b79-4394,7-9,五花八门,wǔhuā-bāmén,五花八门,wǔhuā-bāmén
hsk30-b79-4395,7-9,五星级,wǔxīngjí,五星级,wǔxīngjí
hsk30-b79-4396,7-9,武力,wǔlì,武力,wǔlì
hsk30-b79-4397,7-9,武装,wǔzhuāng,武装,wǔzhuāng
hsk30-b79-4398,7-9,侮辱,wǔrǔ,侮辱,wǔrǔ
hsk30-b79-4399,7-9,捂,wǔ,捂,wǔ
hsk30-b79-4400,7-9,舞厅,wǔtīng,舞厅,wǔtīng
hsk30-b79-4401,7-9,勿,wù,勿,wù
hsk30-b79-4402,7-9,务必,wùbì,务必,wùbì
hsk30-b79-4403,7-9,务实,wùshí,务实,wùshí
hsk30-b79-4404,7-9,物流,wùliú,物流,wùliú
hsk30-b79-4405,7-9,物体,wùtǐ,物体,wùtǐ
hsk30-b79-4406,7-9,物证,wùzhèng,物证,wùzhèng
hsk30-b79-4407,7-9,物资,wùzī,物资,wùzī
hsk30-b79-4408,7-9,误差,wùchā,误差,wùchā
hsk30-b79-4409,7-9,误导,wùdǎo,误导,wùdǎo
hsk30-b79-4410,7-9,误区,wùqū,误区,wùqū
hsk30-b79-4411,7-9,雾,wù,雾,wù
hsk30-b79-4412,7-9,吸纳,xīnà,吸纳,xīnà
hsk30-b79-4413,7-9,吸取,xīqǔ,吸取,xīqǔ
hsk30-b79-4414,7-9,昔日,xīrì,昔日,xīrì
hsk30-b79-4415,7-9,息息相关,xīxī-xiāngguān,息息相关,xīxī-xiāngguān
hsk30-b79-4416,7-9,稀,xī,稀,xī
hsk30-b79-4417,7-9,稀罕,xīhan,稀罕,xīhan
hsk30-b79-4418,7-9,稀奇,xīqí,稀奇,xīqí
hsk30-b79-4419,7-9,稀少,xīshǎo,稀少,xīshǎo
hsk30-b79-4420,7-9,锡,xī,锡,xī
hsk30-b79-4421,7-9,熙熙攘攘,xīxī-rǎngrǎng,熙熙攘攘,xīxī-rǎngrǎng
hsk30-b79-4422,7-9,熄火,xīhuǒ,熄火,xīhuǒ
hsk30-b79-4423,7-9,膝盖,xīgài,膝盖,xīgài
hsk30-b79-4424,7-9,嬉笑,xīxiào,嬉笑,xīxiào
hsk30-b79-4425,7-9,习俗,xísú,习俗,xísú
hsk30-b79-4426,7-9,席,xí,席,xí
hsk30-b79-4427,7-9,席位,xíwèi,席位,xíwèi
hsk30-b79-4428,7-9,袭击,xíjī,袭击,xíjī
hsk30-b79-4429,7-9,媳妇,xífu,媳妇,xífu
hsk30-b79-4430,7-9,洗涤剂,xǐdíjì,洗涤剂,xǐdíjì
hsk30-b79-4431,7-9,洗礼,xǐlǐ,洗礼,xǐlǐ
hsk30-b79-4432,7-9,喜出望外,xǐchūwàngwài,喜出望外,xǐchūwàngwài
hsk30-b79-4433,7-9,喜好,xǐhào,喜好,xǐhào
hsk30-b79-4434,7-9,喜酒,xǐjiǔ,喜酒,xǐjiǔ
hsk30-b79-4435,7-9,喜怒哀乐,xǐ-nù-āi-lè,喜怒哀乐,xǐ-nù-āi-lè
hsk30-b79-4436,7-9,喜庆,xǐqìng,喜庆,xǐqìng
hsk30-b79-4437,7-9,喜事,xǐshì,喜事,xǐshì
hsk30-b79-4438,7-9,喜糖,xǐtáng,喜糖,xǐtáng
hsk30-b79-4439,7-9,喜洋洋,xǐyángyáng,喜洋洋,xǐyángyáng
hsk30-b79-4440,7-9,喜悦,xǐyuè,喜悦,xǐyuè
hsk30-b79-4441,7-9,细腻,xìnì,细腻,xìnì
hsk30-b79-4442,7-9,细微,xìwēi,细微,xìwēi
hsk30-b79-4443,7-9,细心,xìxīn,细心,xìxīn
hsk30-b79-4444,7-9,虾,xiā,虾,xiā
hsk30-b79-4445,7-9,瞎,xiā,瞎,xiā
hsk30-b79-4446,7-9,侠义,xiáyì,侠义,xiáyì
hsk30-b79-4447,7-9,峡谷,xiágǔ,峡谷,xiágǔ
hsk30-b79-4448,7-9,狭隘,xiá'ài,狭隘,xiá'ài
hsk30-b79-4449,7-9,狭小,xiáxiǎo,狭小,xiáxiǎo
hsk30-b79-4450,7-9,狭窄,xiázhǎi,狭窄,xiázhǎi
hsk30-b79-4451,7-9,下场,xiàchǎng,下场,xiàchǎng
hsk30-b79-4452,7-9,下跌,xiàdiē,下跌,xiàdiē
hsk30-b79-4453,7-9,下岗,xiàgǎng,下岗,xiàgǎng
hsk30-b79-4454,7-9,下功夫,xià gōngfu,下功夫,xià gōngfu
hsk30-b79-4455,7-9,下海,xiàhǎi,下海,xiàhǎi
hsk30-b79-4456,7-9,下级,xiàjí,下级,xiàjí
hsk30-b79-4457,7-9,下决心,xià juéxīn,下决心,xià juéxīn
hsk30-b79-4458,7-9,下令,xiàlìng,下令,xiàlìng
hsk30-b79-4459,7-9,下落,xiàluò,下落,xiàluò
hsk30-b79-4460,7-9,下期,xià qī,下期,xià qī
hsk30-b79-4461,7-9,下棋,xiàqí,下棋,xiàqí
hsk30-b79-4462,7-9,下山,xiàshān,下山,xiàshān
hsk30-b79-4463,7-9,下手,xiàshǒu,下手,xiàshǒu
hsk30-b79-4464,7-9,下属,xiàshǔ,下属,xiàshǔ
hsk30-b79-4465,7-9,下台,xiàtái,下台,xiàtái
hsk30-b79-4466,7-9,下调,xiàtiáo,下调,xiàtiáo
hsk30-b79-4467,7-9,下乡,xiàxiāng,下乡,xiàxiāng
hsk30-b79-4468,7-9,下旬,xiàxún,下旬,xiàxún
hsk30-b79-4469,7-9,下一代,xià yī dài,下一代,xià yī dài
hsk30-b79-4470,7-9,下意识,xiàyìshí,下意识,xiàyìshí
hsk30-b79-4471,7-9,下游,xiàyóu,下游,xiàyóu
hsk30-b79-4472,7-9,下坠,xiàzhuì,下坠,xiàzhuì
hsk30-b79-4473,7-9,吓唬,xiàhu,吓唬,xiàhu
hsk30-b79-4474,7-9,吓人,xiàrén,吓人,xiàrén
hsk30-b79-4475,7-9,夏令营,xiàlìngyíng,夏令营,xiàlìngyíng
hsk30-b79-4476,7-9,仙鹤,xiānhè,仙鹤,xiānhè
hsk30-b79-4477,7-9,仙女,xiānnǚ,仙女,xiānnǚ
hsk30-b79-4478,7-9,先例,xiānlì,先例,xiānlì
hsk30-b79-4479,7-9,先天,xiāntiān,先天,xiāntiān
hsk30-b79-4480,7-9,纤维,xiānwéi,纤维,xiānwéi
hsk30-b79-4481,7-9,掀,xiān,掀,xiān
hsk30-b79-4482,7-9,掀起,xiānqǐ,掀起,xiānqǐ
hsk30-b79-4483,7-9,鲜活,xiānhuó,鲜活,xiānhuó
hsk30-b79-4484,7-9,鲜美,xiānměi,鲜美,xiānměi
hsk30-b79-4485,7-9,鲜血,xiānxuè,鲜血,xiānxuè
hsk30-b79-4486,7-9,弦,xián,弦,xián
hsk30-b79-4487,7-9,衔接,xiánjiē,衔接,xiánjiē
hsk30-b79-4488,7-9,嫌弃,xiánqì,嫌弃,xiánqì
hsk30-b79-4489,7-9,嫌疑,xiányí,嫌疑,xiányí
hsk30-b79-4490,7-9,显而易见,xiǎn'éryìjiàn,显而易见,xiǎn'éryìjiàn
hsk30-b79-4491,7-9,显赫,xiǎnhè,显赫,xiǎnhè
hsk30-b79-4492,7-9,显示器,xiǎnshìqì,显示器,xiǎnshìqì
hsk30-b79-4493,7-9,显现,xiǎnxiàn,显现,xiǎnxiàn
hsk30-b79-4494,7-9,显眼,xiǎnyǎn,显眼,xiǎnyǎn
hsk30-b79-4495,7-9,现成,xiànchéng,现成,xiànchéng
hsk30-b79-4496,7-9,现任,xiànrèn,现任,xiànrèn
hsk30-b79-4497,7-9,现行,xiànxíng,现行,xiànxíng
hsk30-b79-4498,7-9,限,xiàn,限,xiàn
hsk30-b79-4499,7-9,限定,xiàndìng,限定,xiàndìng
hsk30-b79-4500,7-9,限度,xiàndù,限度,xiàndù
hsk30-b79-4501,7-9,限于,xiànyú,限于,xiànyú
hsk30-b79-4502,7-9,线条,xiàntiáo,线条,xiàntiáo
hsk30-b79-4503,7-9,宪法,xiànfǎ,宪法,xiànfǎ
hsk30-b79-4504,7-9,陷,xiàn,陷,xiàn
hsk30-b79-4505,7-9,陷阱,xiànjǐng,陷阱,xiànjǐng
hsk30-b79-4506,7-9,馅儿,xiànr,馅儿,xiànr
hsk30-b79-4507,7-9,羡慕,xiànmù,羡慕,xiànmù
hsk30-b79-4508,7-9,献血,xiànxiě,献血,xiànxiě
hsk30-b79-4509,7-9,腺,xiàn,腺,xiàn
hsk30-b79-4510,7-9,乡亲,xiāngqīn,乡亲,xiāngqīn
hsk30-b79-4511,7-9,乡下,xiāngxia,乡下,xiāngxia
hsk30-b79-4512,7-9,相伴,xiāngbàn,相伴,xiāngbàn
hsk30-b79-4513,7-9,相比之下,xiāngbǐ zhī xià,相比之下,xiāngbǐ zhī xià
hsk30-b79-4514,7-9,相差,xiāngchà,相差,xiāngchà
hsk30-b79-4515,7-9,相传,xiāngchuán,相传,xiāngchuán
hsk30-b79-4516,7-9,相当于,xiāngdāngyú,相当于,xiāngdāngyú
hsk30-b79-4517,7-9,相对,xiāngduì,相对,xiāngduì
hsk30-b79-4518,7-9,相对而言,xiāngduì-éryán,相对而言,xiāngduì-éryán
hsk30-b79-4519,7-9,相辅相成,xiāngfǔ-xiāngchéng,相辅相成,xiāngfǔ-xiāngchéng
hsk30-b79-4520,7-9,相继,xiāngjì,相继,xiāngjì
hsk30-b79-4521,7-9,相连,xiānglián,相连,xiānglián
hsk30-b79-4522,7-9,相识,xiāngshí,相识,xiāngshí
hsk30-b79-4523,7-9,相提并论,xiāngtí-bìnglùn,相提并论,xiāngtí-bìnglùn
hsk30-b79-4524,7-9,相通,xiāngtōng,相通,xiāngtōng
hsk30-b79-4525,7-9,相依为命,xiāngyī-wéimìng,相依为命,xiāngyī-wéimìng
hsk30-b79-4526,7-9,相遇,xiāngyù,相遇,xiāngyù
hsk30-b79-4527,7-9,相约,xiāngyuē,相约,xiāngyuē
hsk30-b79-4528,7-9,香料,xiāngliào,香料,xiāngliào
hsk30-b79-4529,7-9,香水,xiāngshuǐ,香水,xiāngshuǐ
hsk30-b79-4530,7-9,香味,xiāngwèi,香味,xiāngwèi
hsk30-b79-4531,7-9,香烟,xiāngyān,香烟,xiāngyān
hsk30-b79-4532,7-9,香油,xiāngyóu,香油,xiāngyóu
hsk30-b79-4533,7-9,镶,xiāng,镶,xiāng
hsk30-b79-4534,7-9,镶嵌,xiāngqiàn,镶嵌,xiāngqiàn
hsk30-b79-4535,7-9,详尽,xiángjìn,详尽,xiángjìn
hsk30-b79-4536,7-9,祥和,xiánghé,祥和,xiánghé
hsk30-b79-4537,7-9,享,xiǎng,享,xiǎng
hsk30-b79-4538,7-9,享有,xiǎngyǒu,享有,xiǎngyǒu
hsk30-b79-4539,7-9,响亮,xiǎngliàng,响亮,xiǎngliàng
hsk30-b79-4540,7-9,响起,xiǎngqǐ,响起,xiǎngqǐ
hsk30-b79-4541,7-9,响应,xiǎngyìng,响应,xiǎngyìng
hsk30-b79-4542,7-9,想方设法,xiǎngfāng-shèfǎ,想方设法,xiǎngfāng-shèfǎ
hsk30-b79-4543,7-9,向来,xiànglái,向来,xiànglái
hsk30-b79-4544,7-9,向往,xiàngwǎng,向往,xiàngwǎng
hsk30-b79-4545,7-9,向着,xiàngzhe,向着,xiàngzhe
hsk30-b79-4546,7-9,项链,xiàngliàn,项链,xiàngliàn
hsk30-b79-4547,7-9,像,xiàng,像,xiàng
hsk30-b79-4548,7-9,像样,xiàngyàng,像样,xiàngyàng
hsk30-b79-4549,7-9,橡胶,xiàngjiāo,橡胶,xiàngjiāo
hsk30-b79-4550,7-9,橡皮,xiàngpí,橡皮,xiàngpí
hsk30-b79-4551,7-9,削,xiāo,削,xiāo
hsk30-b79-4552,7-9,消,xiāo,消,xiāo
hsk30-b79-4553,7-9,消沉,xiāochén,消沉,xiāochén
hsk30-b79-4554,7-9,消遣,xiāoqiǎn,消遣,xiāoqiǎn
hsk30-b79-4555,7-9,萧条,xiāotiáo,萧条,xiāotiáo
hsk30-b79-4556,7-9,销,xiāo,销,xiāo
hsk30-b79-4557,7-9,销毁,xiāohuǐ,销毁,xiāohuǐ
hsk30-b79-4558,7-9,销量,xiāoliàng,销量,xiāoliàng
hsk30-b79-4559,7-9,潇洒,xiāosǎ,潇洒,xiāosǎ
hsk30-b79-4560,7-9,小丑,xiǎochǒu,小丑,xiǎochǒu
hsk30-b79-4561,7-9,小贩,xiǎofàn,小贩,xiǎofàn
hsk30-b79-4562,7-9,小看,xiǎokàn,小看,xiǎokàn
hsk30-b79-4563,7-9,小康,xiǎokāng,小康,xiǎokāng
hsk30-b79-4564,7-9,小路,xiǎolù,小路,xiǎolù
hsk30-b79-4565,7-9,小品,xiǎopǐn,小品,xiǎopǐn
hsk30-b79-4566,7-9,小气,xiǎoqi,小气,xiǎoqi
hsk30-b79-4567,7-9,小区,xiǎoqū,小区,xiǎoqū
hsk30-b79-4568,7-9,小曲,xiǎoqǔ,小曲,xiǎoqǔ
hsk30-b79-4569,7-9,小人,xiǎorén,小人,xiǎorén
hsk30-b79-4570,7-9,小提琴,xiǎotíqín,小提琴,xiǎotíqín
hsk30-b79-4571,7-9,小溪,xiǎoxī,小溪,xiǎoxī
hsk30-b79-4572,7-9,小心翼翼,xiǎoxīn-yìyì,小心翼翼,xiǎoxīn-yìyì
hsk30-b79-4573,7-9,小卒,xiǎozú,小卒,xiǎozú
hsk30-b79-4574,7-9,孝敬,xiàojìng,孝敬,xiàojìng
hsk30-b79-4575,7-9,孝顺,xiàoshùn,孝顺,xiàoshùn
hsk30-b79-4576,7-9,肖像,xiàoxiàng,肖像,xiàoxiàng
hsk30-b79-4577,7-9,效仿,xiàofǎng,效仿,xiàofǎng
hsk30-b79-4578,7-9,效力,xiàolì,效力,xiàolì
hsk30-b79-4579,7-9,效益,xiàoyì,效益,xiàoyì
hsk30-b79-4580,7-9,效应,xiàoyìng,效应,xiàoyìng
hsk30-b79-4581,7-9,协定,xiédìng,协定,xiédìng
hsk30-b79-4582,7-9,协同,xiétóng,协同,xiétóng
hsk30-b79-4583,7-9,协作,xiézuò,协作,xiézuò
hsk30-b79-4584,7-9,邪,xié,邪,xié
hsk30-b79-4585,7-9,邪恶,xié'è,邪恶,xié'è
hsk30-b79-4586,7-9,挟持,xiéchí,挟持,xiéchí
hsk30-b79-4587,7-9,携带,xiédài,携带,xiédài
hsk30-b79-4588,7-9,携手,xiéshǒu,携手,xiéshǒu
hsk30-b79-4589,7-9,写照,xiězhào,写照,xiězhào
hsk30-b79-4590,7-9,泄,xiè,泄,xiè
hsk30-b79-4591,7-9,泄漏,xièlòu,泄漏,xièlòu
hsk30-b79-4592,7-9,泄露,xièlòu,泄露,xièlòu
hsk30-b79-4593,7-9,泄密,xièmì,泄密,xièmì
hsk30-b79-4594,7-9,泄气,xièqì,泄气,xièqì
hsk30-b79-4595,7-9,泻,xiè,泻,xiè
hsk30-b79-4596,7-9,卸,xiè,卸,xiè
hsk30-b79-4597,7-9,心爱,xīn'ài,心爱,xīn'ài
hsk30-b79-4598,7-9,心安理得,xīn'ān-lǐdé,心安理得,xīn'ān-lǐdé
hsk30-b79-4599,7-9,心病,xīnbìng,心病,xīnbìng
hsk30-b79-4600,7-9,心肠,xīncháng,心肠,xīncháng
hsk30-b79-4601,7-9,心得,xīndé,心得,xīndé
hsk30-b79-4602,7-9,心慌,xīnhuāng,心慌,xīnhuāng
hsk30-b79-4603,7-9,心急如焚,xīnjí-rúfén,心急如焚,xīnjí-rúfén
hsk30-b79-4604,7-9,心里话,xīnlǐhuà,心里话,xīnlǐhuà
hsk30-b79-4605,7-9,心灵手巧,xīnlíng-shǒuqiǎo,心灵手巧,xīnlíng-shǒuqiǎo
hsk30-b79-4606,7-9,心目,xīnmù,心目,xīnmù
hsk30-b79-4607,7-9,心声,xīnshēng,心声,xīnshēng
hsk30-b79-4608,7-9,心事,xīnshì,心事,xīnshì
hsk30-b79-4609,7-9,心思,xīnsi,心思,xīnsi
hsk30-b79-4610,7-9,心酸,xīnsuān,心酸,xīnsuān
hsk30-b79-4611,7-9,心想事成,xīnxiǎng-shìchéng,心想事成,xīnxiǎng-shìchéng
hsk30-b79-4612,7-9,心胸,xīnxiōng,心胸,xīnxiōng
hsk30-b79-4613,7-9,心血,xīnxuè,心血,xīnxuè
hsk30-b79-4614,7-9,心眼儿,xīnyǎnr,心眼儿,xīnyǎnr
hsk30-b79-4615,7-9,心意,xīnyì,心意,xīnyì
hsk30-b79-4616,7-9,芯片,xīnpiàn,芯片,xīnpiàn
hsk30-b79-4617,7-9,辛勤,xīnqín,辛勤,xīnqín
hsk30-b79-4618,7-9,辛酸,xīnsuān,辛酸,xīnsuān
hsk30-b79-4619,7-9,欣慰,xīnwèi,欣慰,xīnwèi
hsk30-b79-4620,7-9,欣喜,xīnxǐ,欣喜,xīnxǐ
hsk30-b79-4621,7-9,欣欣向荣,xīnxīn-xiàngróng,欣欣向荣,xīnxīn-xiàngróng
hsk30-b79-4622,7-9,新潮,xīncháo,新潮,xīncháo
hsk30-b79-4623,7-9,新陈代谢,xīnchén-dàixiè,新陈代谢,xīnchén-dàixiè
hsk30-b79-4624,7-9,新房,xīnfáng,新房,xīnfáng
hsk30-b79-4625,7-9,新款,xīnkuǎn,新款,xīnkuǎn
hsk30-b79-4626,7-9,新奇,xīnqí,新奇,xīnqí
hsk30-b79-4627,7-9,新生,xīnshēng,新生,xīnshēng
hsk30-b79-4628,7-9,新式,xīnshì,新式,xīnshì
hsk30-b79-4629,7-9,新手,xīnshǒu,新手,xīnshǒu
hsk30-b79-4630,7-9,新颖,xīnyǐng,新颖,xīnyǐng
hsk30-b79-4631,7-9,信贷,xìndài,信贷,xìndài
hsk30-b79-4632,7-9,信件,xìnjiàn,信件,xìnjiàn
hsk30-b79-4633,7-9,信赖,xìnlài,信赖,xìnlài
hsk30-b79-4634,7-9,信誉,xìnyù,信誉,xìnyù
hsk30-b79-4635,7-9,兴奋剂,xīngfènjì,兴奋剂,xīngfènjì
hsk30-b79-4636,7-9,兴建,xīngjiàn,兴建,xīngjiàn
hsk30-b79-4637,7-9,兴起,xīngqǐ,兴起,xīngqǐ
hsk30-b79-4638,7-9,星座,xīngzuò,星座,xīngzuò
hsk30-b79-4639,7-9,猩猩,xīngxing,猩猩,xīngxing
hsk30-b79-4640,7-9,腥,xīng,腥,xīng
hsk30-b79-4641,7-9,刑法,xíngfǎ,刑法,xíngfǎ
hsk30-b79-4642,7-9,行使,xíngshǐ,行使,xíngshǐ
hsk30-b79-4643,7-9,行政,xíngzhèng,行政,xíngzhèng
hsk30-b79-4644,7-9,行走,xíngzǒu,行走,xíngzǒu
hsk30-b79-4645,7-9,形形色色,xíngxíngsèsè,形形色色,xíngxíngsèsè
hsk30-b79-4646,7-9,形影不离,xíngyǐng-bùlí,形影不离,xíngyǐng-bùlí
hsk30-b79-4647,7-9,醒来,xǐnglai,醒来,xǐnglai
hsk30-b79-4648,7-9,醒目,xǐngmù,醒目,xǐngmù
hsk30-b79-4649,7-9,醒悟,xǐngwù,醒悟,xǐngwù
hsk30-b79-4650,7-9,兴高采烈,xìnggāo-cǎiliè,兴高采烈,xìnggāo-cǎiliè
hsk30-b79-4651,7-9,兴致,xìngzhì,兴致,xìngzhì
hsk30-b79-4652,7-9,幸存,xìngcún,幸存,xìngcún
hsk30-b79-4653,7-9,幸好,xìnghǎo,幸好,xìnghǎo
hsk30-b79-4654,7-9,幸亏,xìngkuī,幸亏,xìngkuī
hsk30-b79-4655,7-9,幸免,xìngmiǎn,幸免,xìngmiǎn
hsk30-b79-4656,7-9,性价比,xìngjiàbǐ,性价比,xìngjiàbǐ
hsk30-b79-4657,7-9,性命,xìngmìng,性命,xìngmìng
hsk30-b79-4658,7-9,性情,xìngqíng,性情,xìngqíng
hsk30-b79-4659,7-9,姓氏,xìngshì,姓氏,xìngshì
hsk30-b79-4660,7-9,凶残,xiōngcán,凶残,xiōngcán
hsk30-b79-4661,7-9,凶恶,xiōng'è,凶恶,xiōng'è
hsk30-b79-4662,7-9,凶狠,xiōnghěn,凶狠,xiōnghěn
hsk30-b79-4663,7-9,凶猛,xiōngměng,凶猛,xiōngměng
hsk30-b79-4664,7-9,汹涌,xiōngyǒng,汹涌,xiōngyǒng
hsk30-b79-4665,7-9,胸膛,xiōngtáng,胸膛,xiōngtáng
hsk30-b79-4666,7-9,胸有成竹,xiōngyǒuchéngzhú,胸有成竹,xiōngyǒuchéngzhú
hsk30-b79-4667,7-9,雄厚,xiónghòu,雄厚,xiónghòu
hsk30-b79-4668,7-9,休克,xiūkè,休克,xiūkè
hsk30-b79-4669,7-9,休眠,xiūmián,休眠,xiūmián
hsk30-b79-4670,7-9,休想,xiūxiǎng,休想,xiūxiǎng
hsk30-b79-4671,7-9,休养,xiūyǎng,休养,xiūyǎng
hsk30-b79-4672,7-9,修补,xiūbǔ,修补,xiūbǔ
hsk30-b79-4673,7-9,修长,xiūcháng,修长,xiūcháng
hsk30-b79-4674,7-9,修订,xiūdìng,修订,xiūdìng
hsk30-b79-4675,7-9,修路,xiūlù,修路,xiūlù
hsk30-b79-4676,7-9,修正,xiūzhèng,修正,xiūzhèng
hsk30-b79-4677,7-9,羞愧,xiūkuì,羞愧,xiūkuì
hsk30-b79-4678,7-9,秀丽,xiùlì,秀丽,xiùlì
hsk30-b79-4679,7-9,秀美,xiùměi,秀美,xiùměi
hsk30-b79-4680,7-9,袖手旁观,xiùshǒu-pángguān,袖手旁观,xiùshǒu-pángguān
hsk30-b79-4681,7-9,绣,xiù,绣,xiù
hsk30-b79-4682,7-9,锈,xiù,锈,xiù
hsk30-b79-4683,7-9,嗅觉,xiùjué,嗅觉,xiùjué
hsk30-b79-4684,7-9,须,xū,须,xū
hsk30-b79-4685,7-9,虚,xū,虚,xū
hsk30-b79-4686,7-9,虚构,xūgòu,虚构,xūgòu
hsk30-b79-4687,7-9,虚幻,xūhuàn,虚幻,xūhuàn
hsk30-b79-4688,7-9,虚假,xūjiǎ,虚假,xūjiǎ
hsk30-b79-4689,7-9,虚拟,xūnǐ,虚拟,xūnǐ
hsk30-b79-4690,7-9,虚弱,xūruò,虚弱,xūruò
hsk30-b79-4691,7-9,虚伪,xūwěi,虚伪,xūwěi
hsk30-b79-4692,7-9,需,xū,需,xū
hsk30-b79-4693,7-9,徐徐,xúxú,徐徐,xúxú
hsk30-b79-4694,7-9,许,xǔ,许,xǔ
hsk30-b79-4695,7-9,许可证,xǔkězhèng,许可证,xǔkězhèng
hsk30-b79-4696,7-9,旭日,xùrì,旭日,xùrì
hsk30-b79-4697,7-9,序,xù,序,xù
hsk30-b79-4698,7-9,序幕,xùmù,序幕,xùmù
hsk30-b79-4699,7-9,叙述,xùshù,叙述,xùshù
hsk30-b79-4700,7-9,酗酒,xùjiǔ,酗酒,xùjiǔ
hsk30-b79-4701,7-9,续,xù,续,xù
hsk30-b79-4702,7-9,絮叨,xùdao,絮叨,xùdao
hsk30-b79-4703,7-9,宣称,xuānchēng,宣称,xuānchēng
hsk30-b79-4704,7-9,宣读,xuāndú,宣读,xuāndú
hsk30-b79-4705,7-9,宣告,xuāngào,宣告,xuāngào
hsk30-b79-4706,7-9,宣誓,xuānshì,宣誓,xuānshì
hsk30-b79-4707,7-9,宣泄,xuānxiè,宣泄,xuānxiè
hsk30-b79-4708,7-9,宣言,xuānyán,宣言,xuānyán
hsk30-b79-4709,7-9,宣扬,xuānyáng,宣扬,xuānyáng
hsk30-b79-4710,7-9,喧哗,xuānhuá,喧哗,xuānhuá
hsk30-b79-4711,7-9,喧闹,xuānnào,喧闹,xuānnào
hsk30-b79-4712,7-9,玄,xuán,玄,xuán
hsk30-b79-4713,7-9,玄机,xuánjī,玄机,xuánjī
hsk30-b79-4714,7-9,悬挂,xuánguà,悬挂,xuánguà
hsk30-b79-4715,7-9,悬念,xuánniàn,悬念,xuánniàn
hsk30-b79-4716,7-9,悬殊,xuánshū,悬殊,xuánshū
hsk30-b79-4717,7-9,悬崖,xuányá,悬崖,xuányá
hsk30-b79-4718,7-9,旋律,xuánlǜ,旋律,xuánlǜ
hsk30-b79-4719,7-9,旋涡,xuánwō,旋涡,xuánwō
hsk30-b79-4720,7-9,选民,xuǎnmín,选民,xuǎnmín
hsk30-b79-4721,7-9,选项,xuǎnxiàng,选项,xuǎnxiàng
hsk30-b79-4722,7-9,选用,xuǎnyòng,选用,xuǎnyòng
hsk30-b79-4723,7-9,炫耀,xuànyào,炫耀,xuànyào
hsk30-b79-4724,7-9,削弱,xuēruò,削弱,xuēruò
hsk30-b79-4725,7-9,靴子,xuēzi,靴子,xuēzi
hsk30-b79-4726,7-9,穴位,xuéwèi,穴位,xuéwèi
hsk30-b79-4727,7-9,学历,xuélì,学历,xuélì
hsk30-b79-4728,7-9,学士,xuéshì,学士,xuéshì
hsk30-b79-4729,7-9,学说,xuéshuō,学说,xuéshuō
hsk30-b79-4730,7-9,学堂,xuétáng,学堂,xuétáng
hsk30-b79-4731,7-9,学业,xuéyè,学业,xuéyè
hsk30-b79-4732,7-9,学艺,xuéyì,学艺,xuéyì
hsk30-b79-4733,7-9,学子,xuézǐ,学子,xuézǐ
hsk30-b79-4734,7-9,雪山,xuěshān,雪山,xuěshān
hsk30-b79-4735,7-9,雪上加霜,xuěshàng-jiāshuāng,雪上加霜,xuěshàng-jiāshuāng
hsk30-b79-4736,7-9,血脉,xuèmài,血脉,xuèmài
hsk30-b79-4737,7-9,血栓,xuèshuān,血栓,xuèshuān
hsk30-b79-4738,7-9,血压,xuèyā,血压,xuèyā
hsk30-b79-4739,7-9,血缘,xuèyuán,血缘,xuèyuán
hsk30-b79-4740,7-9,勋章,xūnzhāng,勋章,xūnzhāng
hsk30-b79-4741,7-9,熏,xūn,熏,xūn
hsk30-b79-4742,7-9,熏陶,xūntáo,熏陶,xūntáo
hsk30-b79-4743,7-9,寻,xún,寻,xún
hsk30-b79-4744,7-9,寻常,xúncháng,寻常,xúncháng
hsk30-b79-4745,7-9,寻觅,xúnmì,寻觅,xúnmì
hsk30-b79-4746,7-9,巡逻,xúnluó,巡逻,xúnluó
hsk30-b79-4747,7-9,循序渐进,xúnxù-jiànjìn,循序渐进,xúnxù-jiànjìn
hsk30-b79-4748,7-9,训,xùn,训,xùn
hsk30-b79-4749,7-9,驯,xùn,驯,xùn
hsk30-b79-4750,7-9,逊色,xùnsè,逊色,xùnsè
hsk30-b79-4751,7-9,丫头,yātou,丫头,yātou
hsk30-b79-4752,7-9,压倒,yādǎo,压倒,yādǎo
hsk30-b79-4753,7-9,压缩,yāsuō,压缩,yāsuō
hsk30-b79-4754,7-9,压抑,yāyì,压抑,yāyì
hsk30-b79-4755,7-9,压制,yāzhì,压制,yāzhì
hsk30-b79-4756,7-9,押,yā,押,yā
hsk30-b79-4757,7-9,鸦雀无声,yāquè-wúshēng,鸦雀无声,yāquè-wúshēng
hsk30-b79-4758,7-9,牙齿,yáchǐ,牙齿,yáchǐ
hsk30-b79-4759,7-9,牙膏,yágāo,牙膏,yágāo
hsk30-b79-4760,7-9,芽,yá,芽,yá
hsk30-b79-4761,7-9,哑,yǎ,哑,yǎ
hsk30-b79-4762,7-9,咽喉,yānhóu,咽喉,yānhóu
hsk30-b79-4763,7-9,烟囱,yāncōng,烟囱,yāncōng
hsk30-b79-4764,7-9,烟火,yānhuǒ,烟火,yānhuǒ
hsk30-b79-4765,7-9,淹,yān,淹,yān
hsk30-b79-4766,7-9,延,yán,延,yán
hsk30-b79-4767,7-9,延缓,yánhuǎn,延缓,yánhuǎn
hsk30-b79-4768,7-9,延误,yánwù,延误,yánwù
hsk30-b79-4769,7-9,严谨,yánjǐn,严谨,yánjǐn
hsk30-b79-4770,7-9,严禁,yánjìn,严禁,yánjìn
hsk30-b79-4771,7-9,严峻,yánjùn,严峻,yánjùn
hsk30-b79-4772,7-9,严密,yánmì,严密,yánmì
hsk30-b79-4773,7-9,言辞,yáncí,言辞,yáncí
hsk30-b79-4774,7-9,言论,yánlùn,言论,yánlùn
hsk30-b79-4775,7-9,言行,yánxíng,言行,yánxíng
hsk30-b79-4776,7-9,岩石,yánshí,岩石,yánshí
hsk30-b79-4777,7-9,炎热,yánrè,炎热,yánrè
hsk30-b79-4778,7-9,炎症,yánzhèng,炎症,yánzhèng
hsk30-b79-4779,7-9,沿岸,yán'àn,沿岸,yán'àn
hsk30-b79-4780,7-9,沿途,yántú,沿途,yántú
hsk30-b79-4781,7-9,沿线,yánxiàn,沿线,yánxiàn
hsk30-b79-4782,7-9,研讨,yántǎo,研讨,yántǎo
hsk30-b79-4783,7-9,阎王,Yánwang,阎王,Yánwang
hsk30-b79-4784,7-9,衍生,yǎnshēng,衍生,yǎnshēng
hsk30-b79-4785,7-9,掩盖,yǎngài,掩盖,yǎngài
hsk30-b79-4786,7-9,掩护,yǎnhù,掩护,yǎnhù
hsk30-b79-4787,7-9,掩饰,yǎnshì,掩饰,yǎnshì
hsk30-b79-4788,7-9,眼红,yǎnhóng,眼红,yǎnhóng
hsk30-b79-4789,7-9,眼界,yǎnjiè,眼界,yǎnjiè
hsk30-b79-4790,7-9,眼色,yǎnsè,眼色,yǎnsè
hsk30-b79-4791,7-9,眼神,yǎnshén,眼神,yǎnshén
hsk30-b79-4792,7-9,眼下,yǎnxià,眼下,yǎnxià
hsk30-b79-4793,7-9,演变,yǎnbiàn,演变,yǎnbiàn
hsk30-b79-4794,7-9,演播室,yǎnbōshì,演播室,yǎnbōshì
hsk30-b79-4795,7-9,演技,yǎnjì,演技,yǎnjì
hsk30-b79-4796,7-9,演练,yǎnliàn,演练,yǎnliàn
hsk30-b79-4797,7-9,演示,yǎnshì,演示,yǎnshì
hsk30-b79-4798,7-9,演说,yǎnshuō,演说,yǎnshuō
hsk30-b79-4799,7-9,演习,yǎnxí,演习,yǎnxí
hsk30-b79-4800,7-9,演戏,yǎnxì,演戏,yǎnxì
hsk30-b79-4801,7-9,演艺圈,yǎnyìquān,演艺圈,yǎnyìquān
hsk30-b79-4802,7-9,演绎,yǎnyì,演绎,yǎnyì
hsk30-b79-4803,7-9,厌烦,yànfán,厌烦,yànfán
hsk30-b79-4804,7-9,厌倦,yànjuàn,厌倦,yànjuàn
hsk30-b79-4805,7-9,咽,yàn,咽,yàn
hsk30-b79-4806,7-9,艳丽,yànlì,艳丽,yànlì
hsk30-b79-4807,7-9,验,yàn,验,yàn
hsk30-b79-4808,7-9,验收,yànshōu,验收,yànshōu
hsk30-b79-4809,7-9,验证,yànzhèng,验证,yànzhèng
hsk30-b79-4810,7-9,焰火,yànhuǒ,焰火,yànhuǒ
hsk30-b79-4811,7-9,燕子,yànzi,燕子,yànzi
hsk30-b79-4812,7-9,秧歌,yāngge,秧歌,yāngge
hsk30-b79-4813,7-9,扬,yáng,扬,yáng
hsk30-b79-4814,7-9,阳性,yángxìng,阳性,yángxìng
hsk30-b79-4815,7-9,杨树,yángshù,杨树,yángshù
hsk30-b79-4816,7-9,洋溢,yángyì,洋溢,yángyì
hsk30-b79-4817,7-9,养活,yǎnghuo,养活,yǎnghuo
hsk30-b79-4818,7-9,养老金,yǎnglǎojīn,养老金,yǎnglǎojīn
hsk30-b79-4819,7-9,养老院,yǎnglǎoyuàn,养老院,yǎnglǎoyuàn
hsk30-b79-4820,7-9,养生,yǎngshēng,养生,yǎngshēng
hsk30-b79-4821,7-9,养殖,yǎngzhí,养殖,yǎngzhí
hsk30-b79-4822,7-9,氧,yǎng,氧,yǎng
hsk30-b79-4823,7-9,痒,yǎng,痒,yǎng
hsk30-b79-4824,7-9,样本,yàngběn,样本,yàngběn
hsk30-b79-4825,7-9,样品,yàngpǐn,样品,yàngpǐn
hsk30-b79-4826,7-9,妖怪,yāoguài,妖怪,yāoguài
hsk30-b79-4827,7-9,邀,yāo,邀,yāo
hsk30-b79-4828,7-9,窑,yáo,窑,yáo
hsk30-b79-4829,7-9,谣言,yáoyán,谣言,yáoyán
hsk30-b79-4830,7-9,摇摆,yáobǎi,摇摆,yáobǎi
hsk30-b79-4831,7-9,摇滚,yáogǔn,摇滚,yáogǔn
hsk30-b79-4832,7-9,摇晃,yáohuàng,摇晃,yáohuàng
hsk30-b79-4833,7-9,摇篮,yáolán,摇篮,yáolán
hsk30-b79-4834,7-9,摇摇欲坠,yáoyáo-yùzhuì,摇摇欲坠,yáoyáo-yùzhuì
hsk30-b79-4835,7-9,遥控,yáokòng,遥控,yáokòng
hsk30-b79-4836,7-9,遥远,yáoyuǎn,遥远,yáoyuǎn
hsk30-b79-4837,7-9,药材,yàocái,药材,yàocái
hsk30-b79-4838,7-9,药方,yàofāng,药方,yàofāng
hsk30-b79-4839,7-9,要不,yàobù,要不,yàobù
hsk30-b79-4840,7-9,要不是,yàobùshì,要不是,yàobùshì
hsk30-b79-4841,7-9,要点,yàodiǎn,要点,yàodiǎn
hsk30-b79-4842,7-9,要害,yàohài,要害,yàohài
hsk30-b79-4843,7-9,要紧,yàojǐn,要紧,yàojǐn
hsk30-b79-4844,7-9,要领,yàolǐng,要领,yàolǐng
hsk30-b79-4845,7-9,要命,yàomìng,要命,yàomìng
hsk30-b79-4846,7-9,要强,yàoqiáng,要强,yàoqiáng
hsk30-b79-4847,7-9,钥匙,yàoshi,钥匙,yàoshi
hsk30-b79-4848,7-9,耀眼,yàoyǎn,耀眼,yàoyǎn
hsk30-b79-4849,7-9,椰子,yēzi,椰子,yēzi
hsk30-b79-4850,7-9,也就是说,yějiùshìshuō,也就是说,yějiùshìshuō
hsk30-b79-4851,7-9,野餐,yěcān,野餐,yěcān
hsk30-b79-4852,7-9,野炊,yěchuī,野炊,yěchuī
hsk30-b79-4853,7-9,野蛮,yěmán,野蛮,yěmán
hsk30-b79-4854,7-9,野兽,yěshòu,野兽,yěshòu
hsk30-b79-4855,7-9,野外,yěwài,野外,yěwài
hsk30-b79-4856,7-9,野心,yěxīn,野心,yěxīn
hsk30-b79-4857,7-9,野营,yěyíng,野营,yěyíng
hsk30-b79-4858,7-9,业,yè,业（服务业）,yè (fúwùyè)
hsk30-b79-4859,7-9,业绩,yèjì,业绩,yèjì
hsk30-b79-4860,7-9,夜班,yèbān,夜班,yèbān
hsk30-b79-4861,7-9,夜市,yèshì,夜市,yèshì
hsk30-b79-4862,7-9,夜晚,yèwǎn,夜晚,yèwǎn
hsk30-b79-4863,7-9,夜校,yèxiào,夜校,yèxiào
hsk30-b79-4864,7-9,夜以继日,yèyǐjìrì,夜以继日,yèyǐjìrì
hsk30-b79-4865,7-9,夜总会,yèzǒnghuì,夜总会,yèzǒnghuì
hsk30-b79-4866,7-9,液晶,yèjīng,液晶,yèjīng
hsk30-b79-4867,7-9,液体,yètǐ,液体,yètǐ
hsk30-b79-4868,7-9,一把手,yībǎshǒu,一把手,yībǎshǒu
hsk30-b79-4869,7-9,一线,yīxiàn,一线,yīxiàn
hsk30-b79-4870,7-9,一一,yīyī,一一,yīyī
hsk30-b79-4871,7-9,伊斯兰教,Yīsīlánjiào,伊斯兰教,Yīsīlánjiào
hsk30-b79-4872,7-9,衣食住行,yī-shí-zhù-xíng,衣食住行,yī-shí-zhù-xíng
hsk30-b79-4873,7-9,医务,yīwù,医务,yīwù
hsk30-b79-4874,7-9,依,yī,依,yī
hsk30-b79-4875,7-9,依托,yītuō,依托,yītuō
hsk30-b79-4876,7-9,依依不舍,yīyī-bùshě,依依不舍,yīyī-bùshě
hsk30-b79-4877,7-9,一不小心,yī bù xiǎoxīn,一不小心,yī bù xiǎoxīn
hsk30-b79-4878,7-9,一刹那,yīchànà,一刹那,yīchànà
hsk30-b79-4879,7-9,一大早,yīdàzǎo,一大早,yīdàzǎo
hsk30-b79-4880,7-9,一动不动,yīdòng-bùdòng,一动不动,yīdòng-bùdòng
hsk30-b79-4881,7-9,一度,yīdù,一度,yīdù
hsk30-b79-4882,7-9,一概,yīgài,一概,yīgài
hsk30-b79-4883,7-9,一概而论,yīgài'érlùn,一概而论,yīgài'érlùn
hsk30-b79-4884,7-9,一个劲儿,yīgejìnr,一个劲儿,yīgejìnr
hsk30-b79-4885,7-9,一晃,yīhuàng,一晃,yīhuàng
hsk30-b79-4886,7-9,一技之长,yījìzhīcháng,一技之长,yījìzhīcháng
hsk30-b79-4887,7-9,一面,yīmiàn,一面,yīmiàn
hsk30-b79-4888,7-9,一目了然,yīmù-liǎorán,一目了然,yīmù-liǎorán
hsk30-b79-4889,7-9,一事无成,yīshì-wúchéng,一事无成,yīshì-wúchéng
hsk30-b79-4890,7-9,一瞬间,yīshùnjiān,一瞬间,yīshùnjiān
hsk30-b79-4891,7-9,一味,yīwèi,一味,yīwèi
hsk30-b79-4892,7-9,一系列,yīxìliè,一系列,yīxìliè
hsk30-b79-4893,7-9,一阵,yīzhèn,一阵,yīzhèn
hsk30-b79-4894,7-9,仪表,yíbiǎo,仪表,yíbiǎo
hsk30-b79-4895,7-9,怡然自得,yírán-zìdé,怡然自得,yírán-zìdé
hsk30-b79-4896,7-9,姨,yí,姨,yí
hsk30-b79-4897,7-9,移交,yíjiāo,移交,yíjiāo
hsk30-b79-4898,7-9,移植,yízhí,移植,yízhí
hsk30-b79-4899,7-9,遗留,yíliú,遗留,yíliú
hsk30-b79-4900,7-9,遗弃,yíqì,遗弃,yíqì
hsk30-b79-4901,7-9,遗体,yítǐ,遗体,yítǐ
hsk30-b79-4902,7-9,遗忘,yíwàng,遗忘,yíwàng
hsk30-b79-4903,7-9,遗物,yíwù,遗物,yíwù
hsk30-b79-4904,7-9,遗愿,yíyuàn,遗愿,yíyuàn
hsk30-b79-4905,7-9,遗址,yízhǐ,遗址,yízhǐ
hsk30-b79-4906,7-9,遗嘱,yízhǔ,遗嘱,yízhǔ
hsk30-b79-4907,7-9,疑点,yídiǎn,疑点,yídiǎn
hsk30-b79-4908,7-9,疑惑,yíhuò,疑惑,yíhuò
hsk30-b79-4909,7-9,疑虑,yílǜ,疑虑,yílǜ
hsk30-b79-4910,7-9,以,yǐ,以,yǐ
hsk30-b79-4911,7-9,以免,yǐmiǎn,以免,yǐmiǎn
hsk30-b79-4912,7-9,以身作则,yǐshēn-zuòzé,以身作则,yǐshēn-zuòzé
hsk30-b79-4913,7-9,以至于,yǐzhìyú,以至于,yǐzhìyú
hsk30-b79-4914,7-9,以致,yǐzhì,以致,yǐzhì
hsk30-b79-4915,7-9,矣,yǐ,矣,yǐ
hsk30-b79-4916,7-9,倚,yǐ,倚,yǐ
hsk30-b79-4917,7-9,一长一短,yī cháng yī duǎn,一长一短,yī cháng yī duǎn
hsk30-b79-4918,7-9,一成不变,yīchéng-bùbiàn,一成不变,yīchéng-bùbiàn
hsk30-b79-4919,7-9,一筹莫展,yīchóu-mòzhǎn,一筹莫展,yīchóu-mòzhǎn
hsk30-b79-4920,7-9,一帆风顺,yīfān-fēngshùn,一帆风顺,yīfān-fēngshùn
hsk30-b79-4921,7-9,一干二净,yīgān-èrjìng,一干二净,yīgān-èrjìng
hsk30-b79-4922,7-9,一鼓作气,yīgǔ-zuòqì,一鼓作气,yīgǔ-zuòqì
hsk30-b79-4923,7-9,一锅粥,yīguōzhōu,一锅粥,yīguōzhōu
hsk30-b79-4924,7-9,一回事,yīhuíshì,一回事,yīhuíshì
hsk30-b79-4925,7-9,一家人,yījiārén,一家人,yījiārén
hsk30-b79-4926,7-9,一经,yījīng,一经,yījīng
hsk30-b79-4927,7-9,一举,yījǔ,一举,yījǔ
hsk30-b79-4928,7-9,一举一动,yījǔ-yīdòng,一举一动,yījǔ-yīdòng
hsk30-b79-4929,7-9,一卡通,yīkǎtōng,一卡通,yīkǎtōng
hsk30-b79-4930,7-9,一揽子,yīlǎnzi,一揽子,yīlǎnzi
hsk30-b79-4931,7-9,一连,yīlián,一连,yīlián
hsk30-b79-4932,7-9,一连串,yīliánchuàn,一连串,yīliánchuàn
hsk30-b79-4933,7-9,一毛不拔,yīmáo-bùbá,一毛不拔,yīmáo-bùbá
hsk30-b79-4934,7-9,一年到头,yīnián-dàotóu,一年到头,yīnián-dàotóu
hsk30-b79-4935,7-9,一旁,yīpáng,一旁,yīpáng
hsk30-b79-4936,7-9,一如既往,yīrú-jìwǎng,一如既往,yīrú-jìwǎng
hsk30-b79-4937,7-9,一声不吭,yīshēng-bùkēng,一声不吭,yīshēng-bùkēng
hsk30-b79-4938,7-9,一手,yīshǒu,一手,yīshǒu
hsk30-b79-4939,7-9,一塌糊涂,yītāhútú,一塌糊涂,yītāhútú
hsk30-b79-4940,7-9,一体,yītǐ,一体,yītǐ
hsk30-b79-4941,7-9,一天到晚,yītiān-dàowǎn,一天到晚,yītiān-dàowǎn
hsk30-b79-4942,7-9,一头,yītóu,一头,yītóu
hsk30-b79-4943,7-9,一无所有,yīwúsuǒyǒu,一无所有,yīwúsuǒyǒu
hsk30-b79-4944,7-9,一无所知,yīwúsuǒzhī,一无所知,yīwúsuǒzhī
hsk30-b79-4945,7-9,一心,yīxīn,一心,yīxīn
hsk30-b79-4946,7-9,一心一意,yīxīn-yīyì,一心一意,yīxīn-yīyì
hsk30-b79-4947,7-9,一言不发,yīyán-bùfā,一言不发,yīyán-bùfā
hsk30-b79-4948,7-9,一言一行,yīyán-yīxíng,一言一行,yīyán-yīxíng
hsk30-b79-4949,7-9,一眼,yīyǎn,一眼,yīyǎn
hsk30-b79-4950,7-9,一应俱全,yīyīng-jùquán,一应俱全,yīyīng-jùquán
hsk30-b79-4951,7-9,一早,yīzǎo,一早,yīzǎo
hsk30-b79-4952,7-9,义工,yìgōng,义工,yìgōng
hsk30-b79-4953,7-9,议,yì,议,yì
hsk30-b79-4954,7-9,议程,yìchéng,议程,yìchéng
hsk30-b79-4955,7-9,议会,yìhuì,议会,yìhuì
hsk30-b79-4956,7-9,议员,yìyuán,议员,yìyuán
hsk30-b79-4957,7-9,屹立,yìlì,屹立,yìlì
hsk30-b79-4958,7-9,亦,yì,亦,yì
hsk30-b79-4959,7-9,异口同声,yìkǒu-tóngshēng,异口同声,yìkǒu-tóngshēng
hsk30-b79-4960,7-9,异想天开,yìxiǎng-tiānkāi,异想天开,yìxiǎng-tiānkāi
hsk30-b79-4961,7-9,异性,yìxìng,异性,yìxìng
hsk30-b79-4962,7-9,异议,yìyì,异议,yìyì
hsk30-b79-4963,7-9,抑扬顿挫,yìyáng-dùncuò,抑扬顿挫,yìyáng-dùncuò
hsk30-b79-4964,7-9,抑郁,yìyù,抑郁,yìyù
hsk30-b79-4965,7-9,抑郁症,yìyùzhèng,抑郁症,yìyùzhèng
hsk30-b79-4966,7-9,抑制,yìzhì,抑制,yìzhì
hsk30-b79-4967,7-9,译,yì,译,yì
hsk30-b79-4968,7-9,易拉罐,yìlāguàn,易拉罐,yìlāguàn
hsk30-b79-4969,7-9,疫苗,yìmiáo,疫苗,yìmiáo
hsk30-b79-4970,7-9,益处,yìchù,益处,yìchù
hsk30-b79-4971,7-9,意料,yìliào,意料,yìliào
hsk30-b79-4972,7-9,意料之外,yìliào zhī wài,意料之外,yìliào zhī wài
hsk30-b79-4973,7-9,意图,yìtú,意图,yìtú
hsk30-b79-4974,7-9,意向,yìxiàng,意向,yìxiàng
hsk30-b79-4975,7-9,溢,yì,溢,yì
hsk30-b79-4976,7-9,毅力,yìlì,毅力,yìlì
hsk30-b79-4977,7-9,毅然,yìrán,毅然,yìrán
hsk30-b79-4978,7-9,因人而异,yīnrén'éryì,因人而异,yīnrén'éryì
hsk30-b79-4979,7-9,阴暗,yīn'àn,阴暗,yīn'àn
hsk30-b79-4980,7-9,阴性,yīnxìng,阴性,yīnxìng
hsk30-b79-4981,7-9,音响,yīnxiǎng,音响,yīnxiǎng
hsk30-b79-4982,7-9,殷勤,yīnqín,殷勤,yīnqín
hsk30-b79-4983,7-9,银幕,yínmù,银幕,yínmù
hsk30-b79-4984,7-9,引发,yǐnfā,引发,yǐnfā
hsk30-b79-4985,7-9,引经据典,yǐnjīng-jùdiǎn,引经据典,yǐnjīng-jùdiǎn
hsk30-b79-4986,7-9,引领,yǐnlǐng,引领,yǐnlǐng
hsk30-b79-4987,7-9,引擎,yǐnqíng,引擎,yǐnqíng
hsk30-b79-4988,7-9,引人入胜,yǐnrén-rùshèng,引人入胜,yǐnrén-rùshèng
hsk30-b79-4989,7-9,引人注目,yǐnrén-zhùmù,引人注目,yǐnrén-zhùmù
hsk30-b79-4990,7-9,引入,yǐnrù,引入,yǐnrù
hsk30-b79-4991,7-9,引用,yǐnyòng,引用,yǐnyòng
hsk30-b79-4992,7-9,引诱,yǐnyòu,引诱,yǐnyòu
hsk30-b79-4993,7-9,饮水,yǐn shuǐ,饮水,yǐn shuǐ
hsk30-b79-4994,7-9,饮用水,yǐnyòngshuǐ,饮用水,yǐnyòngshuǐ
hsk30-b79-4995,7-9,隐蔽,yǐnbì,隐蔽,yǐnbì
hsk30-b79-4996,7-9,隐患,yǐnhuàn,隐患,yǐnhuàn
hsk30-b79-4997,7-9,隐瞒,yǐnmán,隐瞒,yǐnmán
hsk30-b79-4998,7-9,隐情,yǐnqíng,隐情,yǐnqíng
hsk30-b79-4999,7-9,隐身,yǐnshēn,隐身,yǐnshēn
hsk30-b79-5000,7-9,隐形,yǐnxíng,隐形,yǐnxíng
hsk30-b79-5001,7-9,隐性,yǐnxìng,隐性,yǐnxìng
hsk30-b79-5002,7-9,隐约,yǐnyuē,隐约,yǐnyuē
hsk30-b79-5003,7-9,瘾,yǐn,瘾,yǐn
hsk30-b79-5004,7-9,印刷术,yìnshuāshù,印刷术,yìnshuāshù
hsk30-b79-5005,7-9,印章,yìnzhāng,印章,yìnzhāng
hsk30-b79-5006,7-9,印证,yìnzhèng,印证,yìnzhèng
hsk30-b79-5007,7-9,应有尽有,yīngyǒu-jìnyǒu,应有尽有,yīngyǒu-jìnyǒu
hsk30-b79-5008,7-9,英镑,yīngbàng,英镑,yīngbàng
hsk30-b79-5009,7-9,英俊,yīngjùn,英俊,yīngjùn
hsk30-b79-5010,7-9,婴儿,yīng'ér,婴儿,yīng'ér
hsk30-b79-5011,7-9,鹰,yīng,鹰,yīng
hsk30-b79-5012,7-9,迎,yíng,迎,yíng
hsk30-b79-5013,7-9,迎合,yínghé,迎合,yínghé
hsk30-b79-5014,7-9,荧光,yíngguāng,荧光,yíngguāng
hsk30-b79-5015,7-9,盈利,yínglì,盈利,yínglì
hsk30-b79-5016,7-9,营救,yíngjiù,营救,yíngjiù
hsk30-b79-5017,7-9,营造,yíngzào,营造,yíngzào
hsk30-b79-5018,7-9,赢家,yíngjiā,赢家,yíngjiā
hsk30-b79-5019,7-9,影像,yǐngxiàng,影像,yǐngxiàng
hsk30-b79-5020,7-9,应酬,yìngchou,应酬,yìngchou
hsk30-b79-5021,7-9,应付,yìngfu,应付,yìngfu
hsk30-b79-5022,7-9,应聘,yìngpìn,应聘,yìngpìn
hsk30-b79-5023,7-9,应邀,yìngyāo,应邀,yìngyāo
hsk30-b79-5024,7-9,映,yìng,映,yìng
hsk30-b79-5025,7-9,硬币,yìngbì,硬币,yìngbì
hsk30-b79-5026,7-9,硬朗,yìnglang,硬朗,yìnglang
hsk30-b79-5027,7-9,硬盘,yìngpán,硬盘,yìngpán
hsk30-b79-5028,7-9,拥护,yōnghù,拥护,yōnghù
hsk30-b79-5029,7-9,拥挤,yōngjǐ,拥挤,yōngjǐ
hsk30-b79-5030,7-9,庸俗,yōngsú,庸俗,yōngsú
hsk30-b79-5031,7-9,永不,yǒng bù,永不,yǒng bù
hsk30-b79-5032,7-9,永恒,yǒnghéng,永恒,yǒnghéng
hsk30-b79-5033,7-9,永久,yǒngjiǔ,永久,yǒngjiǔ
hsk30-b79-5034,7-9,勇往直前,yǒngwǎng-zhíqián,勇往直前,yǒngwǎng-zhíqián
hsk30-b79-5035,7-9,勇于,yǒngyú,勇于,yǒngyú
hsk30-b79-5036,7-9,涌,yǒng,涌,yǒng
hsk30-b79-5037,7-9,涌入,yǒngrù,涌入,yǒngrù
hsk30-b79-5038,7-9,涌现,yǒngxiàn,涌现,yǒngxiàn
hsk30-b79-5039,7-9,踊跃,yǒngyuè,踊跃,yǒngyuè
hsk30-b79-5040,7-9,用餐,yòngcān,用餐,yòngcān
hsk30-b79-5041,7-9,用功,yònggōng,用功,yònggōng
hsk30-b79-5042,7-9,用力,yònglì,用力,yònglì
hsk30-b79-5043,7-9,用人,yòngrén,用人,yòngrén
hsk30-b79-5044,7-9,用意,yòngyì,用意,yòngyì
hsk30-b79-5045,7-9,优,yōu,优,yōu
hsk30-b79-5046,7-9,优化,yōuhuà,优化,yōuhuà
hsk30-b79-5047,7-9,优雅,yōuyǎ,优雅,yōuyǎ
hsk30-b79-5048,7-9,优异,yōuyì,优异,yōuyì
hsk30-b79-5049,7-9,优越,yōuyuè,优越,yōuyuè
hsk30-b79-5050,7-9,忧愁,yōuchóu,忧愁,yōuchóu
hsk30-b79-5051,7-9,忧虑,yōulǜ,忧虑,yōulǜ
hsk30-b79-5052,7-9,忧郁,yōuyù,忧郁,yōuyù
hsk30-b79-5053,7-9,悠久,yōujiǔ,悠久,yōujiǔ
hsk30-b79-5054,7-9,悠闲,yōuxián,悠闲,yōuxián
hsk30-b79-5055,7-9,尤为,yóuwéi,尤为,yóuwéi
hsk30-b79-5056,7-9,由此看来,yóucǐ-kànlái,由此看来,yóucǐ-kànlái
hsk30-b79-5057,7-9,由此可见,yóucǐ-kějiàn,由此可见,yóucǐ-kějiàn
hsk30-b79-5058,7-9,由来,yóulái,由来,yóulái
hsk30-b79-5059,7-9,由衷,yóuzhōng,由衷,yóuzhōng
hsk30-b79-5060,7-9,邮编,yóubiān,邮编,yóubiān
hsk30-b79-5061,7-9,邮政,yóuzhèng,邮政,yóuzhèng
hsk30-b79-5062,7-9,犹如,yóurú,犹如,yóurú
hsk30-b79-5063,7-9,犹豫不决,yóuyù-bùjué,犹豫不决,yóuyù-bùjué
hsk30-b79-5064,7-9,油画,yóuhuà,油画,yóuhuà
hsk30-b79-5065,7-9,游船,yóuchuán,游船,yóuchuán
hsk30-b79-5066,7-9,游览,yóulǎn,游览,yóulǎn
hsk30-b79-5067,7-9,友情,yǒuqíng,友情,yǒuqíng
hsk30-b79-5068,7-9,友人,yǒurén,友人,yǒurén
hsk30-b79-5069,7-9,友善,yǒushàn,友善,yǒushàn
hsk30-b79-5070,7-9,有待,yǒudài,有待,yǒudài
hsk30-b79-5071,7-9,有的放矢,yǒudì-fàngshǐ,有的放矢,yǒudì-fàngshǐ
hsk30-b79-5072,7-9,有机,yǒujī,有机,yǒujī
hsk30-b79-5073,7-9,有口无心,yǒukǒu-wúxīn,有口无心,yǒukǒu-wúxīn
hsk30-b79-5074,7-9,有两下子,yǒu liǎngxiàzi,有两下子,yǒu liǎngxiàzi
hsk30-b79-5075,7-9,有声有色,yǒushēng-yǒusè,有声有色,yǒushēng-yǒusè
hsk30-b79-5076,7-9,有所,yǒusuǒ,有所,yǒusuǒ
hsk30-b79-5077,7-9,有所不同,yǒusuǒ bù tóng,有所不同,yǒusuǒ bù tóng
hsk30-b79-5078,7-9,有望,yǒuwàng,有望,yǒuwàng
hsk30-b79-5079,7-9,有效期,yǒuxiàoqī,有效期,yǒuxiàoqī
hsk30-b79-5080,7-9,有幸,yǒuxìng,有幸,yǒuxìng
hsk30-b79-5081,7-9,有序,yǒuxù,有序,yǒuxù
hsk30-b79-5082,7-9,有益,yǒuyì,有益,yǒuyì
hsk30-b79-5083,7-9,有意,yǒuyì,有意,yǒuyì
hsk30-b79-5084,7-9,有朝一日,yǒuzhāo-yīrì,有朝一日,yǒuzhāo-yīrì
hsk30-b79-5085,7-9,有助于,yǒuzhùyú,有助于,yǒuzhùyú
hsk30-b79-5086,7-9,幼稚,yòuzhì,幼稚,yòuzhì
hsk30-b79-5087,7-9,诱饵,yòu'ěr,诱饵,yòu'ěr
hsk30-b79-5088,7-9,诱发,yòufā,诱发,yòufā
hsk30-b79-5089,7-9,诱惑,yòuhuò,诱惑,yòuhuò
hsk30-b79-5090,7-9,诱人,yòurén,诱人,yòurén
hsk30-b79-5091,7-9,余,yú,余,yú
hsk30-b79-5092,7-9,余地,yúdì,余地,yúdì
hsk30-b79-5093,7-9,余额,yú'é,余额,yú'é
hsk30-b79-5094,7-9,渔船,yúchuán,渔船,yúchuán
hsk30-b79-5095,7-9,渔民,yúmín,渔民,yúmín
hsk30-b79-5096,7-9,逾期,yúqī,逾期,yúqī
hsk30-b79-5097,7-9,愚蠢,yúchǔn,愚蠢,yúchǔn
hsk30-b79-5098,7-9,愚公移山,yúgōng-yíshān,愚公移山,yúgōng-yíshān
hsk30-b79-5099,7-9,舆论,yúlùn,舆论,yúlùn
hsk30-b79-5100,7-9,与此同时,yǔcǐ-tóngshí,与此同时,yǔcǐ-tóngshí
hsk30-b79-5101,7-9,与否,yǔ fǒu,与否,yǔ fǒu
hsk30-b79-5102,7-9,与其,yǔqí,与其,yǔqí
hsk30-b79-5103,7-9,与日俱增,yǔrì-jùzēng,与日俱增,yǔrì-jùzēng
hsk30-b79-5104,7-9,与时俱进,yǔshí-jùjìn,与时俱进,yǔshí-jùjìn
hsk30-b79-5105,7-9,与众不同,yǔzhòng-bùtóng,与众不同,yǔzhòng-bùtóng
hsk30-b79-5106,7-9,予以,yǔyǐ,予以,yǔyǐ
hsk30-b79-5107,7-9,宇宙,yǔzhòu,宇宙,yǔzhòu
hsk30-b79-5108,7-9,语气,yǔqì,语气,yǔqì
hsk30-b79-5109,7-9,浴室,yùshì,浴室,yùshì
hsk30-b79-5110,7-9,预定,yùdìng,预定,yùdìng
hsk30-b79-5111,7-9,预感,yùgǎn,预感,yùgǎn
hsk30-b79-5112,7-9,预告,yùgào,预告,yùgào
hsk30-b79-5113,7-9,预见,yùjiàn,预见,yùjiàn
hsk30-b79-5114,7-9,预料,yùliào,预料,yùliào
hsk30-b79-5115,7-9,预赛,yùsài,预赛,yùsài
hsk30-b79-5116,7-9,预示,yùshì,预示,yùshì
hsk30-b79-5117,7-9,预售,yùshòu,预售,yùshòu
hsk30-b79-5118,7-9,预算,yùsuàn,预算,yùsuàn
hsk30-b79-5119,7-9,预先,yùxiān,预先,yùxiān
hsk30-b79-5120,7-9,预言,yùyán,预言,yùyán
hsk30-b79-5121,7-9,预兆,yùzhào,预兆,yùzhào
hsk30-b79-5122,7-9,欲望,yùwàng,欲望,yùwàng
hsk30-b79-5123,7-9,遇难,yùnàn,遇难,yùnàn
hsk30-b79-5124,7-9,遇上,yùshang,遇上,yùshang
hsk30-b79-5125,7-9,遇险,yùxiǎn,遇险,yùxiǎn
hsk30-b79-5126,7-9,寓言,yùyán,寓言,yùyán
hsk30-b79-5127,7-9,寓意,yùyì,寓意,yùyì
hsk30-b79-5128,7-9,愈合,yùhé,愈合,yùhé
hsk30-b79-5129,7-9,愈来愈,yù lái yù,愈来愈,yù lái yù
hsk30-b79-5130,7-9,愈演愈烈,yùyǎn-yùliè,愈演愈烈,yùyǎn-yùliè
hsk30-b79-5131,7-9,冤,yuān,冤,yuān
hsk30-b79-5132,7-9,冤枉,yuānwang,冤枉,yuānwang
hsk30-b79-5133,7-9,渊源,yuānyuán,渊源,yuānyuán
hsk30-b79-5134,7-9,元老,yuánlǎo,元老,yuánlǎo
hsk30-b79-5135,7-9,元首,yuánshǒu,元首,yuánshǒu
hsk30-b79-5136,7-9,元宵节,Yuánxiāo Jié,元宵节,Yuánxiāo Jié
hsk30-b79-5137,7-9,原本,yuánběn,原本,yuánběn
hsk30-b79-5138,7-9,原材料,yuáncáiliào,原材料,yuáncáiliào
hsk30-b79-5139,7-9,原创,yuánchuàng,原创,yuánchuàng
hsk30-b79-5140,7-9,原地,yuándì,原地,yuándì
hsk30-b79-5141,7-9,原型,yuánxíng,原型,yuánxíng
hsk30-b79-5142,7-9,原汁原味,yuánzhī-yuánwèi,原汁原味,yuánzhī-yuánwèi
hsk30-b79-5143,7-9,原装,yuánzhuāng,原装,yuánzhuāng
hsk30-b79-5144,7-9,圆形,yuánxíng,圆形,yuánxíng
hsk30-b79-5145,7-9,缘分,yuánfèn,缘分,yuánfèn
hsk30-b79-5146,7-9,源泉,yuánquán,源泉,yuánquán
hsk30-b79-5147,7-9,源头,yuántóu,源头,yuántóu
hsk30-b79-5148,7-9,源于,yuányú,源于,yuányú
hsk30-b79-5149,7-9,源源不断,yuányuán-bùduàn,源源不断,yuányuán-bùduàn
hsk30-b79-5150,7-9,远程,yuǎnchéng,远程,yuǎnchéng
hsk30-b79-5151,7-9,远见,yuǎnjiàn,远见,yuǎnjiàn
hsk30-b79-5152,7-9,远近闻名,yuǎnjìn-wénmíng,远近闻名,yuǎnjìn-wénmíng
hsk30-b79-5153,7-9,怨恨,yuànhèn,怨恨,yuànhèn
hsk30-b79-5154,7-9,怨气,yuànqì,怨气,yuànqì
hsk30-b79-5155,7-9,怨言,yuànyán,怨言,yuànyán
hsk30-b79-5156,7-9,院士,yuànshì,院士,yuànshì
hsk30-b79-5157,7-9,曰,yuē,曰,yuē
hsk30-b79-5158,7-9,约定俗成,yuēdìng-súchéng,约定俗成,yuēdìng-súchéng
hsk30-b79-5159,7-9,月初,yuèchū,月初,yuèchū
hsk30-b79-5160,7-9,月票,yuèpiào,月票,yuèpiào
hsk30-b79-5161,7-9,乐器,yuèqì,乐器,yuèqì
hsk30-b79-5162,7-9,岳父,yuèfù,岳父,yuèfù
hsk30-b79-5163,7-9,岳母,yuèmǔ,岳母,yuèmǔ
hsk30-b79-5164,7-9,阅历,yuèlì,阅历,yuèlì
hsk30-b79-5165,7-9,悦耳,yuè'ěr,悦耳,yuè'ěr
hsk30-b79-5166,7-9,越发,yuèfā,越发,yuèfā
hsk30-b79-5167,7-9,越过,yuèguò,越过,yuèguò
hsk30-b79-5168,7-9,晕倒,yūndǎo,晕倒,yūndǎo
hsk30-b79-5169,7-9,陨石,yǔnshí,陨石,yǔnshí
hsk30-b79-5170,7-9,孕妇,yùnfù,孕妇,yùnfù
hsk30-b79-5171,7-9,孕育,yùnyù,孕育,yùnyù
hsk30-b79-5172,7-9,运河,yùnhé,运河,yùnhé
hsk30-b79-5173,7-9,运送,yùnsòng,运送,yùnsòng
hsk30-b79-5174,7-9,运营,yùnyíng,运营,yùnyíng
hsk30-b79-5175,7-9,运转,yùnzhuǎn,运转,yùnzhuǎn
hsk30-b79-5176,7-9,酝酿,yùnniàng,酝酿,yùnniàng
hsk30-b79-5177,7-9,韵味,yùnwèi,韵味,yùnwèi
hsk30-b79-5178,7-9,蕴藏,yùncáng,蕴藏,yùncáng
hsk30-b79-5179,7-9,蕴涵,yùnhán,蕴涵,yùnhán
hsk30-b79-5180,7-9,杂技,zájì,杂技,zájì
hsk30-b79-5181,7-9,杂交,zájiāo,杂交,zájiāo
hsk30-b79-5182,7-9,杂乱无章,záluàn-wúzhāng,杂乱无章,záluàn-wúzhāng
hsk30-b79-5183,7-9,砸,zá,砸,zá
hsk30-b79-5184,7-9,栽,zāi,栽,zāi
hsk30-b79-5185,7-9,栽培,zāipéi,栽培,zāipéi
hsk30-b79-5186,7-9,宰,zǎi,宰,zǎi
hsk30-b79-5187,7-9,再度,zàidù,再度,zàidù
hsk30-b79-5188,7-9,再现,zàixiàn,再现,zàixiàn
hsk30-b79-5189,7-9,在线,zàixiàn,在线,zàixiàn
hsk30-b79-5190,7-9,在意,zàiyì,在意,zàiyì
hsk30-b79-5191,7-9,在职,zàizhí,在职,zàizhí
hsk30-b79-5192,7-9,载体,zàitǐ,载体,zàitǐ
hsk30-b79-5193,7-9,攒,zǎn,攒,zǎn
hsk30-b79-5194,7-9,暂,zàn,暂,zàn
hsk30-b79-5195,7-9,赞不绝口,zànbùjuékǒu,赞不绝口,zànbùjuékǒu
hsk30-b79-5196,7-9,赞美,zànměi,赞美,zànměi
hsk30-b79-5197,7-9,赞叹,zàntàn,赞叹,zàntàn
hsk30-b79-5198,7-9,赞叹不已,zàntàn-bùyǐ,赞叹不已,zàntàn-bùyǐ
hsk30-b79-5199,7-9,赞同,zàntóng,赞同,zàntóng
hsk30-b79-5200,7-9,赞许,zànxǔ,赞许,zànxǔ
hsk30-b79-5201,7-9,赞扬,zànyáng,赞扬,zànyáng
hsk30-b79-5202,7-9,葬,zàng,葬,zàng
hsk30-b79-5203,7-9,葬礼,zànglǐ,葬礼,zànglǐ
hsk30-b79-5204,7-9,遭殃,zāoyāng,遭殃,zāoyāng
hsk30-b79-5205,7-9,凿,záo,凿,záo
hsk30-b79-5206,7-9,早年,zǎonián,早年,zǎonián
hsk30-b79-5207,7-9,早日,zǎorì,早日,zǎorì
hsk30-b79-5208,7-9,枣,zǎo,枣,zǎo
hsk30-b79-5209,7-9,造福,zàofú,造福,zàofú
hsk30-b79-5210,7-9,造假,zàojiǎ,造假,zàojiǎ
hsk30-b79-5211,7-9,造价,zàojià,造价,zàojià
hsk30-b79-5212,7-9,造就,zàojiù,造就,zàojiù
hsk30-b79-5213,7-9,造纸术,zàozhǐshù,造纸术,zàozhǐshù
hsk30-b79-5214,7-9,噪声,zàoshēng,噪声,zàoshēng
hsk30-b79-5215,7-9,噪音,zàoyīn,噪音,zàoyīn
hsk30-b79-5216,7-9,则,zé,则,zé
hsk30-b79-5217,7-9,则,zé,则,zé
hsk30-b79-5218,7-9,责备,zébèi,责备,zébèi
hsk30-b79-5219,7-9,责怪,zéguài,责怪,zéguài
hsk30-b79-5220,7-9,贼,zéi,贼,zéi
hsk30-b79-5221,7-9,增收,zēngshōu,增收,zēngshōu
hsk30-b79-5222,7-9,增添,zēngtiān,增添,zēngtiān
hsk30-b79-5223,7-9,扎根,zhāgēn,扎根,zhāgēn
hsk30-b79-5224,7-9,渣子,zhāzi,渣子,zhāzi
hsk30-b79-5225,7-9,闸,zhá,闸,zhá
hsk30-b79-5226,7-9,炸,zhá,炸,zhá
hsk30-b79-5227,7-9,眨眼,zhǎyǎn,眨眼,zhǎyǎn
hsk30-b79-5228,7-9,诈骗,zhàpiàn,诈骗,zhàpiàn
hsk30-b79-5229,7-9,榨,zhà,榨,zhà
hsk30-b79-5230,7-9,窄,zhǎi,窄,zhǎi
hsk30-b79-5231,7-9,债务,zhàiwù,债务,zhàiwù
hsk30-b79-5232,7-9,占卜,zhānbǔ,占卜,zhānbǔ
hsk30-b79-5233,7-9,沾,zhān,沾,zhān
hsk30-b79-5234,7-9,沾光,zhānguāng,沾光,zhānguāng
hsk30-b79-5235,7-9,粘,zhān,粘,zhān
hsk30-b79-5236,7-9,瞻仰,zhānyǎng,瞻仰,zhānyǎng
hsk30-b79-5237,7-9,斩,zhǎn,斩,zhǎn
hsk30-b79-5238,7-9,斩草除根,zhǎncǎo-chúgēn,斩草除根,zhǎncǎo-chúgēn
hsk30-b79-5239,7-9,盏,zhǎn,盏,zhǎn
hsk30-b79-5240,7-9,展出,zhǎnchū,展出,zhǎnchū
hsk30-b79-5241,7-9,展览会,zhǎnlǎnhuì,展览会,zhǎnlǎnhuì
hsk30-b79-5242,7-9,展望,zhǎnwàng,展望,zhǎnwàng
hsk30-b79-5243,7-9,崭新,zhǎnxīn,崭新,zhǎnxīn
hsk30-b79-5244,7-9,占用,zhànyòng,占用,zhànyòng
hsk30-b79-5245,7-9,站立,zhànlì,站立,zhànlì
hsk30-b79-5246,7-9,绽放,zhànfàng,绽放,zhànfàng
hsk30-b79-5247,7-9,蘸,zhàn,蘸,zhàn
hsk30-b79-5248,7-9,张灯结彩,zhāngdēng-jiécǎi,张灯结彩,zhāngdēng-jiécǎi
hsk30-b79-5249,7-9,张贴,zhāngtiē,张贴,zhāngtiē
hsk30-b79-5250,7-9,张扬,zhāngyáng,张扬,zhāngyáng
hsk30-b79-5251,7-9,长辈,zhǎngbèi,长辈,zhǎngbèi
hsk30-b79-5252,7-9,长相,zhǎngxiàng,长相,zhǎngxiàng
hsk30-b79-5253,7-9,掌管,zhǎngguǎn,掌管,zhǎngguǎn
hsk30-b79-5254,7-9,帐篷,zhàngpeng,帐篷,zhàngpeng
hsk30-b79-5255,7-9,帐子,zhàngzi,帐子,zhàngzi
hsk30-b79-5256,7-9,账单,zhàngdān,账单,zhàngdān
hsk30-b79-5257,7-9,账号,zhànghào,账号,zhànghào
hsk30-b79-5258,7-9,胀,zhàng,胀,zhàng
hsk30-b79-5259,7-9,招标,zhāobiāo,招标,zhāobiāo
hsk30-b79-5260,7-9,招待,zhāodài,招待,zhāodài
hsk30-b79-5261,7-9,招待会,zhāodàihuì,招待会,zhāodàihuì
hsk30-b79-5262,7-9,招揽,zhāolǎn,招揽,zhāolǎn
hsk30-b79-5263,7-9,招募,zhāomù,招募,zhāomù
hsk30-b79-5264,7-9,招牌,zhāopai,招牌,zhāopai
hsk30-b79-5265,7-9,招收,zhāoshōu,招收,zhāoshōu
hsk30-b79-5266,7-9,招数,zhāoshù,招数,zhāoshù
hsk30-b79-5267,7-9,朝气蓬勃,zhāoqì-péngbó,朝气蓬勃,zhāoqì-péngbó
hsk30-b79-5268,7-9,朝三暮四,zhāosān-mùsì,朝三暮四,zhāosān-mùsì
hsk30-b79-5269,7-9,朝夕相处,zhāoxī-xiāngchǔ,朝夕相处,zhāoxī-xiāngchǔ
hsk30-b79-5270,7-9,着迷,zháomí,着迷,zháomí
hsk30-b79-5271,7-9,沼泽,zhǎozé,沼泽,zhǎozé
hsk30-b79-5272,7-9,召集,zhàojí,召集,zhàojí
hsk30-b79-5273,7-9,兆头,zhàotou,兆头,zhàotou
hsk30-b79-5274,7-9,照办,zhàobàn,照办,zhàobàn
hsk30-b79-5275,7-9,照常,zhàocháng,照常,zhàocháng
hsk30-b79-5276,7-9,照例,zhàolì,照例,zhàolì
hsk30-b79-5277,7-9,照料,zhàoliào,照料,zhàoliào
hsk30-b79-5278,7-9,照明,zhàomíng,照明,zhàomíng
hsk30-b79-5279,7-9,罩,zhào,罩,zhào
hsk30-b79-5280,7-9,肇事,zhàoshì,肇事,zhàoshì
hsk30-b79-5281,7-9,折腾,zhēteng,折腾,zhēteng
hsk30-b79-5282,7-9,遮,zhē,遮,zhē
hsk30-b79-5283,7-9,遮盖,zhēgài,遮盖,zhēgài
hsk30-b79-5284,7-9,折叠,zhédié,折叠,zhédié
hsk30-b79-5285,7-9,折合,zhéhé,折合,zhéhé
hsk30-b79-5286,7-9,折扣,zhékòu,折扣,zhékòu
hsk30-b79-5287,7-9,折磨,zhémó,折磨,zhémó
hsk30-b79-5288,7-9,折射,zhéshè,折射,zhéshè
hsk30-b79-5289,7-9,这会儿,zhèhuìr,这会儿,zhèhuìr
hsk30-b79-5290,7-9,这样一来,zhèyàng-yīlái,这样一来,zhèyàng-yīlái
hsk30-b79-5291,7-9,针锋相对,zhēnfēng-xiāngduì,针锋相对,zhēnfēng-xiāngduì
hsk30-b79-5292,7-9,针灸,zhēnjiǔ,针灸,zhēnjiǔ
hsk30-b79-5293,7-9,侦察,zhēnchá,侦察,zhēnchá
hsk30-b79-5294,7-9,珍藏,zhēncáng,珍藏,zhēncáng
hsk30-b79-5295,7-9,珍视,zhēnshì,珍视,zhēnshì
hsk30-b79-5296,7-9,珍重,zhēnzhòng,珍重,zhēnzhòng
hsk30-b79-5297,7-9,真假,zhēnjiǎ,真假,zhēnjiǎ
hsk30-b79-5298,7-9,真空,zhēnkōng,真空,zhēnkōng
hsk30-b79-5299,7-9,真情,zhēnqíng,真情,zhēnqíng
hsk30-b79-5300,7-9,真是的,zhēnshide,真是的,zhēnshide
hsk30-b79-5301,7-9,真心,zhēnxīn,真心,zhēnxīn
hsk30-b79-5302,7-9,真挚,zhēnzhì,真挚,zhēnzhì
hsk30-b79-5303,7-9,诊所,zhěnsuǒ,诊所,zhěnsuǒ
hsk30-b79-5304,7-9,枕头,zhěntou,枕头,zhěntou
hsk30-b79-5305,7-9,阵容,zhènróng,阵容,zhènróng
hsk30-b79-5306,7-9,阵营,zhènyíng,阵营,zhènyíng
hsk30-b79-5307,7-9,振奋,zhènfèn,振奋,zhènfèn
hsk30-b79-5308,7-9,振兴,zhènxīng,振兴,zhènxīng
hsk30-b79-5309,7-9,振作,zhènzuò,振作,zhènzuò
hsk30-b79-5310,7-9,震,zhèn,震,zhèn
hsk30-b79-5311,7-9,震动,zhèndòng,震动,zhèndòng
hsk30-b79-5312,7-9,震撼,zhènhàn,震撼,zhènhàn
hsk30-b79-5313,7-9,镇定,zhèndìng,镇定,zhèndìng
hsk30-b79-5314,7-9,争吵,zhēngchǎo,争吵,zhēngchǎo
hsk30-b79-5315,7-9,争端,zhēngduān,争端,zhēngduān
hsk30-b79-5316,7-9,争分夺秒,zhēngfēn-duómiǎo,争分夺秒,zhēngfēn-duómiǎo
hsk30-b79-5317,7-9,争光,zhēngguāng,争光,zhēngguāng
hsk30-b79-5318,7-9,争气,zhēngqì,争气,zhēngqì
hsk30-b79-5319,7-9,争先恐后,zhēngxiān-kǒnghòu,争先恐后,zhēngxiān-kǒnghòu
hsk30-b79-5320,7-9,争执,zhēngzhí,争执,zhēngzhí
hsk30-b79-5321,7-9,征,zhēng,征,zhēng
hsk30-b79-5322,7-9,征集,zhēngjí,征集,zhēngjí
hsk30-b79-5323,7-9,征收,zhēngshōu,征收,zhēngshōu
hsk30-b79-5324,7-9,挣扎,zhēngzhá,挣扎,zhēngzhá
hsk30-b79-5325,7-9,症结,zhēngjié,症结,zhēngjié
hsk30-b79-5326,7-9,睁,zhēng,睁,zhēng
hsk30-b79-5327,7-9,蒸,zhēng,蒸,zhēng
hsk30-b79-5328,7-9,拯救,zhěngjiù,拯救,zhěngjiù
hsk30-b79-5329,7-9,整合,zhěnghé,整合,zhěnghé
hsk30-b79-5330,7-9,整洁,zhěngjié,整洁,zhěngjié
hsk30-b79-5331,7-9,整数,zhěngshù,整数,zhěngshù
hsk30-b79-5332,7-9,正面,zhèngmiàn,正面,zhèngmiàn
hsk30-b79-5333,7-9,正能量,zhèngnéngliàng,正能量,zhèngnéngliàng
hsk30-b79-5334,7-9,正视,zhèngshì,正视,zhèngshì
hsk30-b79-5335,7-9,正直,zhèngzhí,正直,zhèngzhí
hsk30-b79-5336,7-9,正宗,zhèngzōng,正宗,zhèngzōng
hsk30-b79-5337,7-9,证人,zhèngrén,证人,zhèngrén
hsk30-b79-5338,7-9,郑重,zhèngzhòng,郑重,zhèngzhòng
hsk30-b79-5339,7-9,之,zhī,之,zhī
hsk30-b79-5340,7-9,之,zhī,之,zhī
hsk30-b79-5341,7-9,之所以,zhīsuǒyǐ,之所以,zhīsuǒyǐ
hsk30-b79-5342,7-9,支票,zhīpiào,支票,zhīpiào
hsk30-b79-5343,7-9,支柱,zhīzhù,支柱,zhīzhù
hsk30-b79-5344,7-9,汁,zhī,汁,zhī
hsk30-b79-5345,7-9,芝麻,zhīma,芝麻,zhīma
hsk30-b79-5346,7-9,芝士,zhīshì,芝士,zhīshì
hsk30-b79-5347,7-9,知己,zhījǐ,知己,zhījǐ
hsk30-b79-5348,7-9,知觉,zhījué,知觉,zhījué
hsk30-b79-5349,7-9,知识分子,zhīshi fènzǐ,知识分子,zhīshi fènzǐ
hsk30-b79-5350,7-9,知足,zhīzú,知足,zhīzú
hsk30-b79-5351,7-9,肢体,zhītǐ,肢体,zhītǐ
hsk30-b79-5352,7-9,脂肪,zhīfáng,脂肪,zhīfáng
hsk30-b79-5353,7-9,执法,zhífǎ,执法,zhífǎ
hsk30-b79-5354,7-9,执意,zhíyì,执意,zhíyì
hsk30-b79-5355,7-9,执照,zhízhào,执照,zhízhào
hsk30-b79-5356,7-9,执着,zhízhuó,执着,zhízhuó
hsk30-b79-5357,7-9,直奔,zhíbèn,直奔,zhíbèn
hsk30-b79-5358,7-9,直达,zhídá,直达,zhídá
hsk30-b79-5359,7-9,直观,zhíguān,直观,zhíguān
hsk30-b79-5360,7-9,直径,zhíjìng,直径,zhíjìng
hsk30-b79-5361,7-9,直觉,zhíjué,直觉,zhíjué
hsk30-b79-5362,7-9,直视,zhíshì,直视,zhíshì
hsk30-b79-5363,7-9,直至,zhízhì,直至,zhízhì
hsk30-b79-5364,7-9,值钱,zhíqián,值钱,zhíqián
hsk30-b79-5365,7-9,职权,zhíquán,职权,zhíquán
hsk30-b79-5366,7-9,职业病,zhíyèbìng,职业病,zhíyèbìng
hsk30-b79-5367,7-9,职员,zhíyuán,职员,zhíyuán
hsk30-b79-5368,7-9,止步,zhǐbù,止步,zhǐbù
hsk30-b79-5369,7-9,止咳,zhǐ ké,止咳,zhǐ ké
hsk30-b79-5370,7-9,止血,zhǐxuè,止血,zhǐxuè
hsk30-b79-5371,7-9,旨在,zhǐzài,旨在,zhǐzài
hsk30-b79-5372,7-9,指点,zhǐdiǎn,指点,zhǐdiǎn
hsk30-b79-5373,7-9,指教,zhǐjiào,指教,zhǐjiào
hsk30-b79-5374,7-9,指令,zhǐlìng,指令,zhǐlìng
hsk30-b79-5375,7-9,指南,zhǐnán,指南,zhǐnán
hsk30-b79-5376,7-9,指南针,zhǐnánzhēn,指南针,zhǐnánzhēn
hsk30-b79-5377,7-9,指手画脚,zhǐshǒu-huàjiǎo,指手画脚,zhǐshǒu-huàjiǎo
hsk30-b79-5378,7-9,指望,zhǐwàng,指望,zhǐwàng
hsk30-b79-5379,7-9,指向,zhǐxiàng,指向,zhǐxiàng
hsk30-b79-5380,7-9,指引,zhǐyǐn,指引,zhǐyǐn
hsk30-b79-5381,7-9,至此,zhìcǐ,至此,zhìcǐ
hsk30-b79-5382,7-9,至关重要,zhìguān-zhòngyào,至关重要,zhìguān-zhòngyào
hsk30-b79-5383,7-9,志气,zhìqì,志气,zhìqì
hsk30-b79-5384,7-9,制,zhì,制,zhì
hsk30-b79-5385,7-9,制裁,zhìcái,制裁,zhìcái
hsk30-b79-5386,7-9,制服,zhìfú,制服,zhìfú
hsk30-b79-5387,7-9,制品,zhìpǐn,制品,zhìpǐn
hsk30-b79-5388,7-9,制止,zhìzhǐ,制止,zhìzhǐ
hsk30-b79-5389,7-9,质地,zhìdì,质地,zhìdì
hsk30-b79-5390,7-9,质朴,zhìpǔ,质朴,zhìpǔ
hsk30-b79-5391,7-9,质问,zhìwèn,质问,zhìwèn
hsk30-b79-5392,7-9,质疑,zhìyí,质疑,zhìyí
hsk30-b79-5393,7-9,治学,zhìxué,治学,zhìxué
hsk30-b79-5394,7-9,治愈,zhìyù,治愈,zhìyù
hsk30-b79-5395,7-9,致,zhì,致,zhì
hsk30-b79-5396,7-9,致辞,zhìcí,致辞,zhìcí
hsk30-b79-5397,7-9,致富,zhìfù,致富,zhìfù
hsk30-b79-5398,7-9,致敬,zhìjìng,致敬,zhìjìng
hsk30-b79-5399,7-9,致力于,zhìlì yú,致力于,zhìlì yú
hsk30-b79-5400,7-9,致命,zhìmìng,致命,zhìmìng
hsk30-b79-5401,7-9,致使,zhìshǐ,致使,zhìshǐ
hsk30-b79-5402,7-9,秩序,zhìxù,秩序,zhìxù
hsk30-b79-5403,7-9,窒息,zhìxī,窒息,zhìxī
hsk30-b79-5404,7-9,智商,zhìshāng,智商,zhìshāng
hsk30-b79-5405,7-9,滞后,zhìhòu,滞后,zhìhòu
hsk30-b79-5406,7-9,滞留,zhìliú,滞留,zhìliú
hsk30-b79-5407,7-9,置,zhì,置,zhì
hsk30-b79-5408,7-9,中国画,zhōngguóhuà,中国画,zhōngguóhuà
hsk30-b79-5409,7-9,中立,zhōnglì,中立,zhōnglì
hsk30-b79-5410,7-9,中途,zhōngtú,中途,zhōngtú
hsk30-b79-5411,7-9,中型,zhōngxíng,中型,zhōngxíng
hsk30-b79-5412,7-9,中性,zhōngxìng,中性,zhōngxìng
hsk30-b79-5413,7-9,中旬,zhōngxún,中旬,zhōngxún
hsk30-b79-5414,7-9,中庸,zhōngyōng,中庸,zhōngyōng
hsk30-b79-5415,7-9,中止,zhōngzhǐ,中止,zhōngzhǐ
hsk30-b79-5416,7-9,忠诚,zhōngchéng,忠诚,zhōngchéng
hsk30-b79-5417,7-9,忠实,zhōngshí,忠实,zhōngshí
hsk30-b79-5418,7-9,忠于,zhōngyú,忠于,zhōngyú
hsk30-b79-5419,7-9,忠贞,zhōngzhēn,忠贞,zhōngzhēn
hsk30-b79-5420,7-9,终结,zhōngjié,终结,zhōngjié
hsk30-b79-5421,7-9,终究,zhōngjiū,终究,zhōngjiū
hsk30-b79-5422,7-9,终生,zhōngshēng,终生,zhōngshēng
hsk30-b79-5423,7-9,衷心,zhōngxīn,衷心,zhōngxīn
hsk30-b79-5424,7-9,肿瘤,zhǒngliú,肿瘤,zhǒngliú
hsk30-b79-5425,7-9,种族,zhǒngzú,种族,zhǒngzú
hsk30-b79-5426,7-9,仲裁,zhòngcái,仲裁,zhòngcái
hsk30-b79-5427,7-9,众人,zhòngrén,众人,zhòngrén
hsk30-b79-5428,7-9,众所周知,zhòngsuǒzhōuzhī,众所周知,zhòngsuǒzhōuzhī
hsk30-b79-5429,7-9,众志成城,zhòngzhì-chéngchéng,众志成城,zhòngzhì-chéngchéng
hsk30-b79-5430,7-9,重创,zhòngchuāng,重创,zhòngchuāng
hsk30-b79-5431,7-9,重量级,zhòngliàngjí,重量级,zhòngliàngjí
hsk30-b79-5432,7-9,重任,zhòngrèn,重任,zhòngrèn
hsk30-b79-5433,7-9,重伤,zhòngshāng,重伤,zhòngshāng
hsk30-b79-5434,7-9,重心,zhòngxīn,重心,zhòngxīn
hsk30-b79-5435,7-9,重型,zhòngxíng,重型,zhòngxíng
hsk30-b79-5436,7-9,重中之重,zhòngzhōngzhīzhòng,重中之重,zhòngzhōngzhīzhòng
hsk30-b79-5437,7-9,周边,zhōubiān,周边,zhōubiān
hsk30-b79-5438,7-9,周到,zhōudào,周到,zhōudào
hsk30-b79-5439,7-9,周密,zhōumì,周密,zhōumì
hsk30-b79-5440,7-9,周旋,zhōuxuán,周旋,zhōuxuán
hsk30-b79-5441,7-9,昼夜,zhòuyè,昼夜,zhòuyè
hsk30-b79-5442,7-9,皱,zhòu,皱,zhòu
hsk30-b79-5443,7-9,骤然,zhòurán,骤然,zhòurán
hsk30-b79-5444,7-9,朱红,zhūhóng,朱红,zhūhóng
hsk30-b79-5445,7-9,株,zhū,株,zhū
hsk30-b79-5446,7-9,诸多,zhūduō,诸多,zhūduō
hsk30-b79-5447,7-9,诸如此类,zhūrú-cǐlèi,诸如此类,zhūrú-cǐlèi
hsk30-b79-5448,7-9,竹竿,zhúgān,竹竿,zhúgān
hsk30-b79-5449,7-9,逐年,zhúnián,逐年,zhúnián
hsk30-b79-5450,7-9,主,zhǔ,主,zhǔ
hsk30-b79-5451,7-9,主编,zhǔbiān,主编,zhǔbiān
hsk30-b79-5452,7-9,主妇,zhǔfù,主妇,zhǔfù
hsk30-b79-5453,7-9,主力,zhǔlì,主力,zhǔlì
hsk30-b79-5454,7-9,主权,zhǔquán,主权,zhǔquán
hsk30-b79-5455,7-9,主人公,zhǔréngōng,主人公,zhǔréngōng
hsk30-b79-5456,7-9,主食,zhǔshí,主食,zhǔshí
hsk30-b79-5457,7-9,主题歌,zhǔtígē,主题歌,zhǔtígē
hsk30-b79-5458,7-9,主演,zhǔyǎn,主演,zhǔyǎn
hsk30-b79-5459,7-9,主页,zhǔyè,主页,zhǔyè
hsk30-b79-5460,7-9,主义,zhǔyì,主义,zhǔyì
hsk30-b79-5461,7-9,主宰,zhǔzǎi,主宰,zhǔzǎi
hsk30-b79-5462,7-9,拄,zhǔ,拄,zhǔ
hsk30-b79-5463,7-9,嘱咐,zhǔfù,嘱咐,zhǔfù
hsk30-b79-5464,7-9,瞩目,zhǔmù,瞩目,zhǔmù
hsk30-b79-5465,7-9,助威,zhùwēi,助威,zhùwēi
hsk30-b79-5466,7-9,住处,zhùchù,住处,zhùchù
hsk30-b79-5467,7-9,住户,zhùhù,住户,zhùhù
hsk30-b79-5468,7-9,住宿,zhùsù,住宿,zhùsù
hsk30-b79-5469,7-9,住址,zhùzhǐ,住址,zhùzhǐ
hsk30-b79-5470,7-9,贮藏,zhùcáng,贮藏,zhùcáng
hsk30-b79-5471,7-9,注,zhù,注,zhù
hsk30-b79-5472,7-9,注定,zhùdìng,注定,zhùdìng
hsk30-b79-5473,7-9,注入,zhùrù,注入,zhùrù
hsk30-b79-5474,7-9,铸造,zhùzào,铸造,zhùzào
hsk30-b79-5475,7-9,筑,zhù,筑,zhù
hsk30-b79-5476,7-9,爪子,zhuǎzi,爪子,zhuǎzi
hsk30-b79-5477,7-9,拽,zhuài,拽,zhuài
hsk30-b79-5478,7-9,专长,zhuāncháng,专长,zhuāncháng
hsk30-b79-5479,7-9,专程,zhuānchéng,专程,zhuānchéng
hsk30-b79-5480,7-9,专柜,zhuānguì,专柜,zhuānguì
hsk30-b79-5481,7-9,专栏,zhuānlán,专栏,zhuānlán
hsk30-b79-5482,7-9,专卖店,zhuānmàidiàn,专卖店,zhuānmàidiàn
hsk30-b79-5483,7-9,专人,zhuānrén,专人,zhuānrén
hsk30-b79-5484,7-9,专职,zhuānzhí,专职,zhuānzhí
hsk30-b79-5485,7-9,专制,zhuānzhì,专制,zhuānzhì
hsk30-b79-5486,7-9,专注,zhuānzhù,专注,zhuānzhù
hsk30-b79-5487,7-9,专著,zhuānzhù,专著,zhuānzhù
hsk30-b79-5488,7-9,砖,zhuān,砖,zhuān
hsk30-b79-5489,7-9,转播,zhuǎnbō,转播,zhuǎnbō
hsk30-b79-5490,7-9,转达,zhuǎndá,转达,zhuǎndá
hsk30-b79-5491,7-9,转机,zhuǎnjī,转机,zhuǎnjī
hsk30-b79-5492,7-9,转交,zhuǎnjiāo,转交,zhuǎnjiāo
hsk30-b79-5493,7-9,转型,zhuǎnxíng,转型,zhuǎnxíng
hsk30-b79-5494,7-9,转学,zhuǎnxué,转学,zhuǎnxué
hsk30-b79-5495,7-9,转眼,zhuǎnyǎn,转眼,zhuǎnyǎn
hsk30-b79-5496,7-9,转载,zhuǎnzǎi,转载,zhuǎnzǎi
hsk30-b79-5497,7-9,转折,zhuǎnzhé,转折,zhuǎnzhé
hsk30-b79-5498,7-9,转折点,zhuǎnzhédiǎn,转折点,zhuǎnzhédiǎn
hsk30-b79-5499,7-9,传,zhuàn,传,zhuàn
hsk30-b79-5500,7-9,传记,zhuànjì,传记,zhuànjì
hsk30-b79-5501,7-9,转悠,zhuànyou,转悠,zhuànyou
hsk30-b79-5502,7-9,撰写,zhuànxiě,撰写,zhuànxiě
hsk30-b79-5503,7-9,庄稼,zhuāngjia,庄稼,zhuāngjia
hsk30-b79-5504,7-9,庄严,zhuāngyán,庄严,zhuāngyán
hsk30-b79-5505,7-9,庄园,zhuāngyuán,庄园,zhuāngyuán
hsk30-b79-5506,7-9,桩,zhuāng,桩,zhuāng
hsk30-b79-5507,7-9,装扮,zhuāngbàn,装扮,zhuāngbàn
hsk30-b79-5508,7-9,壮,zhuàng,壮,zhuàng
hsk30-b79-5509,7-9,壮大,zhuàngdà,壮大,zhuàngdà
hsk30-b79-5510,7-9,壮胆,zhuàngdǎn,壮胆,zhuàngdǎn
hsk30-b79-5511,7-9,壮丽,zhuànglì,壮丽,zhuànglì
hsk30-b79-5512,7-9,壮实,zhuàngshi,壮实,zhuàngshi
hsk30-b79-5513,7-9,状元,zhuàngyuan,状元,zhuàngyuan
hsk30-b79-5514,7-9,撞击,zhuàngjī,撞击,zhuàngjī
hsk30-b79-5515,7-9,幢,zhuàng,幢,zhuàng
hsk30-b79-5516,7-9,追悼会,zhuīdàohuì,追悼会,zhuīdàohuì
hsk30-b79-5517,7-9,追赶,zhuīgǎn,追赶,zhuīgǎn
hsk30-b79-5518,7-9,追溯,zhuīsù,追溯,zhuīsù
hsk30-b79-5519,7-9,追随,zhuīsuí,追随,zhuīsuí
hsk30-b79-5520,7-9,追尾,zhuīwěi,追尾,zhuīwěi
hsk30-b79-5521,7-9,追问,zhuīwèn,追问,zhuīwèn
hsk30-b79-5522,7-9,追逐,zhuīzhú,追逐,zhuīzhú
hsk30-b79-5523,7-9,追踪,zhuīzōng,追踪,zhuīzōng
hsk30-b79-5524,7-9,坠,zhuì,坠,zhuì
hsk30-b79-5525,7-9,准许,zhǔnxǔ,准许,zhǔnxǔ
hsk30-b79-5526,7-9,准则,zhǔnzé,准则,zhǔnzé
hsk30-b79-5527,7-9,拙劣,zhuōliè,拙劣,zhuōliè
hsk30-b79-5528,7-9,捉迷藏,zhuōmícáng,捉迷藏,zhuōmícáng
hsk30-b79-5529,7-9,灼热,zhuórè,灼热,zhuórè
hsk30-b79-5530,7-9,卓越,zhuóyuè,卓越,zhuóyuè
hsk30-b79-5531,7-9,酌情,zhuóqíng,酌情,zhuóqíng
hsk30-b79-5532,7-9,着力,zhuólì,着力,zhuólì
hsk30-b79-5533,7-9,着落,zhuóluò,着落,zhuóluò
hsk30-b79-5534,7-9,着实,zhuóshí,着实,zhuóshí
hsk30-b79-5535,7-9,着手,zhuóshǒu,着手,zhuóshǒu
hsk30-b79-5536,7-9,着想,zhuóxiǎng,着想,zhuóxiǎng
hsk30-b79-5537,7-9,着眼,zhuóyǎn,着眼,zhuóyǎn
hsk30-b79-5538,7-9,着眼于,zhuóyǎn yú,着眼于,zhuóyǎn yú
hsk30-b79-5539,7-9,着重,zhuózhòng,着重,zhuózhòng
hsk30-b79-5540,7-9,姿势,zīshì,姿势,zīshì
hsk30-b79-5541,7-9,姿态,zītài,姿态,zītài
hsk30-b79-5542,7-9,兹,zī,兹,zī
hsk30-b79-5543,7-9,资本主义,zīběn zhǔyì,资本主义,zīběn zhǔyì
hsk30-b79-5544,7-9,资历,zīlì,资历,zīlì
hsk30-b79-5545,7-9,资深,zīshēn,资深,zīshēn
hsk30-b79-5546,7-9,资讯,zīxùn,资讯,zīxùn
hsk30-b79-5547,7-9,滋润,zīrùn,滋润,zīrùn
hsk30-b79-5548,7-9,滋味,zīwèi,滋味,zīwèi
hsk30-b79-5549,7-9,子弟,zǐdì,子弟,zǐdì
hsk30-b79-5550,7-9,子孙,zǐsūn,子孙,zǐsūn
hsk30-b79-5551,7-9,自卑,zìbēi,自卑,zìbēi
hsk30-b79-5552,7-9,自称,zìchēng,自称,zìchēng
hsk30-b79-5553,7-9,自发,zìfā,自发,zìfā
hsk30-b79-5554,7-9,自费,zìfèi,自费,zìfèi
hsk30-b79-5555,7-9,自负,zìfù,自负,zìfù
hsk30-b79-5556,7-9,自理,zìlǐ,自理,zìlǐ
hsk30-b79-5557,7-9,自力更生,zìlì-gēngshēng,自力更生,zìlì-gēngshēng
hsk30-b79-5558,7-9,自立,zìlì,自立,zìlì
hsk30-b79-5559,7-9,自强不息,zìqiáng-bùxī,自强不息,zìqiáng-bùxī
hsk30-b79-5560,7-9,自然而然,zìrán'érrán,自然而然,zìrán'érrán
hsk30-b79-5561,7-9,自然界,zìránjiè,自然界,zìránjiè
hsk30-b79-5562,7-9,自如,zìrú,自如,zìrú
hsk30-b79-5563,7-9,自始至终,zìshǐ-zhìzhōng,自始至终,zìshǐ-zhìzhōng
hsk30-b79-5564,7-9,自私,zìsī,自私,zìsī
hsk30-b79-5565,7-9,自私自利,zìsī-zìlì,自私自利,zìsī-zìlì
hsk30-b79-5566,7-9,自卫,zìwèi,自卫,zìwèi
hsk30-b79-5567,7-9,自相矛盾,zìxiāng-máodùn,自相矛盾,zìxiāng-máodùn
hsk30-b79-5568,7-9,自信心,zìxìnxīn,自信心,zìxìnxīn
hsk30-b79-5569,7-9,自行,zìxíng,自行,zìxíng
hsk30-b79-5570,7-9,自以为是,zìyǐwéishì,自以为是,zìyǐwéishì
hsk30-b79-5571,7-9,自由自在,zìyóu-zìzài,自由自在,zìyóu-zìzài
hsk30-b79-5572,7-9,自责,zìzé,自责,zìzé
hsk30-b79-5573,7-9,自助,zìzhù,自助,zìzhù
hsk30-b79-5574,7-9,自尊,zìzūn,自尊,zìzūn
hsk30-b79-5575,7-9,自尊心,zìzūnxīn,自尊心,zìzūnxīn
hsk30-b79-5576,7-9,字迹,zìjì,字迹,zìjì
hsk30-b79-5577,7-9,字幕,zìmù,字幕,zìmù
hsk30-b79-5578,7-9,字体,zìtǐ,字体,zìtǐ
hsk30-b79-5579,7-9,字眼,zìyǎn,字眼,zìyǎn
hsk30-b79-5580,7-9,宗,zōng,宗,zōng
hsk30-b79-5581,7-9,宗旨,zōngzhǐ,宗旨,zōngzhǐ
hsk30-b79-5582,7-9,综上所述,zōngshàng-suǒshù,综上所述,zōngshàng-suǒshù
hsk30-b79-5583,7-9,总的来说,zǒngde lái shuō,总的来说,zǒngde lái shuō
hsk30-b79-5584,7-9,总额,zǒng'é,总额,zǒng'é
hsk30-b79-5585,7-9,总而言之,zǒng'éryánzhī,总而言之,zǒng'éryánzhī
hsk30-b79-5586,7-9,总计,zǒngjì,总计,zǒngjì
hsk30-b79-5587,7-9,纵观,zòngguān,纵观,zòngguān
hsk30-b79-5588,7-9,纵横交错,zònghéng-jiāocuò,纵横交错,zònghéng-jiāocuò
hsk30-b79-5589,7-9,纵然,zòngrán,纵然,zòngrán
hsk30-b79-5590,7-9,纵容,zòngróng,纵容,zòngróng
hsk30-b79-5591,7-9,纵深,zòngshēn,纵深,zòngshēn
hsk30-b79-5592,7-9,粽子,zòngzi,粽子,zòngzi
hsk30-b79-5593,7-9,走过场,zǒu guòchǎng,走过场,zǒu guòchǎng
hsk30-b79-5594,7-9,走后门,zǒu hòumén,走后门,zǒu hòumén
hsk30-b79-5595,7-9,走近,zǒujìn,走近,zǒujìn
hsk30-b79-5596,7-9,走廊,zǒuláng,走廊,zǒuláng
hsk30-b79-5597,7-9,走投无路,zǒutóu-wúlù,走投无路,zǒutóu-wúlù
hsk30-b79-5598,7-9,走弯路,zǒu wānlù,走弯路,zǒu wānlù
hsk30-b79-5599,7-9,奏效,zòuxiào,奏效,zòuxiào
hsk30-b79-5600,7-9,揍,zòu,揍,zòu
hsk30-b79-5601,7-9,租赁,zūlìn,租赁,zūlìn
hsk30-b79-5602,7-9,足迹,zújì,足迹,zújì
hsk30-b79-5603,7-9,足智多谋,zúzhì-duōmóu,足智多谋,zúzhì-duōmóu
hsk30-b79-5604,7-9,阻挡,zǔdǎng,阻挡,zǔdǎng
hsk30-b79-5605,7-9,阻拦,zǔlán,阻拦,zǔlán
hsk30-b79-5606,7-9,阻力,zǔlì,阻力,zǔlì
hsk30-b79-5607,7-9,阻挠,zǔnáo,阻挠,zǔnáo
hsk30-b79-5608,7-9,组建,zǔjiàn,组建,zǔjiàn
hsk30-b79-5609,7-9,组装,zǔzhuāng,组装,zǔzhuāng
hsk30-b79-5610,7-9,祖传,zǔchuán,祖传,zǔchuán
hsk30-b79-5611,7-9,祖籍,zǔjí,祖籍,zǔjí
hsk30-b79-5612,7-9,祖先,zǔxiān,祖先,zǔxiān
hsk30-b79-5613,7-9,祖宗,zǔzong,祖宗,zǔzong
hsk30-b79-5614,7-9,钻空子,zuān kòngzi,钻空子,zuān kòngzi
hsk30-b79-5615,7-9,钻研,zuānyán,钻研,zuānyán
hsk30-b79-5616,7-9,钻石,zuànshí,钻石,zuànshí
hsk30-b79-5617,7-9,嘴唇,zuǐchún,嘴唇,zuǐchún
hsk30-b79-5618,7-9,罪犯,zuìfàn,罪犯,zuìfàn
hsk30-b79-5619,7-9,罪魁祸首,zuìkuí-huòshǒu,罪魁祸首,zuìkuí-huòshǒu
hsk30-b79-5620,7-9,尊贵,zūnguì,尊贵,zūnguì
hsk30-b79-5621,7-9,尊严,zūnyán,尊严,zūnyán
hsk30-b79-5622,7-9,遵循,zūnxún,遵循,zūnxún
hsk30-b79-5623,7-9,遵照,zūnzhào,遵照,zūnzhào
hsk30-b79-5624,7-9,琢磨,zuómo,琢磨,zuómo
hsk30-b79-5625,7-9,左顾右盼,zuǒgù-yòupàn,左顾右盼,zuǒgù-yòupàn
hsk30-b79-5626,7-9,佐料,zuǒliào,佐料,zuǒliào
hsk30-b79-5627,7-9,作弊,zuòbì,作弊,zuòbì
hsk30-b79-5628,7-9,作对,zuòduì,作对,zuòduì
hsk30-b79-5629,7-9,作风,zuòfēng,作风,zuòfēng
hsk30-b79-5630,7-9,作客,zuòkè,作客,zuòkè
hsk30-b79-5631,7-9,作物,zuòwù,作物,zuòwù
hsk30-b79-5632,7-9,坐落,zuòluò,坐落,zuòluò
hsk30-b79-5633,7-9,座谈,zuòtán,座谈,zuòtán
hsk30-b79-5634,7-9,座右铭,zuòyòumíng,座右铭,zuòyòumíng
hsk30-b79-5635,7-9,做生意,zuò shēngyi,做生意,zuò shēngyi
hsk30-b79-5636,7-9,做证,zuòzhèng,做证,zuòzhèng
