band,simplified,pinyin,source_row
1,爱,ài,2
1,爱好,àihào,3
1,八,bā,4
1,爸爸|爸,bàba|bà,5
1,吧,ba,6
1,白,bái,7
1,白天,báitiān,8
1,百,bǎi,9
1,班,bān,10
1,半,bàn,11
1,半年,bàn nián,12
1,半天,bàntiān,13
1,帮,bāng,14
1,帮忙,bāngmáng,15
1,包,bāo,16
1,包子,bāozi,17
1,杯,bēi,18
1,杯子,bēizi,19
1,北,běi,20
1,北边,běibian,21
1,北京,Běijīng,22
1,本,běn,23
1,本子,běnzi,24
1,比,bǐ,25
1,别,bié,26
1,别的,biéde,27
1,别人,biérén,28
1,病,bìng,29
1,病人,bìngrén,30
1,不大,bù dà,31
1,不对,bùduì,32
1,不客气,bù kèqì,33
1,不用,bùyòng,34
1,不,bù,35
1,菜,cài,36
1,茶,chá,37
1,差,chà,38
1,常,cháng,39
1,常常,chángcháng,40
1,唱,chàng,41
1,唱歌,chànggē,42
1,车,chē,43
1,车票,chēpiào,44
1,车上,chē shang,45
1,车站,chēzhàn,46
1,吃,chī,47
1,吃饭,chīfàn,48
1,出,chū,49
1,出来,chūlái,50
1,出去,chūqù,51
1,穿,chuān,52
1,床,chuáng,53
1,次,cì,54
1,从,cóng,55
1,错,cuò,56
1,打,dǎ,57
1,打车,dǎchē,58
1,打电话,dǎ diànhuà,59
1,打开,dǎkāi,60
1,打球,dǎ qiú,61
1,大,dà,62
1,大学,dàxué,63
1,大学生,dàxuéshēng,64
1,到,dào,65
1,得到,dédào,66
1,地,de,67
1,的,de,68
1,等,děng,69
1,地,dì,70
1,地点,dìdiǎn,71
1,地方,dìfang,72
1,地上,dìshang,73
1,地图,dìtú,74
1,弟弟|弟,dìdi|dì,75
1,第（第二）,dì (dì-èr),76
1,点,diǎn,77
1,电,diàn,78
1,电话,diànhuà,79
1,电脑,diànnǎo,80
1,电视,diànshì,81
1,电视机,diànshìjī,82
1,电影,diànyǐng,83
1,电影院,diànyǐngyuàn,84
1,东,dōng,85
1,东边,dōngbian,86
1,东西,dōngxi,87
1,动,dòng,88
1,动作,dòngzuò,89
1,都,dōu,90
1,读,dú,91
1,读书,dúshū,92
1,对,duì,93
1,对不起,duìbuqǐ,94
1,多,duō,95
1,多少,duōshao,96
1,饿,è,97
1,儿子,érzi,98
1,二,èr,99
1,饭,fàn,100
1,饭店,fàndiàn,101
1,房间,fángjiān,102
1,房子,fángzi,103
1,放,fàng,104
1,放假,fàngjià,105
1,放学,fàngxué,106
1,飞,fēi,107
1,飞机,fēijī,108
1,非常,fēicháng,109
1,分,fēn,110
1,风,fēng,111
1,干,gān,112
1,干净,gānjìng,113
1,干,gàn,114
1,干什么,gàn shénme,115
1,高,gāo,116
1,高兴,gāoxìng,117
1,告诉,gàosu,118
1,哥哥|哥,gēge|gē,119
1,歌,gē,120
1,个,gè,121
1,给,gěi,122
1,跟,gēn,123
1,工人,gōngrén,124
1,工作,gōngzuò,125
1,关,guān,126
1,关上,guānshang,127
1,贵,guì,128
1,国,guó,129
1,国家,guójiā,130
1,国外,guó wài,131
1,过,guò,132
1,还,hái,133
1,还是,háishi,134
1,还有,hái yǒu,135
1,孩子,háizi,136
1,汉语,Hànyǔ,137
1,汉字,Hànzì,138
1,好,hǎo,139
1,好吃,hǎochī,140
1,好看,hǎokàn,141
1,好听,hǎotīng,142
1,好玩儿,hǎowánr,143
1,号,hào,144
1,喝,hē,145
1,和,hé,146
1,很,hěn,147
1,后,hòu,148
1,后边,hòubian,149
1,后天,hòutiān,150
1,花,huā,151
1,话,huà,152
1,坏,huài,153
1,还,huán,154
1,回,huí,155
1,回答,huídá,156
1,回到,huídào,157
1,回家,huí jiā,158
1,回来,huílái,159
1,回去,huíqù,160
1,会,huì,161
1,火车,huǒchē,162
1,机场,jīchǎng,163
1,机票,jīpiào,164
1,鸡蛋,jīdàn,165
1,几,jǐ,166
1,记,jì,167
1,记得,jìde,168
1,记住,jìzhù,169
1,家,jiā,170
1,家里,jiā li,171
1,家人,jiārén,172
1,间,jiān,173
1,见,jiàn,174
1,见面,jiànmiàn,175
1,教,jiāo,176
1,叫,jiào,177
1,教学楼,jiàoxuélóu,178
1,姐姐|姐,jiějie|jiě,179
1,介绍,jièshào,180
1,今年,jīnnián,181
1,今天,jīntiān,182
1,进,jìn,183
1,进来,jìnlái,184
1,进去,jìnqù,185
1,九,jiǔ,186
1,就,jiù,187
1,觉得,juéde,188
1,开,kāi,189
1,开车,kāichē,190
1,开会,kāihuì,191
1,开玩笑,kāi wánxiào,192
1,看,kàn,193
1,看病,kànbìng,194
1,看到,kàndào,195
1,看见,kànjiàn,196
1,考,kǎo,197
1,考试,kǎoshì,198
1,渴,kě,199
1,课,kè,200
1,课本,kèběn,201
1,课文,kèwén,202
1,口,kǒu,203
1,块,kuài,204
1,快,kuài,205
1,来,lái,206
1,来到,láidào,207
1,老,lǎo,208
1,老人,lǎorén,209
1,老师,lǎoshī,210
1,了,le,211
1,累,lèi,212
1,冷,lěng,213
1,里,lǐ,214
1,里边,lǐbian,215
1,两,liǎng,216
1,零|〇,líng|líng,217
1,六,liù,218
1,楼,lóu,219
1,楼上,lóu shàng,220
1,楼下,lóu xià,221
1,路,lù,222
1,路口,lùkǒu,223
1,路上,lùshang,224
1,妈妈|妈,māma|mā,225
1,马路,mǎlù,226
1,马上,mǎshàng,227
1,吗,ma,228
1,买,mǎi,229
1,慢,màn,230
1,忙,máng,231
1,毛,máo,232
1,没,méi,233
1,没关系,méi guānxi,234
1,没什么,méi shénme,235
1,没事儿,méishìr,236
1,没有,méiyǒu,237
1,妹妹|妹,mèimei|mèi,238
1,门,mén,239
1,门口,ménkǒu,240
1,门票,ménpiào,241
1,们（朋友们）,men (péngyoumen),242
1,米饭,mǐfàn,243
1,面包,miànbāo,244
1,面条儿,miàntiáor,245
1,名字,míngzi,246
1,明白,míngbai,247
1,明年,míngnián,248
1,明天,míngtiān,249
1,拿,ná,250
1,哪,nǎ,251
1,哪里,nǎlǐ,252
1,哪儿,nǎr,253
1,哪些,nǎxiē,254
1,那,nà,255
1,那边,nàbiān,256
1,那里,nàlǐ,257
1,那儿,nàr,258
1,那些,nàxiē,259
1,奶,nǎi,260
1,奶奶,nǎinai,261
1,男,nán,262
1,男孩儿,nánháir,263
1,男朋友,nánpéngyou,264
1,男人,nánrén,265
1,男生,nánshēng,266
1,南,nán,267
1,南边,nánbian,268
1,难,nán,269
1,呢,ne,270
1,能,néng,271
1,你,nǐ,272
1,你们,nǐmen,273
1,年,nián,274
1,您,nín,275
1,牛奶,niúnǎi,276
1,女,nǚ,277
1,女儿,nǚ'ér,278
1,女孩儿,nǚháir,279
1,女朋友,nǚpéngyou,280
1,女人,nǚrén,281
1,女生,nǚshēng,282
1,旁边,pángbiān,283
1,跑,pǎo,284
1,朋友,péngyou,285
1,票,piào,286
1,七,qī,287
1,起,qǐ,288
1,起床,qǐchuáng,289
1,起来,qǐlái,290
1,汽车,qìchē,291
1,前,qián,292
1,前边,qiánbian,293
1,前天,qiántiān,294
1,钱,qián,295
1,钱包,qiánbāo,296
1,请,qǐng,297
1,请假,qǐngjià,298
1,请进,qǐng jìn,299
1,请问,qǐngwèn,300
1,请坐,qǐng zuò,301
1,球,qiú,302
1,去,qù,303
1,去年,qùnián,304
1,热,rè,305
1,人,rén,306
1,认识,rènshi,307
1,认真,rènzhēn,308
1,日,rì,309
1,日期,rìqī,310
1,肉,ròu,311
1,三,sān,312
1,山,shān,313
1,商场,shāngchǎng,314
1,商店,shāngdiàn,315
1,上,shàng,316
1,上班,shàngbān,317
1,上边,shàngbian,318
1,上车,shàng chē,319
1,上次,shàng cì,320
1,上课,shàngkè,321
1,上网,shàngwǎng,322
1,上午,shàngwǔ,323
1,上学,shàngxué,324
1,少,shǎo,325
1,谁,shéi/shuí,326
1,身上,shēnshang,327
1,身体,shēntǐ,328
1,什么,shénme,329
1,生病,shēngbìng,330
1,生气,shēngqì,331
1,生日,shēngrì,332
1,十,shí,333
1,时候,shíhou,334
1,时间,shíjiān,335
1,事,shì,336
1,试,shì,337
1,是,shì,338
1,是不是,shì bu shì,339
1,手,shǒu,340
1,手机,shǒujī,341
1,书,shū,342
1,书包,shūbāo,343
1,书店,shūdiàn,344
1,树,shù,345
1,水,shuǐ,346
1,水果,shuǐguǒ,347
1,睡,shuì,348
1,睡觉,shuìjiào,349
1,说,shuō,350
1,说话,shuōhuà,351
1,四,sì,352
1,送,sòng,353
1,岁,suì,354
1,他,tā,355
1,他们,tāmen,356
1,她,tā,357
1,她们,tāmen,358
1,太,tài,359
1,天,tiān,360
1,天气,tiānqì,361
1,听,tīng,362
1,听到,tīngdào,363
1,听见,tīngjiàn,364
1,听写,tīngxiě,365
1,同学,tóngxué,366
1,图书馆,túshūguǎn,367
1,外,wài,368
1,外边,wàibian,369
1,外国,wàiguó,370
1,外语,wàiyǔ,371
1,玩儿,wánr,372
1,晚,wǎn,373
1,晚饭,wǎnfàn,374
1,晚上,wǎnshang,375
1,网上,wǎng shang,376
1,网友,wǎngyǒu,377
1,忘,wàng,378
1,忘记,wàngjì,379
1,问,wèn,380
1,我,wǒ,381
1,我们,wǒmen,382
1,五,wǔ,383
1,午饭,wǔfàn,384
1,西,xī,385
1,西边,xībian,386
1,洗,xǐ,387
1,洗手间,xǐshǒujiān,388
1,喜欢,xǐhuan,389
1,下,xià,390
1,下班,xiàbān,391
1,下边,xiàbian,392
1,下车,xià chē,393
1,下次,xià cì,394
1,下课,xiàkè,395
1,下午,xiàwǔ,396
1,下雨,xià yǔ,397
1,先,xiān,398
1,先生,xiānsheng,399
1,现在,xiànzài,400
1,想,xiǎng,401
1,小,xiǎo,402
1,小孩儿,xiǎoháir,403
1,小姐,xiǎojiě,404
1,小朋友,xiǎopéngyǒu,405
1,小时,xiǎoshí,406
1,小学,xiǎoxué,407
1,小学生,xiǎoxuéshēng,408
1,笑,xiào,409
1,写,xiě,410
1,谢谢,xièxie,411
1,新,xīn,412
1,新年,xīnnián,413
1,星期,xīngqī,414
1,星期日,xīngqīrì,415
1,星期天,xīngqītiān,416
1,行,xíng,417
1,休息,xiūxi,418
1,学,xué,419
1,学生,xuéshēng,420
1,学习,xuéxí,421
1,学校,xuéxiào,422
1,学院,xuéyuàn,423
1,要,yào,424
1,爷爷,yéye,425
1,也,yě,426
1,页,yè,427
1,一,yī,428
1,衣服,yīfu,429
1,医生,yīshēng,430
1,医院,yīyuàn,431
1,一半,yībàn,432
1,一会儿,yīhuìr,433
1,一块儿,yīkuàir,434
1,一下儿,yīxiàr,435
1,一样,yīyàng,436
1,一边,yībiān,437
1,一点儿,yīdiǎnr,438
1,一起,yīqǐ,439
1,一些,yīxiē,440
1,用,yòng,441
1,有,yǒu,442
1,有的,yǒude,443
1,有名,yǒumíng,444
1,有时候|有时,yǒushíhou|yǒushí,445
1,有（一）些,yǒu(yī)xiē,446
1,有用,yǒuyòng,447
1,右,yòu,448
1,右边,yòubian,449
1,雨,yǔ,450
1,元,yuán,451
1,远,yuǎn,452
1,月,yuè,453
1,再,zài,454
1,再见,zàijiàn,455
1,在,zài,456
1,在家,zàijiā,457
1,早,zǎo,458
1,早饭,zǎofàn,459
1,早上,zǎoshang,460
1,怎么,zěnme,461
1,站,zhàn,462
1,找,zhǎo,463
1,找到,zhǎodào,464
1,这,zhè,465
1,这边,zhèbiān,466
1,这里,zhèlǐ,467
1,这儿,zhèr,468
1,这些,zhèxiē,469
1,着,zhe,470
1,真,zhēn,471
1,真的,zhēn de,472
1,正,zhèng,473
1,正在,zhèngzài,474
1,知道,zhīdào,475
1,知识,zhīshi,476
1,中,zhōng,477
1,中国,Zhōngguó,478
1,中间,zhōngjiān,479
1,中文,Zhōngwén,480
1,中午,zhōngwǔ,481
1,中学,zhōngxué,482
1,中学生,zhōngxuéshēng,483
1,重,zhòng,484
1,重要,zhòngyào,485
1,住,zhù,486
1,准备,zhǔnbèi,487
1,桌子,zhuōzi,488
1,字,zì,489
1,子（桌子）,zi (zhuōzi),490
1,走,zǒu,491
1,走路,zǒulù,492
1,最,zuì,493
1,最好,zuìhǎo,494
1,最后,zuìhòu,495
1,昨天,zuótiān,496
1,左,zuǒ,497
1,左边,zuǒbian,498
1,坐,zuò,499
1,坐下,zuò xia,500
1,做,zuò,501
2,啊,a,502
2,爱情,àiqíng,503
2,爱人,àiren,504
2,安静,ānjìng,505
2,安全,ānquán,506
2,白色,báisè,507
2,班长,bānzhǎng,508
2,办,bàn,509
2,办法,bànfǎ,510
2,办公室,bàngōngshì,511
2,半夜,bànyè,512
2,帮助,bāngzhù,513
2,饱,bǎo,514
2,报名,bàomíng,515
2,报纸,bàozhǐ,516
2,北方,běifāng,517
2,背,bèi,518
2,比如,bǐrú,519
2,比如说,bǐrú shuō,520
2,笔,bǐ,521
2,笔记,bǐjì,522
2,笔记本,bǐjìběn,523
2,必须,bìxū,524
2,边,biān,525
2,变,biàn,526
2,变成,biànchéng,527
2,遍,biàn,528
2,表,biǎo,529
2,表示,biǎoshì,530
2,不错,bùcuò,531
2,不但,bùdàn,532
2,不够,bùgòu,533
2,不过,bùguò,534
2,不太,bù tài,535
2,不要,bùyào,536
2,不好意思,bù hǎoyìsi,537
2,不久,bùjiǔ,538
2,不满,bùmǎn,539
2,不如,bùrú,540
2,不少,bù shǎo,541
2,不同,bù tóng,542
2,不行,bùxíng,543
2,不一定,bùyīdìng,544
2,不一会儿,bù yīhuìr,545
2,部分,bùfen,546
2,才,cái,547
2,菜单,càidān,548
2,参观,cānguān,549
2,参加,cānjiā,550
2,草,cǎo,551
2,草地,cǎodì,552
2,层,céng,553
2,查,chá,554
2,差不多,chàbuduō,555
2,长,cháng,556
2,常见,cháng jiàn,557
2,常用,cháng yòng,558
2,场,chǎng,559
2,超过,chāoguò,560
2,超市,chāoshì,561
2,车辆,chēliàng,562
2,称1,chēng,563
2,成,chéng,564
2,成绩,chéngjì,565
2,成为,chéngwéi,566
2,重复,chóngfù,567
2,重新,chóngxīn,568
2,出发,chūfā,569
2,出国,chūguó,570
2,出口,chūkǒu,571
2,出门,chūmén,572
2,出生,chūshēng,573
2,出现,chūxiàn,574
2,出院,chūyuàn,575
2,出租,chūzū,576
2,出租车,chūzūchē,577
2,船,chuán,578
2,吹,chuī,579
2,春节,Chūnjié,580
2,春天,chūntiān,581
2,词,cí,582
2,词典,cídiǎn,583
2,词语,cíyǔ,584
2,从小,cóngxiǎo,585
2,答应,dāying,586
2,打工,dǎgōng,587
2,打算,dǎsuàn,588
2,打印,dǎyìn,589
2,大部分,dàbùfen,590
2,大大,dàdà,591
2,大多数,dàduōshù,592
2,大海,dàhǎi,593
2,大家,dàjiā,594
2,大量,dàliàng,595
2,大门,dàmén,596
2,大人,dàren,597
2,大声,dà shēng,598
2,大小,dàxiǎo,599
2,大衣,dàyī,600
2,大自然,dàzìrán,601
2,带,dài,602
2,带来,dàilái,603
2,单位,dānwèi,604
2,但,dàn,605
2,但是,dànshì,606
2,蛋,dàn,607
2,当,dāng,608
2,当时,dāngshí,609
2,倒,dǎo,610
2,到处,dàochù,611
2,倒,dào,612
2,道,dào,613
2,道理,dàolǐ,614
2,道路,dàolù,615
2,得,dé,616
2,得出,déchū,617
2,的话,dehuà,618
2,得,de,619
2,灯,dēng,620
2,等,děng,621
2,等到,děngdào,622
2,等于,děngyú,623
2,低,dī,624
2,地球,dìqiú,625
2,地铁,dìtiě,626
2,地铁站,dìtiězhàn,627
2,点头,diǎntóu,628
2,店,diàn,629
2,掉,diào,630
2,东北,dōngběi,631
2,东方,dōngfāng,632
2,东南,dōngnán,633
2,冬天,dōngtiān,634
2,懂,dǒng,635
2,懂得,dǒngde,636
2,动物,dòngwù,637
2,动物园,dòngwùyuán,638
2,读音,dúyīn,639
2,度,dù,640
2,短,duǎn,641
2,短信,duǎnxìn,642
2,段,duàn,643
2,队,duì,644
2,队长,duìzhǎng,645
2,对,duì,646
2,对话,duìhuà,647
2,对面,duìmiàn,648
2,多,duō,649
2,多久,duōjiǔ,650
2,多么,duōme,651
2,多数,duōshù,652
2,多云,duōyún,653
2,而且,érqiě,654
2,发,fā,655
2,发现,fāxiàn,656
2,饭馆,fànguǎn,657
2,方便,fāngbiàn,658
2,方便面,fāngbiànmiàn,659
2,方法,fāngfǎ,660
2,方面,fāngmiàn,661
2,方向,fāngxiàng,662
2,放下,fàngxia,663
2,放心,fàngxīn,664
2,分,fēn,665
2,分开,fēnkāi,666
2,分数,fēnshù,667
2,分钟,fēnzhōng,668
2,份,fèn,669
2,封,fēng,670
2,服务,fúwù,671
2,复习,fùxí,672
2,该,gāi,673
2,改,gǎi,674
2,改变,gǎibiàn,675
2,干杯,gānbēi,676
2,感到,gǎndào,677
2,感动,gǎndòng,678
2,感觉,gǎnjué,679
2,感谢,gǎnxiè,680
2,干活儿,gànhuór,681
2,刚,gāng,682
2,刚才,gāngcái,683
2,刚刚,gānggāng,684
2,高级,gāojí,685
2,高中,gāozhōng,686
2,个子,gèzi,687
2,更,gèng,688
2,公共汽车,gōnggòng qìchē,689
2,公交车,gōngjiāochē,690
2,公斤,gōngjīn,691
2,公里,gōnglǐ,692
2,公路,gōnglù,693
2,公平,gōngpíng,694
2,公司,gōngsī,695
2,公园,gōngyuán,696
2,狗,gǒu,697
2,够,gòu,698
2,故事,gùshi,699
2,故意,gùyì,700
2,顾客,gùkè,701
2,关机,guānjī,702
2,关心,guānxīn,703
2,观点,guāndiǎn,704
2,广场,guǎngchǎng,705
2,广告,guǎnggào,706
2,国际,guójì,707
2,过来,guòlái,708
2,过年,guònián,709
2,过去,guòqù,710
2,过,guo,711
2,海,hǎi,712
2,海边,hǎi biān,713
2,喊,hǎn,714
2,好,hǎo,715
2,好处,hǎochù,716
2,好多,hǎoduō,717
2,好久,hǎojiǔ,718
2,好人,hǎorén,719
2,好事,hǎoshì,720
2,好像,hǎoxiàng,721
2,合适,héshì,722
2,河,hé,723
2,黑,hēi,724
2,黑板,hēibǎn,725
2,黑色,hēisè,726
2,红,hóng,727
2,红色,hóngsè,728
2,后来,hòulái,729
2,忽然,hūrán,730
2,湖,hú,731
2,护照,hùzhào,732
2,花,huā,733
2,花园,huāyuán,734
2,画,huà,735
2,画家,huàjiā,736
2,画儿,huàr,737
2,坏处,huàichù,738
2,坏人,huàirén,739
2,欢迎,huānyíng,740
2,换,huàn,741
2,黄,huáng,742
2,黄色,huángsè,743
2,回,huí,744
2,回国,huí guó,745
2,会,huì,746
2,活动,huódòng,747
2,或,huò,748
2,或者,huòzhě,749
2,机会,jīhuì,750
2,鸡,jī,751
2,级,jí,752
2,急,jí,753
2,计划,jìhuà,754
2,计算机,jìsuànjī,755
2,加,jiā,756
2,加油,jiāyóu,757
2,家（科学家）,jiā (kēxuéjiā),758
2,家庭,jiātíng,759
2,家长,jiāzhǎng,760
2,假,jiǎ,761
2,假期,jiàqī,762
2,检查,jiǎnchá,763
2,见到,jiàndào,764
2,见过,jiànguo,765
2,件,jiàn,766
2,健康,jiànkāng,767
2,讲,jiǎng,768
2,讲话,jiǎnghuà,769
2,交,jiāo,770
2,交给,jiāo gěi,771
2,交朋友,jiāo péngyou,772
2,交通,jiāotōng,773
2,角,jiǎo,774
2,角度,jiǎodù,775
2,饺子,jiǎozi,776
2,脚,jiǎo,777
2,叫作,jiàozuò,778
2,教师,jiàoshī,779
2,教室,jiàoshì,780
2,教学,jiàoxué,781
2,教育,jiàoyù,782
2,接,jiē,783
2,接到,jiēdào,784
2,接受,jiēshòu,785
2,接下来,jiē xiàlái,786
2,接着,jiēzhe,787
2,街,jiē,788
2,节,jié,789
2,节目,jiémù,790
2,节日,jiérì,791
2,结果,jiéguǒ,792
2,借,jiè,793
2,斤,jīn,794
2,今后,jīnhòu,795
2,进入,jìnrù,796
2,进行,jìnxíng,797
2,近,jìn,798
2,经常,jīngcháng,799
2,经过,jīngguò,800
2,经理,jīnglǐ,801
2,酒,jiǔ,802
2,酒店,jiǔdiàn,803
2,就要,jiùyào,804
2,举,jǔ,805
2,举手,jǔshǒu,806
2,举行,jǔxíng,807
2,句,jù,808
2,句子,jùzi,809
2,卡,kǎ,810
2,开机,kāijī,811
2,开心,kāixīn,812
2,开学,kāixué,813
2,看法,kànfǎ,814
2,考生,kǎoshēng,815
2,靠,kào,816
2,科,kē,817
2,科学,kēxué,818
2,可爱,kě'ài,819
2,可能,kěnéng,820
2,可怕,kěpà,821
2,可是,kěshì,822
2,可以,kěyǐ,823
2,克,kè,824
2,刻,kè,825
2,客人,kèrén,826
2,课堂,kètáng,827
2,空气,kōngqì,828
2,哭,kū,829
2,快餐,kuàicān,830
2,快点儿,kuài diǎnr,831
2,快乐,kuàilè,832
2,快要,kuàiyào,833
2,筷子,kuàizi,834
2,拉,lā,835
2,来自,láizì,836
2,蓝,lán,837
2,蓝色,lánsè,838
2,篮球,lánqiú,839
2,老,lǎo,840
2,老（老王）,lǎo (Lǎo Wáng),841
2,老年,lǎonián,842
2,老朋友,lǎo péngyou,843
2,老是,lǎoshì,844
2,离,lí,845
2,离开,líkāi,846
2,礼物,lǐwù,847
2,里头,lǐtou,848
2,理想,lǐxiǎng,849
2,例如,lìrú,850
2,例子,lìzi,851
2,脸,liǎn,852
2,练,liàn,853
2,练习,liànxí,854
2,凉,liáng,855
2,凉快,liángkuai,856
2,两,liǎng,857
2,亮,liàng,858
2,辆,liàng,859
2,零下,líng xià,860
2,留,liú,861
2,留下,liúxia,862
2,留学生,liúxuéshēng,863
2,流,liú,864
2,流利,liúlì,865
2,流行,liúxíng,866
2,路边,lù biān,867
2,旅客,lǚkè,868
2,旅行,lǚxíng,869
2,旅游,lǚyóu,870
2,绿,lǜ,871
2,绿色,lǜsè,872
2,卖,mài,873
2,满,mǎn,874
2,满意,mǎnyì,875
2,猫,māo,876
2,米,mǐ,877
2,面1,miàn,878
2,面2,miàn,879
2,面前,miànqián,880
2,名,míng,881
2,名称,míngchēng,882
2,名单,míngdān,883
2,明星,míngxīng,884
2,目的,mùdì,885
2,拿出,náchū,886
2,拿到,nádào,887
2,那,nà,888
2,那会儿,nàhuìr,889
2,那么,nàme,890
2,那时候|那时,nà shíhou|nà shí,891
2,那样,nàyàng,892
2,南方,nánfāng,893
2,难过,nánguò,894
2,难看,nánkàn,895
2,难受,nánshòu,896
2,难题,nántí,897
2,难听,nántīng,898
2,能够,nénggòu,899
2,年级,niánjí,900
2,年轻,niánqīng,901
2,鸟,niǎo,902
2,弄,nòng,903
2,努力,nǔlì,904
2,爬,pá,905
2,爬山,pá shān,906
2,怕,pà,907
2,排,pái,908
2,排队,páiduì,909
2,排球,páiqiú,910
2,碰,pèng,911
2,碰到,pèngdào,912
2,碰见,pèngjiàn,913
2,篇,piān,914
2,便宜,piányi,915
2,片,piàn,916
2,漂亮,piàoliang,917
2,平,píng,918
2,平安,píng'ān,919
2,平常,píngcháng,920
2,平等,píngděng,921
2,平时,píngshí,922
2,瓶,píng,923
2,瓶子,píngzi,924
2,普通,pǔtōng,925
2,普通话,pǔtōnghuà,926
2,其他,qítā,927
2,其中,qízhōng,928
2,骑,qí,929
2,骑车,qí chē,930
2,起飞,qǐfēi,931
2,气,qì,932
2,气温,qìwēn,933
2,千,qiān,934
2,千克,qiānkè,935
2,前年,qiánnián,936
2,墙,qiáng,937
2,青年,qīngnián,938
2,青少年,qīng-shàonián,939
2,轻,qīng,940
2,清楚,qīngchu,941
2,晴,qíng,942
2,晴天,qíngtiān,943
2,请客,qǐngkè,944
2,请求,qǐngqiú,945
2,秋天,qiūtiān,946
2,求,qiú,947
2,球场,qiúchǎng,948
2,球队,qiúduì,949
2,球鞋,qiúxié,950
2,取,qǔ,951
2,取得,qǔdé,952
2,全,quán,953
2,全部,quánbù,954
2,全国,quánguó,955
2,全家,quánjiā,956
2,全年,quánnián,957
2,全身,quánshēn,958
2,全体,quántǐ,959
2,然后,ránhòu,960
2,让,ràng,961
2,热情,rèqíng,962
2,人口,rénkǒu,963
2,人们,rénmen,964
2,人数,rénshù,965
2,认为,rènwéi,966
2,日报,rìbào,967
2,日子,rìzi,968
2,如果,rúguǒ,969
2,入口,rùkǒu,970
2,商量,shāngliang,971
2,商人,shāngrén,972
2,上周,shàng zhōu,973
2,少数,shǎoshù,974
2,少年,shàonián,975
2,身边,shēnbiān,976
2,什么样,shénmeyàng,977
2,生,shēng,978
2,生词,shēngcí,979
2,生活,shēnghuó,980
2,声音,shēngyīn,981
2,省,shěng,982
2,省,shěng,983
2,十分,shífēn,984
2,实际,shíjì,985
2,实习,shíxí,986
2,实现,shíxiàn,987
2,实在,shízài,988
2,实在,shízai,989
2,食物,shíwù,990
2,使用,shǐyòng,991
2,市,shì,992
2,市长,shìzhǎng,993
2,事情,shìqing,994
2,收,shōu,995
2,收到,shōudào,996
2,收入,shōurù,997
2,手表,shǒubiǎo,998
2,受到,shòudào,999
2,舒服,shūfu,1000
2,熟,shú/shóu,1001
2,数,shǔ,1002
2,数字,shùzì,1003
2,水平,shuǐpíng,1004
2,顺利,shùnlì,1005
2,说明,shuōmíng,1006
2,司机,sījī,1007
2,送到,sòngdào,1008
2,送给,sòng gěi,1009
2,算,suàn,1010
2,虽然,suīrán,1011
2,随便,suíbiàn,1012
2,随时,suíshí,1013
2,所以,suǒyǐ,1014
2,所有,suǒyǒu,1015
2,它,tā,1016
2,它们,tāmen,1017
2,太太,tàitai,1018
2,太阳,tàiyáng,1019
2,态度,tàidù,1020
2,讨论,tǎolùn,1021
2,套,tào,1022
2,特别,tèbié,1023
2,特点,tèdiǎn,1024
2,疼,téng,1025
2,提,tí,1026
2,提出,tíchū,1027
2,提到,tídào,1028
2,提高,tígāo,1029
2,题,tí,1030
2,体育,tǐyù,1031
2,体育场,tǐyùchǎng,1032
2,体育馆,tǐyùguǎn,1033
2,天上,tiānshàng,1034
2,条,tiáo,1035
2,条件,tiáojiàn,1036
2,听讲,tīngjiǎng,1037
2,听说,tīngshuō,1038
2,停,tíng,1039
2,停车,tíngchē,1040
2,停车场,tíngchēchǎng,1041
2,挺,tǐng,1042
2,挺好,tǐng hǎo,1043
2,通,tōng,1044
2,通过,tōngguò,1045
2,通知,tōngzhī,1046
2,同时,tóngshí,1047
2,同事,tóngshì,1048
2,同样,tóngyàng,1049
2,头,tóu,1050
2,头（里头）,tou (lǐtou),1051
2,头发,tóufa,1052
2,图片,túpiàn,1053
2,推,tuī,1054
2,腿,tuǐ,1055
2,外地,wàidì,1056
2,外卖,wàimài,1057
2,完,wán,1058
2,完成,wánchéng,1059
2,完全,wánquán,1060
2,晚安,wǎn'ān,1061
2,晚报,wǎnbào,1062
2,晚餐,wǎncān,1063
2,晚会,wǎnhuì,1064
2,碗,wǎn,1065
2,万,wàn,1066
2,网,wǎng,1067
2,网球,wǎngqiú,1068
2,网站,wǎngzhàn,1069
2,往,wǎng,1070
2,为,wèi,1071
2,为什么,wèi shénme,1072
2,位,wèi,1073
2,味道,wèidào,1074
2,喂,wèi,1075
2,温度,wēndù,1076
2,闻,wén,1077
2,问路,wènlù,1078
2,问题,wèntí,1079
2,午餐,wǔcān,1080
2,午睡,wǔshuì,1081
2,西北,xīběi,1082
2,西餐,xīcān,1083
2,西方,xīfāng,1084
2,西南,xīnán,1085
2,西医,xīyī,1086
2,习惯,xíguàn,1087
2,洗衣机,xǐyījī,1088
2,洗澡,xǐzǎo,1089
2,下,xià,1090
2,下雪,xià xuě,1091
2,下周,xià zhōu,1092
2,夏天,xiàtiān,1093
2,相同,xiāngtóng,1094
2,相信,xiāngxìn,1095
2,响,xiǎng,1096
2,想到,xiǎngdào,1097
2,想法,xiǎngfǎ,1098
2,想起,xiǎngqǐ,1099
2,向,xiàng,1100
2,相机,xiàngjī,1101
2,像,xiàng,1102
2,小（小王）,xiǎo (Xiǎo Wáng),1103
2,小声,xiǎo shēng,1104
2,小时候,xiǎoshíhou,1105
2,小说,xiǎoshuō,1106
2,小心,xiǎoxīn,1107
2,小组,xiǎozǔ,1108
2,校园,xiàoyuán,1109
2,校长,xiàozhǎng,1110
2,笑话,xiàohua,1111
2,笑话儿,xiàohuar,1112
2,鞋,xié,1113
2,心里,xīnlǐ,1114
2,心情,xīnqíng,1115
2,心中,xīnzhōng,1116
2,新闻,xīnwén,1117
2,信,xìn,1118
2,信号,xìnhào,1119
2,信息,xìnxī,1120
2,信心,xìnxīn,1121
2,信用卡,xìnyòngkǎ,1122
2,星星,xīngxing,1123
2,行动,xíngdòng,1124
2,行人,xíngrén,1125
2,行为,xíngwéi,1126
2,姓,xìng,1127
2,姓名,xìngmíng,1128
2,休假,xiūjià,1129
2,许多,xǔduō,1130
2,选,xuǎn,1131
2,学期,xuéqī,1132
2,雪,xuě,1133
2,颜色,yánsè,1134
2,眼,yǎn,1135
2,眼睛,yǎnjing,1136
2,养,yǎng,1137
2,样子,yàngzi,1138
2,要求,yāoqiú,1139
2,药,yào,1140
2,药店,yàodiàn,1141
2,药片,yàopiàn,1142
2,药水,yàoshuǐ,1143
2,也许,yěxǔ,1144
2,夜,yè,1145
2,夜里,yèlǐ,1146
2,一部分,yī bùfen,1147
2,一定,yīdìng,1148
2,一共,yīgòng,1149
2,一会儿,yīhuìr,1150
2,一路平安,yīlù-píng'ān,1151
2,一路顺风,yīlù-shùnfēng,1152
2,已经,yǐjīng,1153
2,以后,yǐhòu,1154
2,以前,yǐqián,1155
2,以上,yǐshàng,1156
2,以外,yǐwài,1157
2,以为,yǐwéi,1158
2,以下,yǐxià,1159
2,椅子,yǐzi,1160
2,一般,yībān,1161
2,一点点,yī diǎndiǎn,1162
2,一生,yīshēng,1163
2,一直,yīzhí,1164
2,亿,yì,1165
2,意见,yìjiàn,1166
2,意思,yìsi,1167
2,因为,yīnwèi,1168
2,阴,yīn,1169
2,阴天,yīntiān,1170
2,音节,yīnjié,1171
2,音乐,yīnyuè,1172
2,音乐会,yīnyuèhuì,1173
2,银行,yínháng,1174
2,银行卡,yínhángkǎ,1175
2,应该,yīnggāi,1176
2,英文,Yīngwén,1177
2,英语,Yīngyǔ,1178
2,影片,yǐngpiàn,1179
2,影响,yǐngxiǎng,1180
2,永远,yǒngyuǎn,1181
2,油,yóu,1182
2,游客,yóukè,1183
2,友好,yǒuhǎo,1184
2,有空儿,yǒukòngr,1185
2,有人,yǒu rén,1186
2,有（一）点儿,yǒu(yī)diǎnr,1187
2,有意思,yǒu yìsi,1188
2,又,yòu,1189
2,鱼,yú,1190
2,语言,yǔyán,1191
2,原来,yuánlái,1192
2,原因,yuányīn,1193
2,院,yuàn,1194
2,院长,yuànzhǎng,1195
2,院子,yuànzi,1196
2,愿意,yuànyì,1197
2,月份,yuèfèn,1198
2,月亮,yuèliang,1199
2,越,yuè,1200
2,越来越,yuè lái yuè,1201
2,云,yún,1202
2,运动,yùndòng,1203
2,咱,zán,1204
2,咱们,zánmen,1205
2,脏,zāng,1206
2,早餐,zǎocān,1207
2,早晨,zǎochen,1208
2,早就,zǎo jiù,1209
2,怎么办,zěnme bàn,1210
2,怎么样,zěnmeyàng,1211
2,怎样,zěnyàng,1212
2,占,zhàn,1213
2,站,zhàn,1214
2,站住,zhànzhù,1215
2,长,zhǎng,1216
2,长大,zhǎngdà,1217
2,找出,zhǎochū,1218
2,照顾,zhàogù,1219
2,照片,zhàopiàn,1220
2,照相,zhàoxiàng,1221
2,这么,zhème,1222
2,这时候|这时,zhè shíhou|zhè shí,1223
2,这样,zhèyàng,1224
2,真正,zhēnzhèng,1225
2,正常,zhèngcháng,1226
2,正好,zhènghǎo,1227
2,正确,zhèngquè,1228
2,正是,zhèngshì,1229
2,直接,zhíjiē,1230
2,只,zhǐ,1231
2,只能,zhǐ néng,1232
2,只要,zhǐyào,1233
2,纸,zhǐ,1234
2,中餐,zhōngcān,1235
2,中级,zhōngjí,1236
2,中年,zhōngnián,1237
2,中小学,zhōng-xiǎoxué,1238
2,中心,zhōngxīn,1239
2,中医,zhōngyī,1240
2,重点,zhòngdiǎn,1241
2,重视,zhòngshì,1242
2,周,zhōu,1243
2,周末,zhōumò,1244
2,周年,zhōunián,1245
2,主人,zhǔrén,1246
2,主要,zhǔyào,1247
2,住房,zhùfáng,1248
2,住院,zhùyuàn,1249
2,装,zhuāng,1250
2,准确,zhǔnquè,1251
2,自己,zìjǐ,1252
2,自行车,zìxíngchē,1253
2,自由,zìyóu,1254
2,字典,zìdiǎn,1255
2,走过,zǒuguò,1256
2,走进,zǒujìn,1257
2,走开,zǒukāi,1258
2,租,zū,1259
2,组,zǔ,1260
2,组成,zǔchéng,1261
2,组长,zǔzhǎng,1262
2,嘴,zuǐ,1263
2,最近,zuìjìn,1264
2,作家,zuòjiā,1265
2,作文,zuòwén,1266
2,作业,zuòyè,1267
2,作用,zuòyòng,1268
2,座,zuò,1269
2,座位,zuòwèi,1270
2,做到,zuòdào,1271
2,做法,zuòfǎ,1272
2,做饭,zuòfàn,1273
3,爱心,àixīn,1274
3,安排,ānpái,1275
3,安装,ānzhuāng,1276
3,按,àn,1277
3,按照,ànzhào,1278
3,把,bǎ,1279
3,把,bǎ,1280
3,把握,bǎwò,1281
3,白,bái,1282
3,白菜,báicài,1283
3,班级,bānjí,1284
3,搬,bān,1285
3,搬家,bānjiā,1286
3,板,bǎn,1287
3,办理,bànlǐ,1288
3,保,bǎo,1289
3,保安,bǎo'ān,1290
3,保持,bǎochí,1291
3,保存,bǎocún,1292
3,保护,bǎohù,1293
3,保留,bǎoliú,1294
3,保险,bǎoxiǎn,1295
3,保证,bǎozhèng,1296
3,报,bào,1297
3,报到,bàodào,1298
3,报道,bàodào,1299
3,报告,bàogào,1300
3,背,bēi,1301
3,北部,běibù,1302
3,背,bèi,1303
3,背后,bèihòu,1304
3,被,bèi,1305
3,被子,bèizi,1306
3,本来,běnlái,1307
3,本领,běnlǐng,1308
3,本事,běnshi,1309
3,比较,bǐjiào,1310
3,比例,bǐlì,1311
3,比赛,bǐsài,1312
3,必然,bìrán,1313
3,必要,bìyào,1314
3,变化,biànhuà,1315
3,变为,biànwéi,1316
3,标题,biāotí,1317
3,标准,biāozhǔn,1318
3,表达,biǎodá,1319
3,表格,biǎogé,1320
3,表面,biǎomiàn,1321
3,表明,biǎomíng,1322
3,表现,biǎoxiàn,1323
3,表演,biǎoyǎn,1324
3,并,bìng,1325
3,并且,bìngqiě,1326
3,播出,bōchū,1327
3,播放,bōfàng,1328
3,不必,bùbì,1329
3,不断,bùduàn,1330
3,不论,bùlùn,1331
3,补,bǔ,1332
3,补充,bǔchōng,1333
3,不安,bù'ān,1334
3,不得不,bùdébù,1335
3,不光,bùguāng,1336
3,不仅,bùjǐn,1337
3,布,bù,1338
3,步,bù,1339
3,部,bù,1340
3,部门,bùmén,1341
3,部长,bùzhǎng,1342
3,才能,cáinéng,1343
3,采取,cǎiqǔ,1344
3,采用,cǎiyòng,1345
3,彩色,cǎisè,1346
3,曾经,céngjīng,1347
3,产生,chǎnshēng,1348
3,长城,Chángchéng,1349
3,长处,chángchù,1350
3,长期,chángqī,1351
3,厂,chǎng,1352
3,场合,chǎnghé,1353
3,场所,chǎngsuǒ,1354
3,超级,chāojí,1355
3,朝,cháo,1356
3,吵,chǎo,1357
3,吵架,chǎojià,1358
3,衬衫,chènshān,1359
3,衬衣,chènyī,1360
3,称为,chēngwéi,1361
3,成功,chénggōng,1362
3,成果,chéngguǒ,1363
3,成就,chéngjiù,1364
3,成立,chénglì,1365
3,成熟,chéngshú,1366
3,成员,chéngyuán,1367
3,成长,chéngzhǎng,1368
3,城,chéng,1369
3,城市,chéngshì,1370
3,程度,chéngdù,1371
3,持续,chíxù,1372
3,充满,chōngmǎn,1373
3,重,chóng,1374
3,初,chū,1375
3,初（初一）,chū (chūyī),1376
3,初步,chūbù,1377
3,初级,chūjí,1378
3,初中,chūzhōng,1379
3,除了,chúle,1380
3,处理,chǔlǐ,1381
3,传,chuán,1382
3,传播,chuánbō,1383
3,传来,chuánlái,1384
3,传说,chuánshuō,1385
3,创新,chuàngxīn,1386
3,创业,chuàngyè,1387
3,创造,chuàngzào,1388
3,创作,chuàngzuò,1389
3,从来,cónglái,1390
3,从前,cóngqián,1391
3,从事,cóngshì,1392
3,村,cūn,1393
3,存,cún,1394
3,存在,cúnzài,1395
3,错误,cuòwù,1396
3,达到,dádào,1397
3,打破,dǎpò,1398
3,打听,dǎting,1399
3,大概,dàgài,1400
3,大使馆,dàshǐguǎn,1401
3,大约,dàyuē,1402
3,大夫,dàifu,1403
3,代,dài,1404
3,代表,dàibiǎo,1405
3,代表团,dàibiǎotuán,1406
3,带动,dàidòng,1407
3,带领,dàilǐng,1408
3,单元,dānyuán,1409
3,当初,dāngchū,1410
3,当地,dāngdì,1411
3,当然,dāngrán,1412
3,当中,dāngzhōng,1413
3,刀,dāo,1414
3,导演,dǎoyǎn,1415
3,到达,dàodá,1416
3,到底,dàodǐ,1417
3,得分,défēn,1418
3,等待,děngdài,1419
3,底下,dǐxia,1420
3,地区,dìqū,1421
3,电视剧,diànshìjù,1422
3,电视台,diànshìtái,1423
3,电台,diàntái,1424
3,电子邮件,diànzǐ yóujiàn,1425
3,调,diào,1426
3,调查,diàochá,1427
3,订,dìng,1428
3,定期,dìngqī,1429
3,东部,dōngbù,1430
3,动力,dònglì,1431
3,动人,dòngrén,1432
3,读者,dúzhě,1433
3,短处,duǎnchù,1434
3,短裤,duǎnkù,1435
3,短期,duǎnqī,1436
3,断,duàn,1437
3,队员,duìyuán,1438
3,对待,duìdài,1439
3,对方,duìfāng,1440
3,对手,duìshǒu,1441
3,对象,duìxiàng,1442
3,顿,dùn,1443
3,发表,fābiǎo,1444
3,发出,fāchū,1445
3,发达,fādá,1446
3,发动,fādòng,1447
3,发明,fāmíng,1448
3,发生,fāshēng,1449
3,发送,fāsòng,1450
3,发言,fāyán,1451
3,发展,fāzhǎn,1452
3,反对,fǎnduì,1453
3,反复,fǎnfù,1454
3,反应,fǎnyìng,1455
3,反正,fǎnzhèng,1456
3,范围,fànwéi,1457
3,方式,fāngshì,1458
3,防,fáng,1459
3,防止,fángzhǐ,1460
3,房东,fángdōng,1461
3,房屋,fángwū,1462
3,房租,fángzū,1463
3,访问,fǎngwèn,1464
3,放到,fàngdào,1465
3,飞行,fēixíng,1466
3,费,fèi,1467
3,费用,fèiyong,1468
3,分别,fēnbié,1469
3,分配,fēnpèi,1470
3,分组,fēn zǔ,1471
3,丰富,fēngfù,1472
3,风险,fēngxiǎn,1473
3,否定,fǒudìng,1474
3,否认,fǒurèn,1475
3,服装,fúzhuāng,1476
3,福,fú,1477
3,父母,fùmǔ,1478
3,父亲,fùqīn,1479
3,付,fù,1480
3,负责,fùzé,1481
3,复印,fùyìn,1482
3,复杂,fùzá,1483
3,富,fù,1484
3,改进,gǎijìn,1485
3,改造,gǎizào,1486
3,概念,gàiniàn,1487
3,赶,gǎn,1488
3,赶到,gǎndào,1489
3,赶紧,gǎnjǐn,1490
3,赶快,gǎnkuài,1491
3,敢,gǎn,1492
3,感冒,gǎnmào,1493
3,感情,gǎnqíng,1494
3,感受,gǎnshòu,1495
3,干吗,gànmá,1496
3,高速,gāosù,1497
3,高速公路,gāosù gōnglù,1498
3,告别,gàobié,1499
3,歌迷,gēmí,1500
3,歌声,gēshēng,1501
3,歌手,gēshǒu,1502
3,个人,gèrén,1503
3,个性,gèxìng,1504
3,各,gè,1505
3,各地,gèdì,1506
3,各位,gèwèi,1507
3,各种,gèzhǒng,1508
3,各自,gèzì,1509
3,根本,gēnběn,1510
3,更加,gèngjiā,1511
3,工厂,gōngchǎng,1512
3,工程师,gōngchéngshī,1513
3,工夫,gōngfu,1514
3,工具,gōngjù,1515
3,工业,gōngyè,1516
3,工资,gōngzī,1517
3,公布,gōngbù,1518
3,公共,gōnggòng,1519
3,公开,gōngkāi,1520
3,公民,gōngmín,1521
3,公务员,gōngwùyuán,1522
3,功夫,gōngfu,1523
3,功课,gōngkè,1524
3,功能,gōngnéng,1525
3,共同,gòngtóng,1526
3,共有,gòngyǒu,1527
3,姑娘,gūniang,1528
3,古,gǔ,1529
3,古代,gǔdài,1530
3,故乡,gùxiāng,1531
3,挂,guà,1532
3,关系,guānxì,1533
3,关注,guānzhù,1534
3,观察,guānchá,1535
3,观看,guānkàn,1536
3,观念,guānniàn,1537
3,观众,guānzhòng,1538
3,管,guǎn,1539
3,管理,guǎnlǐ,1540
3,光,guāng,1541
3,光明,guāngmíng,1542
3,广播,guǎngbō,1543
3,广大,guǎngdà,1544
3,规定,guīdìng,1545
3,规范,guīfàn,1546
3,国内,guó nèi,1547
3,国庆,guóqìng,1548
3,果然,guǒrán,1549
3,果汁,guǒzhī,1550
3,过程,guòchéng,1551
3,过去,guòqù,1552
3,哈哈,hāhā,1553
3,海关,hǎiguān,1554
3,害怕,hàipà,1555
3,行,háng,1556
3,好好,hǎohǎo,1557
3,好奇,hàoqí,1558
3,合,hé,1559
3,合法,héfǎ,1560
3,合格,hégé,1561
3,合理,hélǐ,1562
3,合作,hézuò,1563
3,和平,hépíng,1564
3,红茶,hóngchá,1565
3,红酒,hóngjiǔ,1566
3,后果,hòuguǒ,1567
3,后面,hòumiàn,1568
3,后年,hòunián,1569
3,互联网,hùliánwǎng,1570
3,互相,hùxiāng,1571
3,划船,huáchuán,1572
3,华人,huárén,1573
3,化（现代化）,huà (xiàndàihuà),1574
3,话剧,huàjù,1575
3,话题,huàtí,1576
3,欢乐,huānlè,1577
3,环,huán,1578
3,环保,huánbǎo,1579
3,环境,huánjìng,1580
3,会议,huìyì,1581
3,会员,huìyuán,1582
3,活,huó,1583
3,火,huǒ,1584
3,机器,jīqì,1585
3,积极,jījí,1586
3,基本,jīběn,1587
3,基本上,jīběnshàng,1588
3,基础,jīchǔ,1589
3,及时,jíshí,1590
3,…极了,…jí le,1591
3,集体,jítǐ,1592
3,集中,jízhōng,1593
3,计算,jìsuàn,1594
3,记录,jìlù,1595
3,记者,jìzhě,1596
3,纪录,jìlù,1597
3,纪念,jìniàn,1598
3,技术,jìshù,1599
3,继续,jìxù,1600
3,加工,jiāgōng,1601
3,加快,jiākuài,1602
3,加强,jiāqiáng,1603
3,家具,jiājù,1604
3,家属,jiāshǔ,1605
3,家乡,jiāxiāng,1606
3,价格,jiàgé,1607
3,价钱,jiàqián,1608
3,价值,jiàzhí,1609
3,架,jià,1610
3,坚持,jiānchí,1611
3,坚决,jiānjué,1612
3,坚强,jiānqiáng,1613
3,简单,jiǎndān,1614
3,简直,jiǎnzhí,1615
3,建,jiàn,1616
3,建成,jiànchéng,1617
3,建立,jiànlì,1618
3,建设,jiànshè,1619
3,建议,jiànyì,1620
3,将近,jiāngjìn,1621
3,将来,jiānglái,1622
3,交费,jiāofèi,1623
3,交警,jiāojǐng,1624
3,交流,jiāoliú,1625
3,交往,jiāowǎng,1626
3,交易,jiāoyì,1627
3,叫,jiào,1628
3,较,jiào,1629
3,教材,jiàocái,1630
3,教练,jiàoliàn,1631
3,结实,jiēshi,1632
3,接待,jiēdài,1633
3,接近,jiējìn,1634
3,节约,jiéyuē,1635
3,结合,jiéhé,1636
3,结婚,jiéhūn,1637
3,结束,jiéshù,1638
3,解决,jiějué,1639
3,解开,jiěkāi,1640
3,金,jīn,1641
3,金牌,jīnpái,1642
3,仅,jǐn,1643
3,仅仅,jǐnjǐn,1644
3,尽量,jǐnliàng,1645
3,紧,jǐn,1646
3,紧急,jǐnjí,1647
3,紧张,jǐnzhāng,1648
3,进步,jìnbù,1649
3,进一步,jìnyībù,1650
3,进展,jìnzhǎn,1651
3,近期,jìnqī,1652
3,京剧,jīngjù,1653
3,经济,jīngjì,1654
3,经历,jīnglì,1655
3,经验,jīngyàn,1656
3,经营,jīngyíng,1657
3,精彩,jīngcǎi,1658
3,精神,jīngshén,1659
3,精神,jīngshen,1660
3,景色,jǐngsè,1661
3,警察,jǐngchá,1662
3,静,jìng,1663
3,久,jiǔ,1664
3,旧,jiù,1665
3,救,jiù,1666
3,就是,jiùshì,1667
3,就业,jiùyè,1668
3,举办,jǔbàn,1669
3,具体,jùtǐ,1670
3,具有,jùyǒu,1671
3,剧场,jùchǎng,1672
3,据说,jùshuō,1673
3,决定,juédìng,1674
3,决赛,juésài,1675
3,决心,juéxīn,1676
3,绝对,juéduì,1677
3,咖啡,kāfēi,1678
3,开发,kāifā,1679
3,开放,kāifàng,1680
3,开始,kāishǐ,1681
3,开业,kāiyè,1682
3,开展,kāizhǎn,1683
3,看起来,kàn qǐlái,1684
3,看上去,kàn shàngqù,1685
3,考验,kǎoyàn,1686
3,科技,kējì,1687
3,可靠,kěkào,1688
3,可乐,kělè,1689
3,克服,kèfú,1690
3,客观,kèguān,1691
3,课程,kèchéng,1692
3,空,kōng,1693
3,空调,kōngtiáo,1694
3,恐怕,kǒngpà,1695
3,空儿,kòngr,1696
3,裤子,kùzi,1697
3,快速,kuàisù,1698
3,困,kùn,1699
3,困难,kùnnan,1700
3,浪费,làngfèi,1701
3,老百姓,lǎobǎixìng,1702
3,老板,lǎobǎn,1703
3,老太太,lǎotàitai,1704
3,老头儿,lǎotóur,1705
3,乐,lè,1706
3,乐观,lèguān,1707
3,类,lèi,1708
3,类似,lèisì,1709
3,离婚,líhūn,1710
3,里面,lǐmiàn,1711
3,理发,lǐfà,1712
3,理解,lǐjiě,1713
3,理论,lǐlùn,1714
3,理由,lǐyóu,1715
3,力,lì,1716
3,力量,lìliàng,1717
3,立刻,lìkè,1718
3,利用,lìyòng,1719
3,连,lián,1720
3,连忙,liánmáng,1721
3,连续,liánxù,1722
3,连续剧,liánxùjù,1723
3,联合,liánhé,1724
3,联合国,Liánhéguó,1725
3,联系,liánxì,1726
3,凉水,liángshuǐ,1727
3,了,liǎo,1728
3,领,lǐng,1729
3,领导,lǐngdǎo,1730
3,领先,lǐngxiān,1731
3,另外,lìngwài,1732
3,另一方面,lìng yīfāngmiàn,1733
3,留学,liúxué,1734
3,龙,lóng,1735
3,录,lù,1736
3,录音,lùyīn,1737
3,路线,lùxiàn,1738
3,旅馆,lǚguǎn,1739
3,旅行社,lǚxíngshè,1740
3,绿茶,lǜchá,1741
3,乱,luàn,1742
3,落后,luòhòu,1743
3,麻烦,máfan,1744
3,马,mǎ,1745
3,满足,mǎnzú,1746
3,慢慢,mànmàn,1747
3,毛,máo,1748
3,毛病,máobìng,1749
3,没用,méiyòng,1750
3,媒体,méitǐ,1751
3,每,měi,1752
3,美,měi,1753
3,美好,měihǎo,1754
3,美丽,měilì,1755
3,美食,měishí,1756
3,美术,měishù,1757
3,美元,měiyuán,1758
3,迷,mí,1759
3,米,mǐ,1760
3,面对,miànduì,1761
3,面积,miànjī,1762
3,民间,mínjiān,1763
3,民族,mínzú,1764
3,明确,míngquè,1765
3,明显,míngxiǎn,1766
3,命运,mìngyùn,1767
3,某,mǒu,1768
3,母亲,mǔqīn,1769
3,木头,mùtou,1770
3,目标,mùbiāo,1771
3,目前,mùqián,1772
3,奶茶,nǎichá,1773
3,男子,nánzǐ,1774
3,南部,nánbù,1775
3,难道,nándào,1776
3,难度,nándù,1777
3,内,nèi,1778
3,内容,nèiróng,1779
3,内心,nèixīn,1780
3,能不能,néng bu néng,1781
3,能力,nénglì,1782
3,年初,niánchū,1783
3,年代,niándài,1784
3,年底,niándǐ,1785
3,年纪,niánjì,1786
3,念,niàn,1787
3,牛,niú,1788
3,农村,nóngcūn,1789
3,农民,nóngmín,1790
3,农业,nóngyè,1791
3,女子,nǚzǐ,1792
3,暖和,nuǎnhuo,1793
3,怕,pà,1794
3,拍,pāi,1795
3,排,pái,1796
3,排名,páimíng,1797
3,牌子,páizi,1798
3,派,pài,1799
3,判断,pànduàn,1800
3,胖,pàng,1801
3,跑步,pǎobù,1802
3,配,pèi,1803
3,配合,pèihé,1804
3,批评,pīpíng,1805
3,批准,pīzhǔn,1806
3,皮,pí,1807
3,皮包,píbāo,1808
3,啤酒,píjiǔ,1809
3,票价,piàojià,1810
3,评价,píngjià,1811
3,苹果,píngguǒ,1812
3,破,pò,1813
3,破坏,pòhuài,1814
3,普遍,pǔbiàn,1815
3,普及,pǔjí,1816
3,期,qī,1817
3,齐,qí,1818
3,其次,qícì,1819
3,其实,qíshí,1820
3,奇怪,qíguài,1821
3,气候,qìhòu,1822
3,千万,qiānwàn,1823
3,前后,qiánhòu,1824
3,前进,qiánjìn,1825
3,前面,qiánmiàn,1826
3,前往,qiánwǎng,1827
3,强,qiáng,1828
3,强大,qiángdà,1829
3,强调,qiángdiào,1830
3,强烈,qiángliè,1831
3,桥,qiáo,1832
3,巧,qiǎo,1833
3,亲,qīn,1834
3,亲切,qīnqiè,1835
3,亲人,qīnrén,1836
3,亲自,qīnzì,1837
3,情感,qínggǎn,1838
3,情况,qíngkuàng,1839
3,请教,qǐngjiào,1840
3,庆祝,qìngzhù,1841
3,球迷,qiúmí,1842
3,区,qū,1843
3,区别,qūbié,1844
3,取消,qǔxiāo,1845
3,去世,qùshì,1846
3,全场,quánchǎng,1847
3,全面,quánmiàn,1848
3,全球,quánqiú,1849
3,缺,quē,1850
3,缺点,quēdiǎn,1851
3,缺少,quēshǎo,1852
3,确保,quèbǎo,1853
3,确定,quèdìng,1854
3,确实,quèshí,1855
3,裙子,qúnzi,1856
3,群,qún,1857
3,热爱,rè'ài,1858
3,热烈,rèliè,1859
3,人才,réncái,1860
3,人工,réngōng,1861
3,人类,rénlèi,1862
3,人民,rénmín,1863
3,人民币,rénmínbì,1864
3,人群,rénqún,1865
3,人生,rénshēng,1866
3,人员,rényuán,1867
3,认出,rènchū,1868
3,认得,rènde,1869
3,认可,rènkě,1870
3,任,rèn,1871
3,任,rèn,1872
3,任何,rènhé,1873
3,任务,rènwu,1874
3,仍,réng,1875
3,仍然,réngrán,1876
3,日常,rìcháng,1877
3,容易,róngyì,1878
3,如何,rúhé,1879
3,散步,sànbù,1880
3,沙发,shāfā,1881
3,沙子,shāzi,1882
3,伤,shāng,1883
3,伤心,shāngxīn,1884
3,商品,shāngpǐn,1885
3,商业,shāngyè,1886
3,上来,shànglái,1887
3,上面,shàngmiàn,1888
3,上去,shàngqù,1889
3,上升,shàngshēng,1890
3,上衣,shàngyī,1891
3,设备,shèbèi,1892
3,设计,shèjì,1893
3,设立,shèlì,1894
3,社会,shèhuì,1895
3,身份证,shēnfènzhèng,1896
3,深,shēn,1897
3,深刻,shēnkè,1898
3,深入,shēnrù,1899
3,升,shēng,1900
3,生,shēng,1901
3,生产,shēngchǎn,1902
3,生存,shēngcún,1903
3,生动,shēngdòng,1904
3,生命,shēngmìng,1905
3,生意,shēngyi,1906
3,生长,shēngzhǎng,1907
3,声明,shēngmíng,1908
3,胜,shèng,1909
3,胜利,shènglì,1910
3,失去,shīqù,1911
3,石头,shítou,1912
3,石油,shíyóu,1913
3,时,shí,1914
3,时代,shídài,1915
3,时刻,shíkè,1916
3,实际上,shíjìshàng,1917
3,实力,shílì,1918
3,实行,shíxíng,1919
3,实验,shíyàn,1920
3,实验室,shíyànshì,1921
3,食品,shípǐn,1922
3,使,shǐ,1923
3,始终,shǐzhōng,1924
3,世纪,shìjì,1925
3,世界,shìjiè,1926
3,世界杯,shìjièbēi,1927
3,市场,shìchǎng,1928
3,事故,shìgù,1929
3,事件,shìjiàn,1930
3,事实,shìshí,1931
3,事实上,shìshíshang,1932
3,事业,shìyè,1933
3,试题,shìtí,1934
3,试验,shìyàn,1935
3,适合,shìhé,1936
3,适应,shìyìng,1937
3,适用,shìyòng,1938
3,室,shì,1939
3,收费,shōufèi,1940
3,收看,shōukàn,1941
3,收听,shōutīng,1942
3,收音机,shōuyīnjī,1943
3,手续,shǒuxù,1944
3,手指,shǒuzhǐ,1945
3,首都,shǒudū,1946
3,首先,shǒuxiān,1947
3,受,shòu,1948
3,受伤,shòushāng,1949
3,书架,shūjià,1950
3,输,shū,1951
3,输入,shūrù,1952
3,熟人,shúrén,1953
3,属,shǔ,1954
3,属于,shǔyú,1955
3,束,shù,1956
3,数量,shùliàng,1957
3,双,shuāng,1958
3,双方,shuāngfāng,1959
3,思想,sīxiǎng,1960
3,死,sǐ,1961
3,速度,sùdù,1962
3,随,suí,1963
3,所,suǒ,1964
3,所长,suǒzhǎng,1965
3,台,tái,1966
3,谈,tán,1967
3,谈话,tánhuà,1968
3,谈判,tánpàn,1969
3,汤,tāng,1970
3,糖,táng,1971
3,特色,tèsè,1972
3,提前,tíqián,1973
3,提问,tíwèn,1974
3,题目,tímù,1975
3,体会,tǐhuì,1976
3,体现,tǐxiàn,1977
3,体验,tǐyàn,1978
3,天空,tiānkōng,1979
3,甜,tián,1980
3,调,tiáo,1981
3,调整,tiáozhěng,1982
3,跳,tiào,1983
3,跳高,tiàogāo,1984
3,跳舞,tiàowǔ,1985
3,跳远,tiàoyuǎn,1986
3,铁,tiě,1987
3,铁路,tiělù,1988
3,听力,tīnglì,1989
3,听众,tīngzhòng,1990
3,停止,tíngzhǐ,1991
3,通常,tōngcháng,1992
3,通信,tōngxìn,1993
3,同意,tóngyì,1994
3,痛,tòng,1995
3,痛苦,tòngkǔ,1996
3,头,tóu,1997
3,头脑,tóunǎo,1998
3,突出,tūchū,1999
3,突然,tūrán,2000
3,图,tú,2001
3,图画,túhuà,2002
3,土,tǔ,2003
3,团,tuán,2004
3,团结,tuánjié,2005
3,团体,tuántǐ,2006
3,推动,tuīdòng,2007
3,推广,tuīguǎng,2008
3,推进,tuījìn,2009
3,推开,tuīkāi,2010
3,退,tuì,2011
3,退出,tuìchū,2012
3,退休,tuìxiū,2013
3,外交,wàijiāo,2014
3,外面,wàimiàn,2015
3,外文,wàiwén,2016
3,完美,wánměi,2017
3,完善,wánshàn,2018
3,完整,wánzhěng,2019
3,玩具,wánjù,2020
3,往往,wǎngwǎng,2021
3,危害,wēihài,2022
3,危险,wēixiǎn,2023
3,为,wéi,2024
3,为,wéi,2025
3,围,wéi,2026
3,伟大,wěidà,2027
3,卫生,wèishēng,2028
3,卫生间,wèishēngjiān,2029
3,为了,wèile,2030
3,温暖,wēnnuǎn,2031
3,文化,wénhuà,2032
3,文件,wénjiàn,2033
3,文明,wénmíng,2034
3,文学,wénxué,2035
3,文章,wénzhāng,2036
3,文字,wénzì,2037
3,握手,wòshǒu,2038
3,屋子,wūzi,2039
3,武器,wǔqì,2040
3,武术,wǔshù,2041
3,舞台,wǔtái,2042
3,西部,xībù,2043
3,希望,xīwàng,2044
3,系,xì,2045
3,下来,xiàlái,2046
3,下面,xiàmiàn,2047
3,下去,xiàqù,2048
3,先进,xiānjìn,2049
3,显得,xiǎnde,2050
3,显然,xiǎnrán,2051
3,显示,xiǎnshì,2052
3,现场,xiànchǎng,2053
3,现代,xiàndài,2054
3,现金,xiànjīn,2055
3,现实,xiànshí,2056
3,现象,xiànxiàng,2057
3,线,xiàn,2058
3,相比,xiāngbǐ,2059
3,相当,xiāngdāng,2060
3,相关,xiāngguān,2061
3,相互,xiānghù,2062
3,相似,xiāngsì,2063
3,香,xiāng,2064
3,香蕉,xiāngjiāo,2065
3,消费,xiāofèi,2066
3,消失,xiāoshī,2067
3,消息,xiāoxi,2068
3,效果,xiàoguǒ,2069
3,写作,xiězuò,2070
3,血,xiě,2071
3,心,xīn,2072
3,信,xìn,2073
3,信封,xìnfēng,2074
3,信任,xìnrèn,2075
3,行李,xíngli,2076
3,形成,xíngchéng,2077
3,形式,xíngshì,2078
3,形象,xíngxiàng,2079
3,形状,xíngzhuàng,2080
3,幸福,xìngfú,2081
3,幸运,xìngyùn,2082
3,性（积极性）,xìng(jījíxìng),2083
3,性别,xìngbié,2084
3,性格,xìnggé,2085
3,修,xiū,2086
3,修改,xiūgǎi,2087
3,需求,xūqiú,2088
3,需要,xūyào,2089
3,宣布,xuānbù,2090
3,宣传,xuānchuán,2091
3,选手,xuǎnshǒu,2092
3,学费,xuéfèi,2093
3,训练,xùnliàn,2094
3,压,yā,2095
3,压力,yālì,2096
3,烟,yān,2097
3,眼前,yǎnqián,2098
3,演,yǎn,2099
3,演唱,yǎnchàng,2100
3,演唱会,yǎnchànghuì,2101
3,演出,yǎnchū,2102
3,演员,yǎnyuán,2103
3,羊,yáng,2104
3,阳光,yángguāng,2105
3,要是,yàoshi,2106
3,衣架,yījià,2107
3,一切,yīqiè,2108
3,已,yǐ,2109
3,以来,yǐlái,2110
3,一方面,yīfāngmiàn,2111
3,艺术,yìshù,2112
3,意外,yìwài,2113
3,意义,yìyì,2114
3,因此,yīncǐ,2115
3,银,yín,2116
3,银牌,yínpái,2117
3,印象,yìnxiàng,2118
3,应当,yīngdāng,2119
3,迎接,yíngjiē,2120
3,营养,yíngyǎng,2121
3,赢,yíng,2122
3,影视,yǐngshì,2123
3,应用,yìngyòng,2124
3,优点,yōudiǎn,2125
3,优势,yōushì,2126
3,由,yóu,2127
3,由于,yóuyú,2128
3,邮件,yóujiàn,2129
3,邮票,yóupiào,2130
3,邮箱,yóuxiāng,2131
3,游,yóu,2132
3,游戏,yóuxì,2133
3,游泳,yóuyǒng,2134
3,有的是,yǒudeshì,2135
3,有利,yǒulì,2136
3,有效,yǒuxiào,2137
3,预报,yùbào,2138
3,预防,yùfáng,2139
3,预计,yùjì,2140
3,预习,yùxí,2141
3,员（服务员）,yuán (fúwùyuán),2142
3,员工,yuángōng,2143
3,愿望,yuànwàng,2144
3,约,yuē,2145
3,乐队,yuèduì,2146
3,运输,yùnshū,2147
3,杂志,zázhì,2148
3,早已,zǎoyǐ,2149
3,造,zào,2150
3,造成,zàochéng,2151
3,责任,zérèn,2152
3,增加,zēngjiā,2153
3,增长,zēngzhǎng,2154
3,展开,zhǎnkāi,2155
3,张,zhāng,2156
3,照,zhào,2157
3,者（志愿者）,zhě (zhìyuànzhě),2158
3,真实,zhēnshí,2159
3,争,zhēng,2160
3,争取,zhēngqǔ,2161
3,整,zhěng,2162
3,整个,zhěnggè,2163
3,整理,zhěnglǐ,2164
3,整齐,zhěngqí,2165
3,整体,zhěngtǐ,2166
3,整天,zhěngtiān,2167
3,整整,zhěngzhěng,2168
3,正,zhèng,2169
3,正式,zhèngshì,2170
3,证,zhèng,2171
3,证件,zhèngjiàn,2172
3,证据,zhèngjù,2173
3,证明,zhèngmíng,2174
3,支,zhī,2175
3,支持,zhīchí,2176
3,支付,zhīfù,2177
3,只,zhī,2178
3,直,zhí,2179
3,直播,zhíbō,2180
3,直到,zhídào,2181
3,值,zhí,2182
3,值得,zhídé,2183
3,职工,zhígōng,2184
3,职业,zhíyè,2185
3,只好,zhǐhǎo,2186
3,只是,zhǐshì,2187
3,只有,zhǐyǒu,2188
3,指,zhǐ,2189
3,指出,zhǐchū,2190
3,指导,zhǐdǎo,2191
3,至今,zhìjīn,2192
3,至少,zhìshǎo,2193
3,志愿,zhìyuàn,2194
3,志愿者,zhìyuànzhě,2195
3,制定,zhìdìng,2196
3,制度,zhìdù,2197
3,制造,zhìzào,2198
3,制作,zhìzuò,2199
3,中部,zhōngbù,2200
3,中华民族,Zhōnghuá Mínzú,2201
3,终于,zhōngyú,2202
3,钟,zhōng,2203
3,种,zhǒng,2204
3,种子,zhǒngzi,2205
3,重大,zhòngdà,2206
3,周围,zhōuwéi,2207
3,猪,zhū,2208
3,主持,zhǔchí,2209
3,主动,zhǔdòng,2210
3,主任,zhǔrèn,2211
3,主意,zhǔyi,2212
3,主张,zhǔzhāng,2213
3,注意,zhùyì,2214
3,祝,zhù,2215
3,抓,zhuā,2216
3,抓住,zhuāzhù,2217
3,专家,zhuānjiā,2218
3,专门,zhuānmén,2219
3,专题,zhuāntí,2220
3,专业,zhuānyè,2221
3,转,zhuǎn,2222
3,转变,zhuǎnbiàn,2223
3,状况,zhuàngkuàng,2224
3,状态,zhuàngtài,2225
3,追,zhuī,2226
3,准,zhǔn,2227
3,资格,zīgé,2228
3,资金,zījīn,2229
3,子女,zǐnǚ,2230
3,自从,zìcóng,2231
3,自动,zìdòng,2232
3,自觉,zìjué,2233
3,自然,zìrán,2234
3,自身,zìshēn,2235
3,自主,zìzhǔ,2236
3,总,zǒng,2237
3,总结,zǒngjié,2238
3,总是,zǒngshì,2239
3,足够,zúgòu,2240
3,足球,zúqiú,2241
3,组合,zǔhé,2242
3,左右,zuǒyòu,2243
3,作品,zuòpǐn,2244
3,作者,zuòzhě,2245
3,做客,zuòkè,2246
4,阿姨,āyí,2247
4,啊,ā,2248
4,矮,ǎi,2249
4,矮小,ǎixiǎo,2250
4,爱国,àiguó,2251
4,爱护,àihù,2252
4,安,ān,2253
4,安置,ānzhì,2254
4,按时,ànshí,2255
4,暗,àn,2256
4,暗示,ànshì,2257
4,巴士,bāshì,2258
4,百货,bǎihuò,2259
4,摆,bǎi,2260
4,摆动,bǎidòng,2261
4,摆脱,bǎituō,2262
4,败,bài,2263
4,办事,bànshì,2264
4,包裹,bāoguǒ,2265
4,包含,bāohán,2266
4,包括,bāokuò,2267
4,薄,báo,2268
4,宝,bǎo,2269
4,宝宝,bǎobao,2270
4,宝贝,bǎobèi,2271
4,宝贵,bǎoguì,2272
4,宝石,bǎoshí,2273
4,保密,bǎomì,2274
4,保守,bǎoshǒu,2275
4,抱,bào,2276
4,背景,bèijǐng,2277
4,倍,bèi,2278
4,被迫,bèipò,2279
4,本科,běnkē,2280
4,笨,bèn,2281
4,比分,bǐfēn,2282
4,毕业,bìyè,2283
4,毕业生,bìyèshēng,2284
4,避,bì,2285
4,避免,bìmiǎn,2286
4,编,biān,2287
4,辩论,biànlùn,2288
4,标志,biāozhì,2289
4,表情,biǎoqíng,2290
4,表扬,biǎoyáng,2291
4,别,bié,2292
4,冰,bīng,2293
4,冰箱,bīngxiāng,2294
4,冰雪,bīngxuě,2295
4,兵,bīng,2296
4,并,bìng,2297
4,不要紧,bùyàojǐn,2298
4,不在乎,bùzàihu,2299
4,不管,bùguǎn,2300
4,不然,bùrán,2301
4,布置,bùzhì,2302
4,步行,bùxíng,2303
4,擦,cā,2304
4,才,cái,2305
4,材料,cáiliào,2306
4,财产,cáichǎn,2307
4,财富,cáifù,2308
4,采访,cǎifǎng,2309
4,参考,cānkǎo,2310
4,参与,cānyù,2311
4,操场,cāochǎng,2312
4,操作,cāozuò,2313
4,测,cè,2314
4,测量,cèliáng,2315
4,测试,cèshì,2316
4,曾,céng,2317
4,茶叶,cháyè,2318
4,产品,chǎnpǐn,2319
4,长途,chángtú,2320
4,常识,chángshí,2321
4,唱片,chàngpiàn,2322
4,抄,chāo,2323
4,抄写,chāoxiě,2324
4,潮,cháo,2325
4,潮流,cháoliú,2326
4,潮湿,cháoshī,2327
4,彻底,chèdǐ,2328
4,沉,chén,2329
4,沉默,chénmò,2330
4,沉重,chénzhòng,2331
4,称赞,chēngzàn,2332
4,成人,chéngrén,2333
4,诚实,chéngshí,2334
4,诚信,chéngxìn,2335
4,承担,chéngdān,2336
4,承认,chéngrèn,2337
4,承受,chéngshòu,2338
4,程序,chéngxù,2339
4,吃惊,chījīng,2340
4,迟到,chídào,2341
4,尺,chǐ,2342
4,尺寸,chǐcùn,2343
4,尺子,chǐzi,2344
4,冲,chōng,2345
4,充电,chōngdiàn,2346
4,充电器,chōngdiànqì,2347
4,充分,chōngfèn,2348
4,虫子,chóngzi,2349
4,抽,chōu,2350
4,抽奖,chōujiǎng,2351
4,抽烟,chōuyān,2352
4,出口,chūkǒu,2353
4,出色,chūsè,2354
4,出售,chūshòu,2355
4,出席,chūxí,2356
4,处于,chǔyú,2357
4,处,chù,2358
4,穿上,chuānshang,2359
4,传统,chuántǒng,2360
4,窗户,chuānghu,2361
4,窗台,chuāngtái,2362
4,窗子,chuāngzi,2363
4,春季,chūnjì,2364
4,纯,chún,2365
4,纯净水,chúnjìngshuǐ,2366
4,词汇,cíhuì,2367
4,此,cǐ,2368
4,此外,cǐwài,2369
4,次,cì,2370
4,刺,cì,2371
4,刺激,cìjī,2372
4,从此,cóngcǐ,2373
4,粗,cū,2374
4,粗心,cūxīn,2375
4,促进,cùjìn,2376
4,促使,cùshǐ,2377
4,促销,cùxiāo,2378
4,措施,cuòshī,2379
4,打,dá,2380
4,答案,dá'àn,2381
4,打败,dǎbài,2382
4,打雷,dǎléi,2383
4,打扫,dǎsǎo,2384
4,打折,dǎzhé,2385
4,打针,dǎzhēn,2386
4,大巴,dàbā,2387
4,大多,dàduō,2388
4,大方,dàfang,2389
4,大哥,dàgē,2390
4,大规模,dà guīmó,2391
4,大会,dàhuì,2392
4,大姐,dàjiě,2393
4,大楼,dà lóu,2394
4,大陆,dàlù,2395
4,大妈,dàmā,2396
4,大型,dàxíng,2397
4,大爷,dàye,2398
4,大众,dàzhòng,2399
4,代替,dàitì,2400
4,待遇,dàiyù,2401
4,袋,dài,2402
4,戴,dài,2403
4,担保,dānbǎo,2404
4,担任,dānrèn,2405
4,担心,dānxīn,2406
4,单,dān,2407
4,单纯,dānchún,2408
4,单调,dāndiào,2409
4,单独,dāndú,2410
4,淡,dàn,2411
4,导游,dǎoyóu,2412
4,导致,dǎozhì,2413
4,倒闭,dǎobì,2414
4,倒车,dǎochē,2415
4,倒车,dàochē,2416
4,得意,déyì,2417
4,得,děi,2418
4,灯光,dēngguāng,2419
4,登,dēng,2420
4,登记,dēngjì,2421
4,登录,dēnglù,2422
4,登山,dēngshān,2423
4,的确,díquè,2424
4,敌人,dírén,2425
4,底,dǐ,2426
4,地方,dìfāng,2427
4,地面,dìmiàn,2428
4,地位,dìwèi,2429
4,地下,dìxià,2430
4,地址,dìzhǐ,2431
4,典型,diǎnxíng,2432
4,点名,diǎnmíng,2433
4,电灯,diàndēng,2434
4,电动车,diàndòngchē,2435
4,电梯,diàntī,2436
4,电源,diànyuán,2437
4,顶,dǐng,2438
4,定,dìng,2439
4,冬季,dōngjì,2440
4,动画片,dònghuàpiàn,2441
4,动摇,dòngyáo,2442
4,豆腐,dòufu,2443
4,独立,dúlì,2444
4,独特,dútè,2445
4,独自,dúzì,2446
4,堵,dǔ,2447
4,堵车,dǔchē,2448
4,肚子,dùzi,2449
4,度过,dùguò,2450
4,锻炼,duànliàn,2451
4,对比,duìbǐ,2452
4,对付,duìfu,2453
4,对于,duìyú,2454
4,多次,duō cì,2455
4,多年,duō nián,2456
4,多样,duōyàng,2457
4,多种,duō zhǒng,2458
4,恶心,ěxin,2459
4,儿童,értóng,2460
4,而,ér,2461
4,而是,ér shì,2462
4,耳机,ěrjī,2463
4,二手,èrshǒu,2464
4,发挥,fāhuī,2465
4,发票,fāpiào,2466
4,发烧,fāshāo,2467
4,法,fǎ,2468
4,法官,fǎguān,2469
4,法律,fǎlǜ,2470
4,法院,fǎyuàn,2471
4,翻,fān,2472
4,翻译,fānyì,2473
4,烦,fán,2474
4,反,fǎn,2475
4,反而,fǎn'ér,2476
4,反映,fǎnyìng,2477
4,方,fāng,2478
4,方案,fāng'àn,2479
4,方针,fāngzhēn,2480
4,放松,fàngsōng,2481
4,非,fēi,2482
4,肥,féi,2483
4,分布,fēnbù,2484
4,分散,fēnsàn,2485
4,分手,fēnshǒu,2486
4,分为,fēnwéi,2487
4,…分之…,…fēn zhī…,2488
4,纷纷,fēnfēn,2489
4,奋斗,fèndòu,2490
4,风格,fēnggé,2491
4,风景,fēngjǐng,2492
4,风俗,fēngsú,2493
4,封闭,fēngbì,2494
4,否则,fǒuzé,2495
4,夫妇,fūfù,2496
4,夫妻,fūqī,2497
4,夫人,fūrén,2498
4,符号,fúhào,2499
4,符合,fúhé,2500
4,付出,fùchū,2501
4,负担,fùdān,2502
4,附近,fùjìn,2503
4,复制,fùzhì,2504
4,改善,gǎishàn,2505
4,改正,gǎizhèng,2506
4,盖,gài,2507
4,概括,gàikuò,2508
4,感兴趣,gǎn xìngqù,2509
4,高潮,gāocháo,2510
4,高价,gāojià,2511
4,高尚,gāoshàng,2512
4,高铁,gāotiě,2513
4,格外,géwài,2514
4,隔,gé,2515
4,隔开,gékāi,2516
4,个别,gèbié,2517
4,个体,gètǐ,2518
4,各个,gègè,2519
4,根,gēn,2520
4,根据,gēnjù,2521
4,工程,gōngchéng,2522
4,公元,gōngyuán,2523
4,供应,gōngyìng,2524
4,共,gòng,2525
4,构成,gòuchéng,2526
4,构造,gòuzào,2527
4,购买,gòumǎi,2528
4,购物,gòuwù,2529
4,骨头,gǔtou,2530
4,固定,gùdìng,2531
4,瓜,guā,2532
4,怪,guài,2533
4,关,guān,2534
4,关闭,guānbì,2535
4,关于,guānyú,2536
4,官,guān,2537
4,官方,guānfāng,2538
4,光临,guānglín,2539
4,光盘,guāngpán,2540
4,逛,guàng,2541
4,归,guī,2542
4,规律,guīlǜ,2543
4,规模,guīmó,2544
4,规则,guīzé,2545
4,果实,guǒshí,2546
4,过分,guòfèn,2547
4,海水,hǎishuǐ,2548
4,海鲜,hǎixiān,2549
4,含,hán,2550
4,含量,hánliàng,2551
4,含义,hányì,2552
4,含有,hányǒu,2553
4,寒假,hánjià,2554
4,寒冷,hánlěng,2555
4,行业,hángyè,2556
4,航班,hángbān,2557
4,航空,hángkōng,2558
4,毫米,háomǐ,2559
4,毫升,háoshēng,2560
4,好友,hǎoyǒu,2561
4,号码,hàomǎ,2562
4,好,hào,2563
4,合同,hétóng,2564
4,黑暗,hēi'àn,2565
4,红包,hóngbāo,2566
4,后头,hòutou,2567
4,厚,hòu,2568
4,呼吸,hūxī,2569
4,忽视,hūshì,2570
4,户,hù,2571
4,护士,hùshi,2572
4,花,huā,2573
4,划,huá,2574
4,划,huà,2575
4,怀念,huáiniàn,2576
4,怀疑,huáiyí,2577
4,缓解,huǎnjiě,2578
4,黄瓜,huángguā,2579
4,黄金,huángjīn,2580
4,回复,huífù,2581
4,汇,huì,2582
4,汇报,huìbào,2583
4,汇率,huìlǜ,2584
4,婚礼,hūnlǐ,2585
4,火,huǒ,2586
4,伙,huǒ,2587
4,伙伴,huǒbàn,2588
4,或许,huòxǔ,2589
4,货,huò,2590
4,获,huò,2591
4,获得,huòdé,2592
4,获奖,huòjiǎng,2593
4,获取,huòqǔ,2594
4,几乎,jīhū,2595
4,机构,jīgòu,2596
4,机遇,jīyù,2597
4,积累,jīlěi,2598
4,激动,jīdòng,2599
4,激烈,jīliè,2600
4,及格,jígé,2601
4,极,jí,2602
4,极其,jíqí,2603
4,即将,jíjiāng,2604
4,急忙,jímáng,2605
4,集合,jíhé,2606
4,记载,jìzǎi,2607
4,纪律,jìlǜ,2608
4,技巧,jìqiǎo,2609
4,系,jì,2610
4,季,jì,2611
4,季度,jìdù,2612
4,季节,jìjié,2613
4,既,jì,2614
4,既然,jìrán,2615
4,寄,jì,2616
4,加班,jiābān,2617
4,加入,jiārù,2618
4,加油站,jiāyóuzhàn,2619
4,家务,jiāwù,2620
4,假如,jiǎrú,2621
4,坚固,jiāngù,2622
4,检测,jiǎncè,2623
4,减,jiǎn,2624
4,减肥,jiǎnféi,2625
4,减少,jiǎnshǎo,2626
4,简历,jiǎnlì,2627
4,健身,jiànshēn,2628
4,渐渐,jiànjiàn,2629
4,江,jiāng,2630
4,讲究,jiǎngjiu,2631
4,讲座,jiǎngzuò,2632
4,奖,jiǎng,2633
4,奖金,jiǎngjīn,2634
4,奖学金,jiǎngxuéjīn,2635
4,降,jiàng,2636
4,降低,jiàngdī,2637
4,降价,jiàngjià,2638
4,降落,jiàngluò,2639
4,降温,jiàngwēn,2640
4,交换,jiāohuàn,2641
4,交际,jiāojì,2642
4,教授,jiàoshòu,2643
4,教训,jiàoxùn,2644
4,阶段,jiēduàn,2645
4,街道,jiēdào,2646
4,节省,jiéshěng,2647
4,结,jié,2648
4,结构,jiégòu,2649
4,结论,jiélùn,2650
4,姐妹,jiěmèi,2651
4,解释,jiěshì,2652
4,尽快,jǐnkuài,2653
4,紧密,jǐnmì,2654
4,尽力,jìnlì,2655
4,进口,jìnkǒu,2656
4,近代,jìndài,2657
4,禁止,jìnzhǐ,2658
4,经典,jīngdiǎn,2659
4,精力,jīnglì,2660
4,竟然,jìngrán,2661
4,镜头,jìngtóu,2662
4,镜子,jìngzi,2663
4,究竟,jiūjìng,2664
4,酒吧,jiǔbā,2665
4,居民,jūmín,2666
4,居住,jūzhù,2667
4,局,jú,2668
4,巨大,jùdà,2669
4,具备,jùbèi,2670
4,距离,jùlí,2671
4,聚,jù,2672
4,聚会,jùhuì,2673
4,卷,juǎn,2674
4,卷,juàn,2675
4,角色,juésè,2676
4,开花,kāihuā,2677
4,开水,kāishuǐ,2678
4,看不起,kànbuqǐ,2679
4,看来,kànlái,2680
4,看望,kànwàng,2681
4,考察,kǎochá,2682
4,考虑,kǎolǜ,2683
4,棵,kē,2684
4,可见,kějiàn,2685
4,空间,kōngjiān,2686
4,空,kòng,2687
4,口袋,kǒudai,2688
4,口语,kǒuyǔ,2689
4,苦,kǔ,2690
4,会计,kuàijì,2691
4,快递,kuàidì,2692
4,宽,kuān,2693
4,宽广,kuānguǎng,2694
4,矿泉水,kuàngquánshuǐ,2695
4,扩大,kuòdà,2696
4,扩展,kuòzhǎn,2697
4,括号,kuòhào,2698
4,垃圾,lājī,2699
4,拉开,lākāi,2700
4,辣,là,2701
4,来不及,láibují,2702
4,来得及,láidejí,2703
4,来源,láiyuán,2704
4,老公,lǎogōng,2705
4,老家,lǎojiā,2706
4,老婆,lǎopo,2707
4,老实,lǎoshi,2708
4,乐趣,lèqù,2709
4,泪,lèi,2710
4,泪水,lèishuǐ,2711
4,类型,lèixíng,2712
4,冷静,lěngjìng,2713
4,厘米,límǐ,2714
4,离不开,lí bu kāi,2715
4,力气,lìqi,2716
4,历史,lìshǐ,2717
4,立即,lìjí,2718
4,利息,lìxī,2719
4,利益,lìyì,2720
4,俩,liǎ,2721
4,良好,liánghǎo,2722
4,量,liáng,2723
4,粮食,liángshi,2724
4,两边,liǎngbiān,2725
4,疗养,liáoyǎng,2726
4,了不起,liǎobuqǐ,2727
4,了解,liǎojiě,2728
4,列,liè,2729
4,列车,lièchē,2730
4,列入,lièrù,2731
4,列为,lièwéi,2732
4,临时,línshí,2733
4,零食,língshí,2734
4,流传,liúchuán,2735
4,楼梯,lóutī,2736
4,陆地,lùdì,2737
4,陆续,lùxù,2738
4,录取,lùqǔ,2739
4,律师,lǜshī,2740
4,轮,lún,2741
4,轮船,lúnchuán,2742
4,轮椅,lúnyǐ,2743
4,轮子,lúnzi,2744
4,论文,lùnwén,2745
4,落,luò,2746
4,毛巾,máojīn,2747
4,毛衣,máoyī,2748
4,帽子,màozi,2749
4,没错,méi cuò,2750
4,没法儿,méifǎr,2751
4,没想到,méi xiǎngdào,2752
4,美金,měijīn,2753
4,美女,měinǚ,2754
4,梦,mèng,2755
4,梦见,mèngjiàn,2756
4,梦想,mèngxiǎng,2757
4,秘密,mìmì,2758
4,秘书,mìshū,2759
4,密,mì,2760
4,密码,mìmǎ,2761
4,密切,mìqiè,2762
4,免费,miǎnfèi,2763
4,面临,miànlín,2764
4,面试,miànshì,2765
4,描述,miáoshù,2766
4,描写,miáoxiě,2767
4,名牌儿,míngpáir,2768
4,名片,míngpiàn,2769
4,名人,míngrén,2770
4,摸,mō,2771
4,模特儿,mótèr,2772
4,模型,móxíng,2773
4,末,mò,2774
4,默默,mòmò,2775
4,哪怕,nǎpà,2776
4,哪,na,2777
4,男女,nánnǚ,2778
4,男士,nánshì,2779
4,难免,nánmiǎn,2780
4,脑袋,nǎodai,2781
4,闹,nào,2782
4,闹钟,nàozhōng,2783
4,内部,nèibù,2784
4,内科,nèikē,2785
4,能干,nénggàn,2786
4,宁静,níngjìng,2787
4,浓,nóng,2788
4,女士,nǚshì,2789
4,暖气,nuǎnqì,2790
4,拍照,pāizhào,2791
4,排列,páiliè,2792
4,牌,pái,2793
4,盘,pán,2794
4,盘子,pánzi,2795
4,胖子,pàngzi,2796
4,培训,péixùn,2797
4,培训班,péixùnbān,2798
4,培养,péiyǎng,2799
4,培育,péiyù,2800
4,批,pī,2801
4,批,pī,2802
4,片面,piànmiàn,2803
4,品质,pǐnzhì,2804
4,平方,píngfāng,2805
4,平静,píngjìng,2806
4,平均,píngjūn,2807
4,平稳,píngwěn,2808
4,迫切,pòqiè,2809
4,破产,pòchǎn,2810
4,妻子,qīzi,2811
4,期待,qīdài,2812
4,期间,qījiān,2813
4,期末,qīmò,2814
4,期限,qīxiàn,2815
4,期中,qīzhōng,2816
4,其余,qíyú,2817
4,企业,qǐyè,2818
4,气球,qìqiú,2819
4,汽水,qìshuǐ,2820
4,汽油,qìyóu,2821
4,器官,qìguān,2822
4,前头,qiántou,2823
4,前途,qiántú,2824
4,浅,qiǎn,2825
4,巧克力,qiǎokèlì,2826
4,切,qiē,2827
4,亲爱,qīn'ài,2828
4,亲密,qīnmì,2829
4,青春,qīngchūn,2830
4,轻松,qīngsōng,2831
4,轻易,qīngyì,2832
4,清醒,qīngxǐng,2833
4,情景,qíngjǐng,2834
4,穷,qióng,2835
4,穷人,qióngrén,2836
4,秋季,qiūjì,2837
4,趋势,qūshì,2838
4,圈,quān,2839
4,权利,quánlì,2840
4,却,què,2841
4,确认,quèrèn,2842
4,然而,rán'ér,2843
4,燃料,ránliào,2844
4,燃烧,ránshāo,2845
4,热闹,rènao,2846
4,热心,rèxīn,2847
4,人家,rénjia,2848
4,日记,rìjì,2849
4,日历,rìlì,2850
4,如今,rújīn,2851
4,弱,ruò,2852
4,伞,sǎn,2853
4,散,sàn,2854
4,扫,sǎo,2855
4,色,sè,2856
4,色彩,sècǎi,2857
4,森林,sēnlín,2858
4,晒,shài,2859
4,闪,shǎn,2860
4,闪电,shǎndiàn,2861
4,善良,shànliáng,2862
4,善于,shànyú,2863
4,伤害,shānghài,2864
4,商务,shāngwù,2865
4,赏,shǎng,2866
4,上个月,shàng ge yuè,2867
4,上楼,shàng lóu,2868
4,上门,shàngmén,2869
4,烧,shāo,2870
4,设施,shèshī,2871
4,设置,shèzhì,2872
4,申请,shēnqǐng,2873
4,身材,shēncái,2874
4,身份,shēnfèn,2875
4,身高,shēngāo,2876
4,深厚,shēnhòu,2877
4,神话,shénhuà,2878
4,神秘,shénmì,2879
4,甚至,shènzhì,2880
4,失败,shībài,2881
4,失望,shīwàng,2882
4,失业,shīyè,2883
4,诗,shī,2884
4,诗人,shīrén,2885
4,湿,shī,2886
4,实施,shíshī,2887
4,实用,shíyòng,2888
4,食堂,shítáng,2889
4,使劲,shǐjìn,2890
4,士兵,shìbīng,2891
4,市区,shìqū,2892
4,似的,shìde,2893
4,事物,shìwù,2894
4,事先,shìxiān,2895
4,试卷,shìjuàn,2896
4,是否,shìfǒu,2897
4,收回,shōuhuí,2898
4,收获,shōuhuò,2899
4,收益,shōuyì,2900
4,手工,shǒugōng,2901
4,手里,shǒu li,2902
4,手术,shǒushù,2903
4,手套,shǒutào,2904
4,守,shǒu,2905
4,首,shǒu,2906
4,受不了,shòubuliǎo,2907
4,售货员,shòuhuòyuán,2908
4,叔叔,shūshu,2909
4,舒适,shūshì,2910
4,熟练,shúliàn,2911
4,暑假,shǔjià,2912
4,树林,shùlín,2913
4,树叶,shùyè,2914
4,数据,shùjù,2915
4,数码,shùmǎ,2916
4,刷,shuā,2917
4,刷牙,shuā yá,2918
4,刷子,shuāzi,2919
4,帅,shuài,2920
4,帅哥,shuàigē,2921
4,率先,shuàixiān,2922
4,睡着,shuìzháo,2923
4,顺序,shùnxù,2924
4,说不定,shuōbudìng,2925
4,说服,shuōfú,2926
4,思考,sīkǎo,2927
4,似乎,sìhū,2928
4,松,sōng,2929
4,松树,sōngshù,2930
4,塑料,sùliào,2931
4,塑料袋,sùliàodài,2932
4,酸,suān,2933
4,酸奶,suānnǎi,2934
4,随手,suíshǒu,2935
4,孙女,sūnnǚ,2936
4,孙子,sūnzi,2937
4,缩短,suōduǎn,2938
4,缩小,suōxiǎo,2939
4,台阶,táijiē,2940
4,台上,táishàng,2941
4,躺,tǎng,2942
4,套餐,tàocān,2943
4,特价,tèjià,2944
4,特殊,tèshū,2945
4,特征,tèzhēng,2946
4,提供,tígōng,2947
4,提醒,tíxǐng,2948
4,体操,tǐcāo,2949
4,体检,tǐjiǎn,2950
4,体重,tǐzhòng,2951
4,替,tì,2952
4,替代,tìdài,2953
4,天真,tiānzhēn,2954
4,填,tián,2955
4,填空,tiánkòng,2956
4,挑,tiāo,2957
4,挑选,tiāoxuǎn,2958
4,调皮,tiáopí,2959
4,挑,tiǎo,2960
4,挑战,tiǎozhàn,2961
4,贴,tiē,2962
4,停下,tíngxia,2963
4,挺,tǐng,2964
4,通知书,tōngzhīshū,2965
4,同情,tóngqíng,2966
4,童话,tónghuà,2967
4,童年,tóngnián,2968
4,统计,tǒngjì,2969
4,统一,tǒngyī,2970
4,痛快,tòngkuài,2971
4,投,tóu,2972
4,投入,tóurù,2973
4,投诉,tóusù,2974
4,投资,tóuzī,2975
4,透,tòu,2976
4,透明,tòumíng,2977
4,图案,tú'àn,2978
4,途中,túzhōng,2979
4,土地,tǔdì,2980
4,推迟,tuīchí,2981
4,推销,tuīxiāo,2982
4,脱,tuō,2983
4,袜子,wàzi,2984
4,外汇,wàihuì,2985
4,外交官,wàijiāoguān,2986
4,外套,wàitào,2987
4,弯,wān,2988
4,晚点,wǎndiǎn,2989
4,万一,wànyī,2990
4,王,wáng,2991
4,网络,wǎngluò,2992
4,网址,wǎngzhǐ,2993
4,微笑,wēixiào,2994
4,微信,wēixìn,2995
4,围巾,wéijīn,2996
4,维持,wéichí,2997
4,维护,wéihù,2998
4,维修,wéixiū,2999
4,尾巴,wěiba,3000
4,未必,wèibì,3001
4,未来,wèilái,3002
4,位于,wèiyú,3003
4,位置,wèizhì,3004
4,味儿,wèir,3005
4,喂,wèi,3006
4,稳,wěn,3007
4,稳定,wěndìng,3008
4,问候,wènhòu,3009
4,无,wú,3010
4,无法,wúfǎ,3011
4,无聊,wúliáo,3012
4,无论,wúlùn,3013
4,无数,wúshù,3014
4,无所谓,wúsuǒwèi,3015
4,无限,wúxiàn,3016
4,五颜六色,wǔyán-liùsè,3017
4,误会,wùhuì,3018
4,西瓜,xīguā,3019
4,吸,xī,3020
4,吸管,xīguǎn,3021
4,吸收,xīshōu,3022
4,吸烟,xīyān,3023
4,吸引,xīyǐn,3024
4,喜爱,xǐ'ài,3025
4,系列,xìliè,3026
4,系统,xìtǒng,3027
4,细,xì,3028
4,细节,xìjié,3029
4,细致,xìzhì,3030
4,下个月,xià ge yuè,3031
4,下降,xiàjiàng,3032
4,下楼,xià lóu,3033
4,下载,xiàzài,3034
4,夏季,xiàjì,3035
4,鲜,xiān,3036
4,鲜花,xiānhuā,3037
4,鲜明,xiānmíng,3038
4,咸,xián,3039
4,显著,xiǎnzhù,3040
4,县,xiàn,3041
4,限制,xiànzhì,3042
4,相处,xiāngchǔ,3043
4,相反,xiāngfǎn,3044
4,箱,xiāng,3045
4,箱子,xiāngzi,3046
4,想念,xiǎngniàn,3047
4,想象,xiǎngxiàng,3048
4,项,xiàng,3049
4,项目,xiàngmù,3050
4,相片,xiàngpiàn,3051
4,消化,xiāohuà,3052
4,销售,xiāoshòu,3053
4,小吃,xiǎochī,3054
4,小伙子,xiǎohuǒzi,3055
4,小型,xiǎoxíng,3056
4,效率,xiàolǜ,3057
4,些,xiē,3058
4,心理,xīnlǐ,3059
4,新郎,xīnláng,3060
4,新娘,xīnniáng,3061
4,新鲜,xīnxiān,3062
4,新型,xīnxíng,3063
4,兴奋,xīngfèn,3064
4,形容,xíngróng,3065
4,形势,xíngshì,3066
4,型,xíng,3067
4,型号,xínghào,3068
4,醒,xǐng,3069
4,兴趣,xìngqù,3070
4,性质,xìngzhì,3071
4,兄弟,xiōngdì,3072
4,胸部,xiōngbù,3073
4,修理,xiūlǐ,3074
4,选择,xuǎnzé,3075
4,学分,xuéfēn,3076
4,学年,xuénián,3077
4,学时,xuéshí,3078
4,学术,xuéshù,3079
4,学问,xuéwen,3080
4,寻找,xúnzhǎo,3081
4,迅速,xùnsù,3082
4,牙,yá,3083
4,牙刷,yáshuā,3084
4,亚运会,Yàyùnhuì,3085
4,呀,ya,3086
4,延长,yáncháng,3087
4,延期,yánqī,3088
4,延续,yánxù,3089
4,严,yán,3090
4,严格,yángé,3091
4,严重,yánzhòng,3092
4,研究,yánjiū,3093
4,研究生,yánjiūshēng,3094
4,研制,yánzhì,3095
4,盐,yán,3096
4,眼镜,yǎnjìng,3097
4,眼泪,yǎnlèi,3098
4,眼里,yǎnli,3099
4,演讲,yǎnjiǎng,3100
4,阳台,yángtái,3101
4,养成,yǎngchéng,3102
4,腰,yāo,3103
4,摇,yáo,3104
4,药物,yàowù,3105
4,要,yào,3106
4,业余,yèyú,3107
4,叶子,yèzi,3108
4,医疗,yīliáo,3109
4,医学,yīxué,3110
4,依靠,yīkào,3111
4,依然,yīrán,3112
4,一律,yīlǜ,3113
4,一再,yīzài,3114
4,一致,yīzhì,3115
4,移,yí,3116
4,移动,yídòng,3117
4,移民,yímín,3118
4,遗产,yíchǎn,3119
4,遗传,yíchuán,3120
4,疑问,yíwèn,3121
4,以及,yǐjí,3122
4,以内,yǐnèi,3123
4,一般来说,yībānláishuō,3124
4,义务,yìwù,3125
4,议论,yìlùn,3126
4,引,yǐn,3127
4,引导,yǐndǎo,3128
4,引进,yǐnjìn,3129
4,引起,yǐnqǐ,3130
4,应,yīng,3131
4,英勇,yīngyǒng,3132
4,营业,yíngyè,3133
4,赢得,yíngdé,3134
4,影子,yǐngzi,3135
4,勇敢,yǒnggǎn,3136
4,勇气,yǒngqì,3137
4,用途,yòngtú,3138
4,优良,yōuliáng,3139
4,优美,yōuměi,3140
4,优秀,yōuxiù,3141
4,邮局,yóujú,3142
4,有劲儿,yǒujìnr,3143
4,有趣,yǒuqù,3144
4,有限,yǒuxiàn,3145
4,幼儿园,yòu'éryuán,3146
4,于是,yúshì,3147
4,语法,yǔfǎ,3148
4,语音,yǔyīn,3149
4,玉,yù,3150
4,玉米,yùmǐ,3151
4,预测,yùcè,3152
4,预订,yùdìng,3153
4,遇,yù,3154
4,遇到,yùdào,3155
4,遇见,yùjiàn,3156
4,原料,yuánliào,3157
4,原则,yuánzé,3158
4,圆,yuán,3159
4,圆满,yuánmǎn,3160
4,约会,yuēhuì,3161
4,月底,yuèdǐ,3162
4,阅读,yuèdú,3163
4,运动会,yùndònghuì,3164
4,运动员,yùndòngyuán,3165
4,运气,yùnqi,3166
4,运用,yùnyòng,3167
4,再三,zàisān,3168
4,在乎,zàihu,3169
4,在于,zàiyú,3170
4,赞成,zànchéng,3171
4,赞赏,zànshǎng,3172
4,赞助,zànzhù,3173
4,造型,zàoxíng,3174
4,战斗,zhàndòu,3175
4,战胜,zhànshèng,3176
4,战士,zhànshì,3177
4,战争,zhànzhēng,3178
4,丈夫,zhàngfu,3179
4,招呼,zhāohu,3180
4,着,zháo,3181
4,着火,zháohuǒ,3182
4,着急,zháojí,3183
4,召开,zhàokāi,3184
4,折,zhé,3185
4,针,zhēn,3186
4,针对,zhēnduì,3187
4,阵,zhèn,3188
4,争论,zhēnglùn,3189
4,征服,zhēngfú,3190
4,征求,zhēngqiú,3191
4,政府,zhèngfǔ,3192
4,政治,zhèngzhì,3193
4,之后,zhīhòu,3194
4,之间,zhījiān,3195
4,之前,zhīqián,3196
4,之一,zhīyī,3197
4,支,zhī,3198
4,植物,zhíwù,3199
4,指挥,zhǐhuī,3200
4,制订,zhìdìng,3201
4,质量,zhìliàng,3202
4,治,zhì,3203
4,治疗,zhìliáo,3204
4,智力,zhìlì,3205
4,智能,zhìnéng,3206
4,中介,zhōngjiè,3207
4,种类,zhǒnglèi,3208
4,中奖,zhòngjiǎng,3209
4,种,zhòng,3210
4,种植,zhòngzhí,3211
4,重量,zhòngliàng,3212
4,逐步,zhúbù,3213
4,逐渐,zhújiàn,3214
4,主题,zhǔtí,3215
4,主席,zhǔxí,3216
4,祝福,zhùfú,3217
4,著名,zhùmíng,3218
4,著作,zhùzuò,3219
4,抓紧,zhuājǐn,3220
4,专心,zhuānxīn,3221
4,转动,zhuǎndòng,3222
4,转告,zhuǎngào,3223
4,转身,zhuǎnshēn,3224
4,转弯,zhuǎnwān,3225
4,转移,zhuǎnyí,3226
4,装修,zhuāngxiū,3227
4,装置,zhuāngzhì,3228
4,追求,zhuīqiú,3229
4,准时,zhǔnshí,3230
4,资料,zīliào,3231
4,资源,zīyuán,3232
4,自,zì,3233
4,自信,zìxìn,3234
4,字母,zìmǔ,3235
4,综合,zōnghé,3236
4,总共,zǒnggòng,3237
4,总理,zǒnglǐ,3238
4,总统,zǒngtǒng,3239
4,总之,zǒngzhī,3240
4,阻止,zǔzhǐ,3241
4,嘴巴,zuǐba,3242
4,最初,zuìchū,3243
4,作出,zuòchū,3244
4,作为,zuòwéi,3245
4,做梦,zuòmèng,3246
5,安慰,ānwèi,3247
5,岸,àn,3248
5,岸上,àn shang,3249
5,按摩,ànmó,3250
5,拔,bá,3251
5,白酒,báijiǔ,3252
5,拜访,bàifǎng,3253
5,版,bǎn,3254
5,扮演,bànyǎn,3255
5,棒,bàng,3256
5,包围,bāowéi,3257
5,包装,bāozhuāng,3258
5,保卫,bǎowèi,3259
5,保养,bǎoyǎng,3260
5,报答,bàodá,3261
5,报警,bàojǐng,3262
5,抱怨,bàoyuàn,3263
5,背包,bēibāo,3264
5,悲剧,bēijù,3265
5,悲伤,bēishāng,3266
5,北极,běijí,3267
5,被动,bèidòng,3268
5,辈,bèi,3269
5,本人,běnrén,3270
5,鼻子,bízi,3271
5,比方,bǐfang,3272
5,比重,bǐzhòng,3273
5,彼此,bǐcǐ,3274
5,必,bì,3275
5,必需,bìxū,3276
5,毕竟,bìjìng,3277
5,闭幕,bìmù,3278
5,闭幕式,bìmùshì,3279
5,边境,biānjìng,3280
5,编辑,biānjí,3281
5,编辑,biānji,3282
5,变动,biàndòng,3283
5,便利,biànlì,3284
5,便条,biàntiáo,3285
5,便于,biànyú,3286
5,宾馆,bīnguǎn,3287
5,饼,bǐng,3288
5,饼干,bǐnggān,3289
5,病毒,bìngdú,3290
5,玻璃,bōli,3291
5,博客,bókè,3292
5,博览会,bólǎnhuì,3293
5,博士,bóshì,3294
5,博物馆,bówùguǎn,3295
5,薄弱,bóruò,3296
5,不顾,bùgù,3297
5,不利,bùlì,3298
5,不耐烦,bù nàifán,3299
5,不幸,bùxìng,3300
5,不易,bùyì,3301
5,补偿,bǔcháng,3302
5,补贴,bǔtiē,3303
5,不曾,bùcéng,3304
5,不得了,bùdéliǎo,3305
5,不敢当,bùgǎndāng,3306
5,不良,bùliáng,3307
5,不免,bùmiǎn,3308
5,不能不,bù néng bù,3309
5,不时,bùshí,3310
5,不停,bù tíng,3311
5,不许,bùxǔ,3312
5,不止,bùzhǐ,3313
5,不足,bùzú,3314
5,部位,bùwèi,3315
5,猜,cāi,3316
5,猜测,cāicè,3317
5,裁判,cáipàn,3318
5,采购,cǎigòu,3319
5,彩票,cǎipiào,3320
5,餐馆,cānguǎn,3321
5,餐厅,cāntīng,3322
5,餐饮,cānyǐn,3323
5,草原,cǎoyuán,3324
5,册,cè,3325
5,层次,céngcì,3326
5,叉,chā,3327
5,叉子,chāzi,3328
5,差别,chābié,3329
5,差距,chājù,3330
5,插,chā,3331
5,查询,cháxún,3332
5,差（一）点儿,chà(yī)diǎnr,3333
5,拆,chāi,3334
5,拆除,chāichú,3335
5,产业,chǎnyè,3336
5,长度,chángdù,3337
5,长寿,chángshòu,3338
5,肠,cháng,3339
5,尝,cháng,3340
5,尝试,chángshì,3341
5,厂长,chǎngzhǎng,3342
5,场面,chǎngmiàn,3343
5,倡导,chàngdǎo,3344
5,超越,chāoyuè,3345
5,车主,chēzhǔ,3346
5,称2,chēng,3347
5,称号,chēnghào,3348
5,成本,chéngběn,3349
5,成交,chéngjiāo,3350
5,成效,chéngxiào,3351
5,成语,chéngyǔ,3352
5,承办,chéngbàn,3353
5,城里,chénglǐ,3354
5,乘,chéng,3355
5,乘车,chéng chē,3356
5,乘客,chéngkè,3357
5,乘坐,chéngzuò,3358
5,吃力,chīlì,3359
5,池子,chízi,3360
5,迟,chí,3361
5,冲动,chōngdòng,3362
5,冲突,chōngtū,3363
5,充足,chōngzú,3364
5,愁,chóu,3365
5,丑,chǒu,3366
5,臭,chòu,3367
5,出版,chūbǎn,3368
5,出差,chūchāi,3369
5,出汗,chūhàn,3370
5,出于,chūyú,3371
5,初期,chūqī,3372
5,除非,chúfēi,3373
5,除夕,chúxī,3374
5,厨房,chúfáng,3375
5,处罚,chǔfá,3376
5,处分,chǔfèn,3377
5,处在,chǔzài,3378
5,传达,chuándá,3379
5,传递,chuándì,3380
5,传真,chuánzhēn,3381
5,窗帘,chuānglián,3382
5,闯,chuǎng,3383
5,创立,chuànglì,3384
5,辞典,cídiǎn,3385
5,辞职,cízhí,3386
5,此后,cǐhòu,3387
5,此刻,cǐkè,3388
5,此时,cǐshí,3389
5,聪明,cōngmíng,3390
5,从而,cóng'ér,3391
5,从中,cóngzhōng,3392
5,脆,cuì,3393
5,存款,cúnkuǎn,3394
5,寸,cùn,3395
5,达成,dáchéng,3396
5,答,dá,3397
5,答复,dáfù,3398
5,打,dǎ,3399
5,打扮,dǎban,3400
5,打包,dǎbāo,3401
5,打击,dǎjī,3402
5,打架,dǎjià,3403
5,打扰,dǎrǎo,3404
5,大胆,dàdǎn,3405
5,大都,dàdū,3406
5,大纲,dàgāng,3407
5,大伙儿,dàhuǒr,3408
5,大奖赛,dàjiǎngsài,3409
5,大脑,dànǎo,3410
5,大事,dàshì,3411
5,大厅,dàtīng,3412
5,大象,dàxiàng,3413
5,大熊猫,dàxióngmāo,3414
5,大于,dàyú,3415
5,大致,dàzhì,3416
5,呆,dāi,3417
5,待,dāi,3418
5,代价,dàijià,3419
5,代理,dàilǐ,3420
5,带有,dàiyǒu,3421
5,贷款,dàikuǎn,3422
5,单一,dānyī,3423
5,胆,dǎn,3424
5,胆小,dǎnxiǎo,3425
5,蛋糕,dàngāo,3426
5,当场,dāngchǎng,3427
5,当代,dāngdài,3428
5,当年,dāngnián,3429
5,当前,dāngqián,3430
5,当选,dāngxuǎn,3431
5,挡,dǎng,3432
5,到来,dàolái,3433
5,倒是,dàoshì,3434
5,道德,dàodé,3435
5,得了,déle,3436
5,得以,déyǐ,3437
5,等候,děnghòu,3438
5,等级,děngjí,3439
5,低于,dīyú,3440
5,地带,dìdài,3441
5,地形,dìxíng,3442
5,地震,dìzhèn,3443
5,递,dì,3444
5,递给,dì gěi,3445
5,典礼,diǎnlǐ,3446
5,点燃,diǎnrán,3447
5,电池,diànchí,3448
5,电饭锅,diànfànguō,3449
5,电子版,diànzǐbǎn,3450
5,调动,diàodòng,3451
5,丢,diū,3452
5,动机,dòngjī,3453
5,动手,dòngshǒu,3454
5,动态,dòngtài,3455
5,动员,dòngyuán,3456
5,冻,dòng,3457
5,洞,dòng,3458
5,豆制品,dòuzhìpǐn,3459
5,毒,dú,3460
5,堆,duī,3461
5,对立,duìlì,3462
5,对应,duìyìng,3463
5,吨,dūn,3464
5,朵,duǒ,3465
5,躲,duǒ,3466
5,儿女,érnǚ,3467
5,耳朵,ěrduo,3468
5,二维码,èrwéimǎ,3469
5,发布,fābù,3470
5,发觉,fājué,3471
5,发射,fāshè,3472
5,发行,fāxíng,3473
5,罚,fá,3474
5,罚款,fákuǎn,3475
5,法规,fǎguī,3476
5,法制,fǎzhì,3477
5,繁荣,fánróng,3478
5,返回,fǎnhuí,3479
5,防治,fángzhì,3480
5,放大,fàngdà,3481
5,放弃,fàngqì,3482
5,分成,fēnchéng,3483
5,分解,fēnjiě,3484
5,分类,fēnlèi,3485
5,分离,fēnlí,3486
5,分析,fēnxī,3487
5,分享,fēnxiǎng,3488
5,丰收,fēngshōu,3489
5,风度,fēngdù,3490
5,风光,fēngguāng,3491
5,封,fēng,3492
5,疯,fēng,3493
5,疯狂,fēngkuáng,3494
5,扶,fú,3495
5,服从,fúcóng,3496
5,幅,fú,3497
5,幅度,fúdù,3498
5,福利,fúlì,3499
5,辅助,fǔzhù,3500
5,负责人,fùzérén,3501
5,附件,fùjiàn,3502
5,改革,gǎigé,3503
5,干脆,gāncuì,3504
5,干扰,gānrǎo,3505
5,干预,gānyù,3506
5,感想,gǎnxiǎng,3507
5,钢笔,gāngbǐ,3508
5,钢琴,gāngqín,3509
5,高大,gāodà,3510
5,高度,gāodù,3511
5,高跟鞋,gāogēnxié,3512
5,高温,gāowēn,3513
5,高于,gāoyú,3514
5,高原,gāoyuán,3515
5,搞,gǎo,3516
5,搞好,gǎohǎo,3517
5,歌曲,gēqǔ,3518
5,隔壁,gébì,3519
5,个儿,gèr,3520
5,跟前,gēnqián,3521
5,跟随,gēnsuí,3522
5,更换,gēnghuàn,3523
5,更新,gēngxīn,3524
5,工艺,gōngyì,3525
5,工作日,gōngzuòrì,3526
5,公告,gōnggào,3527
5,公认,gōngrèn,3528
5,公式,gōngshì,3529
5,公正,gōngzhèng,3530
5,共计,gòngjì,3531
5,共享,gòngxiǎng,3532
5,沟,gōu,3533
5,沟通,gōutōng,3534
5,估计,gūjì,3535
5,古老,gǔlǎo,3536
5,鼓,gǔ,3537
5,鼓励,gǔlì,3538
5,鼓掌,gǔzhǎng,3539
5,顾问,gùwèn,3540
5,怪,guài,3541
5,关怀,guānhuái,3542
5,关键,guānjiàn,3543
5,冠军,guànjūn,3544
5,光荣,guāngróng,3545
5,光线,guāngxiàn,3546
5,广,guǎng,3547
5,广泛,guǎngfàn,3548
5,规划,guīhuà,3549
5,鬼,guǐ,3550
5,柜子,guìzi,3551
5,滚,gǔn,3552
5,锅,guō,3553
5,国籍,guójí,3554
5,国民,guómín,3555
5,过度,guòdù,3556
5,过敏,guòmǐn,3557
5,过于,guòyú,3558
5,害,hài,3559
5,汗,hàn,3560
5,好运,hǎoyùn,3561
5,号召,hàozhào,3562
5,合并,hébìng,3563
5,合成,héchéng,3564
5,盒,hé,3565
5,盒饭,héfàn,3566
5,盒子,hézi,3567
5,贺卡,hèkǎ,3568
5,恨,hèn,3569
5,猴,hóu,3570
5,后悔,hòuhuǐ,3571
5,胡同儿,hútòngr,3572
5,胡子,húzi,3573
5,虎,hǔ,3574
5,华语,Huáyǔ,3575
5,滑,huá,3576
5,化石,huàshí,3577
5,划分,huàfēn,3578
5,画面,huàmiàn,3579
5,环节,huánjié,3580
5,慌,huāng,3581
5,慌忙,huāngmáng,3582
5,灰色,huīsè,3583
5,恢复,huīfù,3584
5,回报,huíbào,3585
5,回避,huíbì,3586
5,回顾,huígù,3587
5,回收,huíshōu,3588
5,回头,huítóu,3589
5,回信,huíxìn,3590
5,回忆,huíyì,3591
5,汇款,huìkuǎn,3592
5,会谈,huìtán,3593
5,活力,huólì,3594
5,活泼,huópō,3595
5,火柴,huǒchái,3596
5,火腿,huǒtuǐ,3597
5,火灾,huǒzāi,3598
5,或是,huòshì,3599
5,机器人,jīqìrén,3600
5,机制,jīzhì,3601
5,肌肉,jīròu,3602
5,基地,jīdì,3603
5,基金,jījīn,3604
5,即使,jíshǐ,3605
5,集团,jítuán,3606
5,挤,jǐ,3607
5,记忆,jìyì,3608
5,技能,jìnéng,3609
5,继承,jìchéng,3610
5,加热,jiārè,3611
5,加上,jiāshàng,3612
5,加速,jiāsù,3613
5,加以,jiāyǐ,3614
5,夹,jiā,3615
5,甲,jiǎ,3616
5,价,jià,3617
5,驾驶,jiàshǐ,3618
5,驾照,jiàzhào,3619
5,坚定,jiāndìng,3620
5,肩,jiān,3621
5,艰苦,jiānkǔ,3622
5,艰难,jiānnán,3623
5,检验,jiǎnyàn,3624
5,减轻,jiǎnqīng,3625
5,剪,jiǎn,3626
5,剪刀,jiǎndāo,3627
5,剪子,jiǎnzi,3628
5,间接,jiànjiē,3629
5,建造,jiànzào,3630
5,建筑,jiànzhù,3631
5,健全,jiànquán,3632
5,键,jiàn,3633
5,键盘,jiànpán,3634
5,将,jiāng,3635
5,将要,jiāngyào,3636
5,奖励,jiǎnglì,3637
5,交代,jiāodài,3638
5,郊区,jiāoqū,3639
5,胶带,jiāodài,3640
5,胶水,jiāoshuǐ,3641
5,脚步,jiǎobù,3642
5,接触,jiēchù,3643
5,接连,jiēlián,3644
5,解除,jiěchú,3645
5,解放,jiěfàng,3646
5,戒,jiè,3647
5,届,jiè,3648
5,今日,jīnrì,3649
5,尽管,jǐnguǎn,3650
5,紧紧,jǐnjǐn,3651
5,尽可能,jìn kěnéng,3652
5,进化,jìnhuà,3653
5,近来,jìnlái,3654
5,经费,jīngfèi,3655
5,景象,jǐngxiàng,3656
5,警告,jǐnggào,3657
5,竞赛,jìngsài,3658
5,竞争,jìngzhēng,3659
5,酒鬼,jiǔguǐ,3660
5,救灾,jiùzāi,3661
5,居然,jūrán,3662
5,局面,júmiàn,3663
5,局长,júzhǎng,3664
5,举动,jǔdòng,3665
5,拒绝,jùjué,3666
5,俱乐部,jùlèbù,3667
5,剧本,jùběn,3668
5,决不,jué bù,3669
5,绝望,juéwàng,3670
5,军人,jūnrén,3671
5,开幕,kāimù,3672
5,开幕式,kāimùshì,3673
5,看成,kànchéng,3674
5,看出,kànchū,3675
5,看待,kàndài,3676
5,考核,kǎohé,3677
5,烤肉,kǎoròu,3678
5,烤鸭,kǎoyā,3679
5,靠近,kàojìn,3680
5,颗,kē,3681
5,咳,ké,3682
5,可,kě,3683
5,可怜,kělián,3684
5,可惜,kěxī,3685
5,渴望,kěwàng,3686
5,刻,kè,3687
5,客户,kèhù,3688
5,客气,kèqi,3689
5,客厅,kètīng,3690
5,课题,kètí,3691
5,肯定,kěndìng,3692
5,空中,kōngzhōng,3693
5,控制,kòngzhì,3694
5,口号,kǒuhào,3695
5,库,kù,3696
5,快活,kuàihuo,3697
5,宽度,kuāndù,3698
5,狂,kuáng,3699
5,亏,kuī,3700
5,困扰,kùnrǎo,3701
5,落,là,3702
5,来信,láixìn,3703
5,烂,làn,3704
5,朗读,lǎngdú,3705
5,浪漫,làngmàn,3706
5,劳动,láodòng,3707
5,梨,lí,3708
5,礼,lǐ,3709
5,礼拜,lǐbài,3710
5,礼貌,lǐmào,3711
5,厉害,lìhai,3712
5,立,lì,3713
5,立场,lìchǎng,3714
5,利润,lìrùn,3715
5,例外,lìwài,3716
5,连接,liánjiē,3717
5,联络,liánluò,3718
5,联想,liánxiǎng,3719
5,脸盆,liǎnpén,3720
5,脸色,liǎnsè,3721
5,恋爱,liàn'ài,3722
5,两岸,liǎng'àn,3723
5,邻居,línjū,3724
5,铃,líng,3725
5,铃声,língshēng,3726
5,领带,lǐngdài,3727
5,令,lìng,3728
5,流动,liúdòng,3729
5,流通,liútōng,3730
5,漏,lòu,3731
5,漏洞,lòudòng,3732
5,逻辑,luójí,3733
5,落实,luòshí,3734
5,码头,mǎtóu,3735
5,骂,mà,3736
5,买卖,mǎimai,3737
5,漫长,màncháng,3738
5,漫画,mànhuà,3739
5,毛笔,máobǐ,3740
5,矛盾,máodùn,3741
5,冒,mào,3742
5,贸易,màoyì,3743
5,煤,méi,3744
5,煤气,méiqì,3745
5,门诊,ménzhěn,3746
5,迷人,mírén,3747
5,迷信,míxìn,3748
5,面貌,miànmào,3749
5,面子,miànzi,3750
5,秒,miǎo,3751
5,敏感,mǐngǎn,3752
5,明亮,míngliàng,3753
5,明明,míngmíng,3754
5,命令,mìnglìng,3755
5,模范,mófàn,3756
5,模仿,mófǎng,3757
5,模糊,móhu,3758
5,模式,móshì,3759
5,摩擦,mócā,3760
5,摩托,mótuō,3761
5,模样,múyàng,3762
5,目光,mùguāng,3763
5,耐心,nàixīn,3764
5,男性,nánxìng,3765
5,南北,nánběi,3766
5,南极,nánjí,3767
5,难得,nándé,3768
5,难以,nányǐ,3769
5,脑子,nǎozi,3770
5,内在,nèizài,3771
5,能量,néngliàng,3772
5,年度,niándù,3773
5,年龄,niánlíng,3774
5,年前,niánqián,3775
5,牛,niú,3776
5,牛仔裤,niúzǎikù,3777
5,农产品,nóngchǎnpǐn,3778
5,女性,nǚxìng,3779
5,暖,nuǎn,3780
5,偶尔,ǒu'ěr,3781
5,偶然,ǒurán,3782
5,偶像,ǒuxiàng,3783
5,拍摄,pāishè,3784
5,排除,páichú,3785
5,旁,páng,3786
5,陪,péi,3787
5,赔,péi,3788
5,赔偿,péicháng,3789
5,配备,pèibèi,3790
5,配套,pèitào,3791
5,喷,pēn,3792
5,盆,pén,3793
5,披,pī,3794
5,皮肤,pífū,3795
5,皮鞋,píxié,3796
5,脾气,píqi,3797
5,匹,pǐ,3798
5,骗,piàn,3799
5,骗子,piànzi,3800
5,拼,pīn,3801
5,频道,píndào,3802
5,频繁,pínfán,3803
5,品,pǐn,3804
5,品（工艺品）,pǐn (gōngyìpǐn),3805
5,品种,pǐnzhǒng,3806
5,平坦,píngtǎn,3807
5,平原,píngyuán,3808
5,评估,pínggū,3809
5,评论,pínglùn,3810
5,凭,píng,3811
5,泼,pō,3812
5,葡萄,pútao,3813
5,葡萄酒,pútaojiǔ,3814
5,期望,qīwàng,3815
5,齐全,qíquán,3816
5,其,qí,3817
5,启动,qǐdòng,3818
5,启发,qǐfā,3819
5,启事,qǐshì,3820
5,起到,qǐdào,3821
5,起码,qǐmǎ,3822
5,气体,qìtǐ,3823
5,气象,qìxiàng,3824
5,签,qiān,3825
5,签订,qiāndìng,3826
5,签名,qiānmíng,3827
5,签约,qiānyuē,3828
5,签证,qiānzhèng,3829
5,签字,qiānzì,3830
5,前景,qiánjǐng,3831
5,前提,qiántí,3832
5,欠,qiàn,3833
5,枪,qiāng,3834
5,强度,qiángdù,3835
5,墙壁,qiángbì,3836
5,抢,qiǎng,3837
5,抢救,qiǎngjiù,3838
5,强迫,qiǎngpò,3839
5,悄悄,qiāoqiāo,3840
5,敲,qiāo,3841
5,敲门,qiāo mén,3842
5,瞧,qiáo,3843
5,琴,qín,3844
5,勤奋,qínfèn,3845
5,青,qīng,3846
5,清晨,qīngchén,3847
5,清理,qīnglǐ,3848
5,情节,qíngjié,3849
5,情形,qíngxing,3850
5,晴朗,qínglǎng,3851
5,区域,qūyù,3852
5,全都,quándōu,3853
5,全世界,quán shìjiè,3854
5,泉,quán,3855
5,劝,quàn,3856
5,缺乏,quēfá,3857
5,确立,quèlì,3858
5,群体,qúntǐ,3859
5,群众,qúnzhòng,3860
5,染,rǎn,3861
5,绕,rào,3862
5,热量,rèliàng,3863
5,热门,rèmén,3864
5,人间,rénjiān,3865
5,人力,rénlì,3866
5,人士,rénshì,3867
5,人物,rénwù,3868
5,忍,rěn,3869
5,忍不住,rěn bu zhù,3870
5,忍受,rěnshòu,3871
5,认,rèn,3872
5,认定,rèndìng,3873
5,扔,rēng,3874
5,仍旧,réngjiù,3875
5,如此,rúcǐ,3876
5,如同,rútóng,3877
5,如下,rúxià,3878
5,入门,rùmén,3879
5,软,ruǎn,3880
5,软件,ruǎnjiàn,3881
5,洒,sǎ,3882
5,散,sǎn,3883
5,散文,sǎnwén,3884
5,杀,shā,3885
5,杀毒,shādú,3886
5,沙漠,shāmò,3887
5,傻,shǎ,3888
5,山区,shānqū,3889
5,扇,shān,3890
5,扇,shàn,3891
5,扇子,shànzi,3892
5,商标,shāngbiāo,3893
5,上级,shàngjí,3894
5,上下,shàngxià,3895
5,上涨,shàngzhǎng,3896
5,稍,shāo,3897
5,稍微,shāowēi,3898
5,蛇,shé,3899
5,舍不得,shěbude,3900
5,舍得,shěde,3901
5,设想,shèxiǎng,3902
5,社,shè,3903
5,社区,shèqū,3904
5,射,shè,3905
5,射击,shèjī,3906
5,摄像,shèxiàng,3907
5,摄像机,shèxiàngjī,3908
5,摄影,shèyǐng,3909
5,摄影师,shèyǐngshī,3910
5,伸,shēn,3911
5,深处,shēnchù,3912
5,深度,shēndù,3913
5,神,shén,3914
5,神经,shénjīng,3915
5,神奇,shénqí,3916
5,神情,shénqíng,3917
5,升高,shēnggāo,3918
5,生成,shēngchéng,3919
5,声,shēng,3920
5,胜负,shèngfù,3921
5,剩,shèng,3922
5,剩下,shèngxia,3923
5,失误,shīwù,3924
5,师傅,shīfu,3925
5,诗歌,shīgē,3926
5,十足,shízú,3927
5,时常,shícháng,3928
5,时光,shíguāng,3929
5,时机,shíjī,3930
5,时事,shíshì,3931
5,实惠,shíhuì,3932
5,拾,shí,3933
5,使得,shǐde,3934
5,示范,shìfàn,3935
5,式,shì,3936
5,势力,shìlì,3937
5,试图,shìtú,3938
5,视频,shìpín,3939
5,视为,shìwéi,3940
5,收购,shōugòu,3941
5,收集,shōují,3942
5,收拾,shōushi,3943
5,手段,shǒuduàn,3944
5,手法,shǒufǎ,3945
5,寿司,shòusī,3946
5,受灾,shòuzāi,3947
5,瘦,shòu,3948
5,书法,shūfǎ,3949
5,书柜,shūguì,3950
5,书桌,shūzhuō,3951
5,输出,shūchū,3952
5,蔬菜,shūcài,3953
5,熟悉,shúxi,3954
5,鼠,shǔ,3955
5,鼠标,shǔbiāo,3956
5,数目,shùmù,3957
5,摔,shuāi,3958
5,摔倒,shuāidǎo,3959
5,率领,shuàilǐng,3960
5,双手,shuāng shǒu,3961
5,水产品,shuǐchǎnpǐn,3962
5,水分,shuǐfèn,3963
5,水库,shuǐkù,3964
5,水灾,shuǐzāi,3965
5,睡眠,shuìmián,3966
5,说法,shuōfǎ,3967
5,硕士,shuòshì,3968
5,私人,sīrén,3969
5,思维,sīwéi,3970
5,四周,sìzhōu,3971
5,搜,sōu,3972
5,搜索,sōusuǒ,3973
5,宿舍,sùshè,3974
5,酸甜苦辣,suān-tián-kǔ-là,3975
5,随后,suíhòu,3976
5,随意,suíyì,3977
5,随着,suízhe,3978
5,岁月,suìyuè,3979
5,碎,suì,3980
5,损害,sǔnhài,3981
5,损失,sǔnshī,3982
5,所在,suǒzài,3983
5,锁,suǒ,3984
5,台风,táifēng,3985
5,抬,tái,3986
5,抬头,táitóu,3987
5,太空,tàikōng,3988
5,弹,tán,3989
5,逃,táo,3990
5,逃跑,táopǎo,3991
5,逃走,táozǒu,3992
5,桃,táo,3993
5,桃花,táohuā,3994
5,桃树,táoshù,3995
5,讨厌,tǎoyàn,3996
5,特定,tèdìng,3997
5,特性,tèxìng,3998
5,特有,tèyǒu,3999
5,提倡,tíchàng,4000
5,提起,tíqǐ,4001
5,提示,tíshì,4002
5,题材,tícái,4003
5,体积,tǐjī,4004
5,体力,tǐlì,4005
5,天才,tiāncái,4006
5,天然气,tiānránqì,4007
5,天文,tiānwén,4008
5,调节,tiáojié,4009
5,调解,tiáojiě,4010
5,厅,tīng,4011
5,停留,tíngliú,4012
5,通用,tōngyòng,4013
5,偷,tōu,4014
5,偷偷,tōutōu,4015
5,突破,tūpò,4016
5,土豆,tǔdòu,4017
5,吐,tǔ,4018
5,吐,tù,4019
5,兔,tù,4020
5,团长,tuánzhǎng,4021
5,推行,tuīxíng,4022
5,脱离,tuōlí,4023
5,外界,wàijiè,4024
5,完了,wánle,4025
5,微博,wēibó,4026
5,为难,wéinán,4027
5,为期,wéiqī,4028
5,为止,wéizhǐ,4029
5,为主,wéizhǔ,4030
5,违法,wéifǎ,4031
5,违反,wéifǎn,4032
5,违规,wéiguī,4033
5,围绕,wéirào,4034
5,唯一,wéiyī,4035
5,委托,wěituō,4036
5,卫星,wèixīng,4037
5,胃,wèi,4038
5,慰问,wèiwèn,4039
5,温和,wēnhé,4040
5,文艺,wényì,4041
5,卧室,wòshì,4042
5,握,wò,4043
5,污染,wūrǎn,4044
5,污水,wūshuǐ,4045
5,屋,wū,4046
5,无奈,wúnài,4047
5,无疑,wúyí,4048
5,舞,wǔ,4049
5,物价,wùjià,4050
5,物业,wùyè,4051
5,物质,wùzhì,4052
5,误解,wùjiě,4053
5,西红柿,xīhóngshì,4054
5,西装,xīzhuāng,4055
5,喜剧,xǐjù,4056
5,戏,xì,4057
5,戏剧,xìjù,4058
5,吓,xià,4059
5,先后,xiānhòu,4060
5,先前,xiānqián,4061
5,鲜艳,xiānyàn,4062
5,闲,xián,4063
5,显,xiǎn,4064
5,现有,xiànyǒu,4065
5,现状,xiànzhuàng,4066
5,线索,xiànsuǒ,4067
5,献,xiàn,4068
5,乡,xiāng,4069
5,乡村,xiāngcūn,4070
5,相等,xiāngděng,4071
5,相应,xiāngyìng,4072
5,香肠,xiāngcháng,4073
5,详细,xiángxì,4074
5,享受,xiǎngshòu,4075
5,向导,xiàngdǎo,4076
5,向前,xiàng qián,4077
5,向上,xiàngshàng,4078
5,相声,xiàngsheng,4079
5,象征,xiàngzhēng,4080
5,消除,xiāochú,4081
5,消毒,xiāodú,4082
5,消防,xiāofáng,4083
5,消费者,xiāofèizhě,4084
5,消极,xiāojí,4085
5,小偷儿,xiǎotōur,4086
5,歇,xiē,4087
5,协议,xiéyì,4088
5,协议书,xiéyìshū,4089
5,斜,xié,4090
5,心态,xīntài,4091
5,心疼,xīnténg,4092
5,辛苦,xīnkǔ,4093
5,欣赏,xīnshǎng,4094
5,信念,xìnniàn,4095
5,信箱,xìnxiāng,4096
5,行驶,xíngshǐ,4097
5,形态,xíngtài,4098
5,性能,xìngnéng,4099
5,雄伟,xióngwěi,4100
5,熊,xióng,4101
5,休闲,xiūxián,4102
5,修复,xiūfù,4103
5,修建,xiūjiàn,4104
5,修养,xiūyǎng,4105
5,虚心,xūxīn,4106
5,许可,xǔkě,4107
5,选修,xuǎnxiū,4108
5,学科,xuékē,4109
5,学位,xuéwèi,4110
5,学者,xuézhě,4111
5,寻求,xúnqiú,4112
5,询问,xúnwèn,4113
5,押金,yājīn,4114
5,鸭子,yāzi,4115
5,亚军,yàjūn,4116
5,延伸,yánshēn,4117
5,严厉,yánlì,4118
5,严肃,yánsù,4119
5,言语,yányǔ,4120
5,研究所,yánjiūsuǒ,4121
5,眼光,yǎnguāng,4122
5,邀请,yāoqǐng,4123
5,摇头,yáotóu,4124
5,咬,yǎo,4125
5,也好,yěhǎo,4126
5,业务,yèwù,4127
5,夜间,yèjiān,4128
5,一流,yīliú,4129
5,依法,yīfǎ,4130
5,依旧,yījiù,4131
5,依据,yījù,4132
5,依照,yīzhào,4133
5,一辈子,yībèizi,4134
5,一带,yīdài,4135
5,一旦,yīdàn,4136
5,一句话,yī jù huà,4137
5,一路,yīlù,4138
5,一下儿,yīxiàr,4139
5,一下子,yīxiàzi,4140
5,一向,yīxiàng,4141
5,乙,yǐ,4142
5,以便,yǐbiàn,4143
5,以往,yǐwǎng,4144
5,一口气,yīkǒuqì,4145
5,一身,yīshēn,4146
5,意识,yìshí,4147
5,意味着,yìwèizhe,4148
5,意志,yìzhì,4149
5,因而,yīn'ér,4150
5,饮料,yǐnliào,4151
5,饮食,yǐnshí,4152
5,印刷,yìnshuā,4153
5,应,yìng,4154
5,硬,yìng,4155
5,硬件,yìngjiàn,4156
5,拥抱,yōngbào,4157
5,拥有,yōngyǒu,4158
5,用不着,yòngbuzháo,4159
5,用户,yònghù,4160
5,用来,yònglái,4161
5,用于,yòngyú,4162
5,优惠,yōuhuì,4163
5,优先,yōuxiān,4164
5,幽默,yōumò,4165
5,尤其,yóuqí,4166
5,由此,yóu cǐ,4167
5,犹豫,yóuyù,4168
5,游泳池,yóuyǒngchí,4169
5,友谊,yǒuyì,4170
5,有毒,yǒu dú,4171
5,有害,yǒu hài,4172
5,有力,yǒulì,4173
5,有利于,yǒulì yú,4174
5,有着,yǒuzhe,4175
5,羽毛球,yǔmáoqiú,4176
5,羽绒服,yǔróngfú,4177
5,雨水,yǔshuǐ,4178
5,预备,yùbèi,4179
5,预期,yùqī,4180
5,元旦,Yuándàn,4181
5,园林,yuánlín,4182
5,原理,yuánlǐ,4183
5,原始,yuánshǐ,4184
5,原先,yuánxiān,4185
5,原有,yuányǒu,4186
5,远处,yuǎnchù,4187
5,怨,yuàn,4188
5,愿,yuàn,4189
5,约束,yuēshù,4190
5,月饼,yuèbing,4191
5,月球,yuèqiú,4192
5,阅览室,yuèlǎnshì,4193
5,运,yùn,4194
5,运行,yùnxíng,4195
5,灾,zāi,4196
5,灾害,zāihài,4197
5,灾难,zāinàn,4198
5,灾区,zāiqū,4199
5,再次,zàicì,4200
5,再也,zài yě,4201
5,在场,zàichǎng,4202
5,在内,zàinèi,4203
5,暂时,zànshí,4204
5,暂停,zàntíng,4205
5,糟,zāo,4206
5,糟糕,zāogāo,4207
5,早期,zǎoqī,4208
5,增,zēng,4209
5,增产,zēngchǎn,4210
5,增大,zēngdà,4211
5,增多,zēngduō,4212
5,增强,zēngqiáng,4213
5,赠,zèng,4214
5,赠送,zèngsòng,4215
5,摘,zhāi,4216
5,展览,zhǎnlǎn,4217
5,展示,zhǎnshì,4218
5,展现,zhǎnxiàn,4219
5,占领,zhànlǐng,4220
5,占有,zhànyǒu,4221
5,涨,zhǎng,4222
5,涨价,zhǎngjià,4223
5,掌握,zhǎngwò,4224
5,招生,zhāoshēng,4225
5,招手,zhāoshǒu,4226
5,珍贵,zhēnguì,4227
5,珍惜,zhēnxī,4228
5,珍珠,zhēnzhū,4229
5,真诚,zhēnchéng,4230
5,真理,zhēnlǐ,4231
5,真相,zhēnxiàng,4232
5,诊断,zhěnduàn,4233
5,振动,zhèndòng,4234
5,震惊,zhènjīng,4235
5,争议,zhēngyì,4236
5,正版,zhèngbǎn,4237
5,正规,zhèngguī,4238
5,正如,zhèngrú,4239
5,正义,zhèngyì,4240
5,证实,zhèngshí,4241
5,证书,zhèngshū,4242
5,挣,zhèng,4243
5,挣钱,zhèngqián,4244
5,之内,zhīnèi,4245
5,之外,zhīwài,4246
5,之下,zhīxià,4247
5,之中,zhīzhōng,4248
5,支出,zhīchū,4249
5,支配,zhīpèi,4250
5,执行,zhíxíng,4251
5,直线,zhíxiàn,4252
5,值班,zhíbān,4253
5,职能,zhínéng,4254
5,职位,zhíwèi,4255
5,职务,zhíwù,4256
5,只不过,zhǐbùguò,4257
5,只见,zhǐ jiàn,4258
5,指标,zhǐbiāo,4259
5,指甲,zhǐjia,4260
5,指示,zhǐshì,4261
5,指责,zhǐzé,4262
5,至,zhì,4263
5,制成,zhìchéng,4264
5,制约,zhìyuē,4265
5,治安,zhì'ān,4266
5,治理,zhìlǐ,4267
5,中断,zhōngduàn,4268
5,中秋节,Zhōngqiū Jié,4269
5,中央,zhōngyāng,4270
5,中药,zhōngyào,4271
5,终点,zhōngdiǎn,4272
5,终身,zhōngshēn,4273
5,终止,zhōngzhǐ,4274
5,中毒,zhòngdú,4275
5,众多,zhòngduō,4276
5,周期,zhōuqī,4277
5,竹子,zhúzi,4278
5,主办,zhǔbàn,4279
5,主导,zhǔdǎo,4280
5,主观,zhǔguān,4281
5,主管,zhǔguǎn,4282
5,主体,zhǔtǐ,4283
5,助理,zhùlǐ,4284
5,助手,zhùshǒu,4285
5,注册,zhùcè,4286
5,注射,zhùshè,4287
5,注视,zhùshì,4288
5,注重,zhùzhòng,4289
5,祝贺,zhùhè,4290
5,专辑,zhuānjí,4291
5,专利,zhuānlì,4292
5,转化,zhuǎnhuà,4293
5,转换,zhuǎnhuàn,4294
5,转让,zhuǎnràng,4295
5,转向,zhuǎnxiàng,4296
5,装饰,zhuāngshì,4297
5,撞,zhuàng,4298
5,资本,zīběn,4299
5,资产,zīchǎn,4300
5,资助,zīzhù,4301
5,子弹,zǐdàn,4302
5,仔细,zǐxì,4303
5,紫,zǐ,4304
5,自豪,zìháo,4305
5,自杀,zìshā,4306
5,自愿,zìyuàn,4307
5,总裁,zǒngcái,4308
5,总数,zǒngshù,4309
5,总算,zǒngsuàn,4310
5,总体,zǒngtǐ,4311
5,阻碍,zǔ'ài,4312
5,组织,zǔzhī,4313
5,醉,zuì,4314
5,尊敬,zūnjìng,4315
5,尊重,zūnzhòng,4316
5,遵守,zūnshǒu,4317
6,挨着,āizhe,4318
6,挨,ái,4319
6,挨打,áidǎ,4320
6,安检,ānjiǎn,4321
6,罢工,bàgōng,4322
6,罢了,bàle,4323
6,白领,báilǐng,4324
6,百分点,bǎifēndiǎn,4325
6,办公,bàngōng,4326
6,办事处,bànshìchù,4327
6,办学,bànxué,4328
6,半决赛,bànjuésài,4329
6,傍晚,bàngwǎn,4330
6,保健,bǎojiàn,4331
6,报刊,bàokān,4332
6,报考,bàokǎo,4333
6,抱歉,bàoqiàn,4334
6,暴风雨,bàofēngyǔ,4335
6,暴力,bàolì,4336
6,暴露,bàolù,4337
6,暴雨,bàoyǔ,4338
6,爆,bào,4339
6,爆发,bàofā,4340
6,爆炸,bàozhà,4341
6,悲惨,bēicǎn,4342
6,背心,bèixīn,4343
6,背着,bèizhe,4344
6,被告,bèigào,4345
6,奔跑,bēnpǎo,4346
6,本,běn,4347
6,本地,běndì,4348
6,本期,běn qī,4349
6,本身,běnshēn,4350
6,本土,běntǔ,4351
6,本质,běnzhì,4352
6,逼,bī,4353
6,笔试,bǐshì,4354
6,必将,bìjiāng,4355
6,必修,bìxiū,4356
6,闭,bì,4357
6,边缘,biānyuán,4358
6,编制,biānzhì,4359
6,扁,biǎn,4360
6,变更,biàngēng,4361
6,变换,biànhuàn,4362
6,变形,biànxíng,4363
6,便,biàn,4364
6,便是,biàn shì,4365
6,遍地,biàndì,4366
6,表面上,biǎomiàn shang,4367
6,病房,bìngfáng,4368
6,病情,bìngqíng,4369
6,拨打,bōdǎ,4370
6,波动,bōdòng,4371
6,波浪,bōlàng,4372
6,播,bō,4373
6,不便,bùbiàn,4374
6,不见,bùjiàn,4375
6,不料,bùliào,4376
6,不再,bùzài,4377
6,不至于,bùzhìyú,4378
6,补考,bǔkǎo,4379
6,补课,bǔkè,4380
6,补习,bǔxí,4381
6,补助,bǔzhù,4382
6,捕,bǔ,4383
6,不成,bùchéng,4384
6,不禁,bùjīn,4385
6,不仅仅,bù jǐnjǐn,4386
6,不通,bùtōng,4387
6,不怎么,bùzěnme,4388
6,不怎么样,bùzěnmeyàng,4389
6,不值,bùzhí,4390
6,布满,bùmǎn,4391
6,部队,bùduì,4392
6,采纳,cǎinà,4393
6,踩,cǎi,4394
6,参赛,cānsài,4395
6,参展,cānzhǎn,4396
6,餐,cān,4397
6,残疾,cánjí,4398
6,残疾人,cánjírén,4399
6,残酷,cánkù,4400
6,惨,cǎn,4401
6,仓库,cāngkù,4402
6,藏,cáng,4403
6,操纵,cāozòng,4404
6,厕所,cèsuǒ,4405
6,侧,cè,4406
6,测定,cèdìng,4407
6,策划,cèhuà,4408
6,策略,cèlüè,4409
6,层面,céngmiàn,4410
6,差异,chāyì,4411
6,查出,cháchū,4412
6,查看,chákàn,4413
6,拆迁,chāiqiān,4414
6,产量,chǎnliàng,4415
6,昌盛,chāngshèng,4416
6,长短,chángduǎn,4417
6,长假,chángjià,4418
6,长久,chángjiǔ,4419
6,长跑,chángpǎo,4420
6,长远,chángyuǎn,4421
6,常规,chángguī,4422
6,常年,chángnián,4423
6,厂商,chǎngshāng,4424
6,场地,chǎngdì,4425
6,场馆,chǎngguǎn,4426
6,场景,chǎngjǐng,4427
6,畅通,chàngtōng,4428
6,超,chāo,4429
6,超出,chāochū,4430
6,炒,chǎo,4431
6,炒股,chǎogǔ,4432
6,炒作,chǎozuò,4433
6,车号,chēhào,4434
6,车牌,chēpái,4435
6,车展,chēzhǎn,4436
6,撤离,chèlí,4437
6,撤销,chèxiāo,4438
6,撑,chēng,4439
6,成,chéng,4440
6,成分,chéngfèn,4441
6,成品,chéngpǐn,4442
6,承诺,chéngnuò,4443
6,城区,chéngqū,4444
6,城乡,chéng xiāng,4445
6,城镇,chéngzhèn,4446
6,持有,chíyǒu,4447
6,冲击,chōngjī,4448
6,重建,chóngjiàn,4449
6,重组,chóngzǔ,4450
6,崇拜,chóngbài,4451
6,宠物,chǒngwù,4452
6,冲,chòng,4453
6,出场,chūchǎng,4454
6,出动,chūdòng,4455
6,出访,chūfǎng,4456
6,出路,chūlù,4457
6,出面,chūmiàn,4458
6,出名,chūmíng,4459
6,出入,chūrù,4460
6,出事,chūshì,4461
6,出台,chūtái,4462
6,出行,chūxíng,4463
6,初等,chūděng,4464
6,除,chú,4465
6,厨师,chúshī,4466
6,储存,chǔcún,4467
6,处处,chùchù,4468
6,处长,chùzhǎng,4469
6,传出,chuánchū,4470
6,传媒,chuánméi,4471
6,传输,chuánshū,4472
6,传言,chuányán,4473
6,船员,chuányuán,4474
6,船长,chuánzhǎng,4475
6,船只,chuánzhī,4476
6,串,chuàn,4477
6,窗口,chuāngkǒu,4478
6,创办,chuàngbàn,4479
6,创建,chuàngjiàn,4480
6,创意,chuàngyì,4481
6,此处,cǐ chù,4482
6,此次,cǐ cì,4483
6,此前,cǐqián,4484
6,此事,cǐshì,4485
6,此致,cǐzhì,4486
6,次数,cìshù,4487
6,从不,cóng bù,4488
6,从没,cóng méi,4489
6,醋,cù,4490
6,村庄,cūnzhuāng,4491
6,错过,cuòguò,4492
6,搭,dā,4493
6,搭档,dādàng,4494
6,搭配,dāpèi,4495
6,打动,dǎdòng,4496
6,打断,dǎduàn,4497
6,打发,dǎfa,4498
6,打官司,dǎ guānsi,4499
6,打牌,dǎpái,4500
6,打印机,dǎyìnjī,4501
6,打造,dǎzào,4502
6,大道,dàdào,4503
6,大街,dàjiē,4504
6,大力,dàlì,4505
6,大米,dàmǐ,4506
6,大批,dàpī,4507
6,大赛,dàsài,4508
6,大师,dàshī,4509
6,大使,dàshǐ,4510
6,待会儿,dāihuìr,4511
6,担忧,dānyōu,4512
6,单打,dāndǎ,4513
6,诞生,dànshēng,4514
6,党,dǎng,4515
6,当,dàng,4516
6,当成,dàngchéng,4517
6,当天,dàngtiān,4518
6,当作,dàngzuò,4519
6,档,dàng,4520
6,档案,dàng'àn,4521
6,岛,dǎo,4522
6,到期,dàoqī,4523
6,盗版,dàobǎn,4524
6,道教,Dàojiào,4525
6,道歉,dàoqiàn,4526
6,低头,dītóu,4527
6,低温,dīwēn,4528
6,滴,dī,4529
6,抵达,dǐdá,4530
6,抵抗,dǐkàng,4531
6,地板,dìbǎn,4532
6,地名,dìmíng,4533
6,地下室,dìxiàshì,4534
6,电车,diànchē,4535
6,电动,diàndòng,4536
6,电力,diànlì,4537
6,电器,diànqì,4538
6,吊,diào,4539
6,调研,diàoyán,4540
6,跌,diē,4541
6,定价,dìngjià,4542
6,定时,dìngshí,4543
6,定位,dìngwèi,4544
6,动画,dònghuà,4545
6,斗争,dòuzhēng,4546
6,都市,dūshì,4547
6,毒品,dúpǐn,4548
6,赌,dǔ,4549
6,赌博,dǔbó,4550
6,渡,dù,4551
6,端,duān,4552
6,端午节,Duānwǔ Jié,4553
6,短片,duǎnpiàn,4554
6,队伍,duìwu,4555
6,对抗,duìkàng,4556
6,对外,duìwài,4557
6,蹲,dūn,4558
6,多半,duōbàn,4559
6,多方面,duō fāngmiàn,4560
6,多媒体,duōméitǐ,4561
6,夺,duó,4562
6,夺取,duóqǔ,4563
6,恩人,ēnrén,4564
6,儿科,érkē,4565
6,发病,fābìng,4566
6,发电,fādiàn,4567
6,发放,fāfàng,4568
6,发怒,fānù,4569
6,发起,fāqǐ,4570
6,发言人,fāyánrén,4571
6,发炎,fāyán,4572
6,法庭,fǎtíng,4573
6,法语,Fǎyǔ,4574
6,番,fān,4575
6,番茄,fānqié,4576
6,凡是,fánshì,4577
6,繁殖,fánzhí,4578
6,反抗,fǎnkàng,4579
6,反问,fǎnwèn,4580
6,反响,fǎnxiǎng,4581
6,犯,fàn,4582
6,犯规,fànguī,4583
6,犯罪,fànzuì,4584
6,防范,fángfàn,4585
6,防守,fángshǒu,4586
6,房价,fángjià,4587
6,仿佛,fǎngfú,4588
6,飞船,fēichuán,4589
6,飞行员,fēixíngyuán,4590
6,肺,fèi,4591
6,分工,fēngōng,4592
6,分裂,fēnliè,4593
6,愤怒,fènnù,4594
6,风暴,fēngbào,4595
6,峰会,fēnghuì,4596
6,奉献,fèngxiàn,4597
6,佛,fó,4598
6,佛教,Fójiào,4599
6,服,fú,4600
6,浮,fú,4601
6,父女,fùnǚ,4602
6,父子,fùzǐ,4603
6,负,fù,4604
6,妇女,fùnǚ,4605
6,复苏,fùsū,4606
6,副,fù,4607
6,副,fù,4608
6,富人,fùrén,4609
6,富有,fùyǒu,4610
6,改装,gǎizhuāng,4611
6,干涉,gānshè,4612
6,肝,gān,4613
6,杆,gǎn,4614
6,赶不上,gǎnbushàng,4615
6,赶忙,gǎnmáng,4616
6,赶上,gǎnshàng,4617
6,敢于,gǎnyú,4618
6,感人,gǎnrén,4619
6,刚好,gānghǎo,4620
6,岗位,gǎngwèi,4621
6,港口,gǎngkǒu,4622
6,高层,gāocéng,4623
6,高档,gāodàng,4624
6,高等,gāoděng,4625
6,高峰,gāofēng,4626
6,高考,gāokǎo,4627
6,高科技,gāokējì,4628
6,高手,gāoshǒu,4629
6,稿子,gǎozi,4630
6,歌唱,gēchàng,4631
6,歌词,gēcí,4632
6,歌星,gēxīng,4633
6,革新,géxīn,4634
6,更是,gèng shì,4635
6,工商,gōngshāng,4636
6,公,gōng,4637
6,公安,gōng'ān,4638
6,公鸡,gōngjī,4639
6,公众,gōngzhòng,4640
6,公主,gōngzhǔ,4641
6,攻击,gōngjī,4642
6,供给,gōngjǐ,4643
6,宫,gōng,4644
6,巩固,gǒnggù,4645
6,贡献,gòngxiàn,4646
6,构建,gòujiàn,4647
6,孤独,gūdú,4648
6,孤儿,gū'ér,4649
6,姑姑,gūgu,4650
6,古典,gǔdiǎn,4651
6,股,gǔ,4652
6,股东,gǔdōng,4653
6,股票,gǔpiào,4654
6,故障,gùzhàng,4655
6,顾,gù,4656
6,刮,guā,4657
6,拐,guǎi,4658
6,关爱,guān'ài,4659
6,关联,guānlián,4660
6,观光,guānguāng,4661
6,官司,guānsi,4662
6,管道,guǎndào,4663
6,光辉,guānghuī,4664
6,广阔,guǎngkuò,4665
6,轨道,guǐdào,4666
6,跪,guì,4667
6,国产,guóchǎn,4668
6,国歌,guógē,4669
6,国会,guóhuì,4670
6,国旗,guóqí,4671
6,国王,guówáng,4672
6,果酱,guǒjiàng,4673
6,果树,guǒshù,4674
6,过渡,guòdù,4675
6,过后,guòhòu,4676
6,过时,guòshí,4677
6,海报,hǎibào,4678
6,海底,hǎidǐ,4679
6,海军,hǎijūn,4680
6,海浪,hǎilàng,4681
6,海外,hǎiwài,4682
6,海湾,hǎiwān,4683
6,海洋,hǎiyáng,4684
6,好（不）容易,hǎo(bù)róngyì,4685
6,好似,hǎosì,4686
6,好转,hǎozhuǎn,4687
6,好学,hàoxué,4688
6,合约,héyuē,4689
6,和谐,héxié,4690
6,核心,héxīn,4691
6,黑夜,hēiyè,4692
6,很难说,hěn nánshuō,4693
6,狠,hěn,4694
6,横,héng,4695
6,衡量,héngliáng,4696
6,宏大,hóngdà,4697
6,洪水,hóngshuǐ,4698
6,忽略,hūlüè,4699
6,壶,hú,4700
6,互动,hùdòng,4701
6,户外,hùwài,4702
6,护,hù,4703
6,花费,huāfèi,4704
6,花瓶,huāpíng,4705
6,花生,huāshēng,4706
6,化解,huàjiě,4707
6,幻想,huànxiǎng,4708
6,患者,huànzhě,4709
6,皇帝,huángdì,4710
6,回应,huíyìng,4711
6,毁,huǐ,4712
6,会见,huìjiàn,4713
6,会长,huìzhǎng,4714
6,绘画,huìhuà,4715
6,昏,hūn,4716
6,混,hùn,4717
6,混合,hùnhé,4718
6,混乱,hùnluàn,4719
6,活跃,huóyuè,4720
6,火箭,huǒjiàn,4721
6,机动车,jīdòngchē,4722
6,机关,jīguān,4723
6,机械,jīxiè,4724
6,基督教,Jīdūjiào,4725
6,激情,jīqíng,4726
6,吉利,jílì,4727
6,吉祥,jíxiáng,4728
6,极端,jíduān,4729
6,急救,jíjiù,4730
6,疾病,jíbìng,4731
6,集,jí,4732
6,给予,jǐyǔ,4733
6,加盟,jiāméng,4734
6,家电,jiādiàn,4735
6,家园,jiāyuán,4736
6,嘉宾,jiābīn,4737
6,假日,jiàrì,4738
6,尖,jiān,4739
6,监测,jiāncè,4740
6,监督,jiāndū,4741
6,捡,jiǎn,4742
6,简介,jiǎnjiè,4743
6,剑,jiàn,4744
6,鉴定,jiàndìng,4745
6,箭,jiàn,4746
6,将军,jiāngjūn,4747
6,讲课,jiǎngkè,4748
6,酱,jiàng,4749
6,酱油,jiàngyóu,4750
6,骄傲,jiāo'ào,4751
6,焦点,jiāodiǎn,4752
6,脚印,jiǎoyìn,4753
6,觉,jiào,4754
6,教堂,jiàotáng,4755
6,教育部,jiàoyùbù,4756
6,接收,jiēshōu,4757
6,揭,jiē,4758
6,街头,jiētóu,4759
6,节,jié,4760
6,节假日,jiéjiàrì,4761
6,节能,jiénéng,4762
6,节奏,jiézòu,4763
6,杰出,jiéchū,4764
6,截止,jiézhǐ,4765
6,截至,jiézhì,4766
6,解,jiě,4767
6,解说,jiěshuō,4768
6,界,jiè,4769
6,界（文艺界）,jiè(wényìjiè),4770
6,借鉴,jièjiàn,4771
6,金额,jīn'é,4772
6,金钱,jīnqián,4773
6,金融,jīnróng,4774
6,尽,jìn,4775
6,进攻,jìngōng,4776
6,近日,jìnrì,4777
6,近视,jìnshì,4778
6,惊人,jīngrén,4779
6,惊喜,jīngxǐ,4780
6,精,jīng,4781
6,精美,jīngměi,4782
6,精品,jīngpǐn,4783
6,井,jǐng,4784
6,景,jǐng,4785
6,景点,jǐngdiǎn,4786
6,净,jìng,4787
6,纠纷,jiūfēn,4788
6,纠正,jiūzhèng,4789
6,酒水,jiǔshuǐ,4790
6,救命,jiùmìng,4791
6,救援,jiùyuán,4792
6,救助,jiùzhù,4793
6,就是说,jiùshìshuō,4794
6,就算,jiùsuàn,4795
6,局,jú,4796
6,剧,jù,4797
6,据,jù,4798
6,捐,juān,4799
6,捐款,juānkuǎn,4800
6,捐赠,juānzèng,4801
6,捐助,juānzhù,4802
6,决策,juécè,4803
6,觉悟,juéwù,4804
6,绝,jué,4805
6,绝大多数,jué dàduōshù,4806
6,军队,jūnduì,4807
6,军舰,jūnjiàn,4808
6,军事,jūnshì,4809
6,开创,kāichuàng,4810
6,开关,kāiguān,4811
6,开设,kāishè,4812
6,开通,kāitōng,4813
6,开头,kāitóu,4814
6,开夜车,kāi yèchē,4815
6,看,kān,4816
6,看管,kānguǎn,4817
6,看得见,kàndejiàn,4818
6,看得起,kàndeqǐ,4819
6,看好,kànhǎo,4820
6,看作,kànzuò,4821
6,康复,kāngfù,4822
6,抗议,kàngyì,4823
6,考场,kǎochǎng,4824
6,考题,kǎotí,4825
6,科研,kēyán,4826
6,客车,kèchē,4827
6,肯,kěn,4828
6,空军,kōngjūn,4829
6,口试,kǒushì,4830
6,扣,kòu,4831
6,酷,kù,4832
6,跨,kuà,4833
6,快车,kuàichē,4834
6,宽阔,kuānkuò,4835
6,矿,kuàng,4836
6,阔,kuò,4837
6,啦,la,4838
6,来往,láiwǎng,4839
6,赖,lài,4840
6,栏目,lánmù,4841
6,蓝领,lánlǐng,4842
6,蓝天,lán tiān,4843
6,懒,lǎn,4844
6,牢,láo,4845
6,老乡,lǎoxiāng,4846
6,冷气,lěngqì,4847
6,冷水,lěngshuǐ,4848
6,礼堂,lǐtáng,4849
6,理,lǐ,4850
6,理财,lǐcái,4851
6,理智,lǐzhì,4852
6,力（影响力）,lì(yǐngxiǎnglì),4853
6,利,lì,4854
6,联盟,liánméng,4855
6,联赛,liánsài,4856
6,联手,liánshǒu,4857
6,凉鞋,liángxié,4858
6,两侧,liǎngcè,4859
6,两手,liǎngshǒu,4860
6,聊,liáo,4861
6,聊天儿,liáotiānr,4862
6,料,liào,4863
6,料,liào,4864
6,裂,liè,4865
6,灵活,línghuó,4866
6,领取,lǐngqǔ,4867
6,领袖,lǐngxiù,4868
6,另,lìng,4869
6,留言,liúyán,4870
6,流感,liúgǎn,4871
6,楼道,lóudào,4872
6,楼房,lóufáng,4873
6,露,lòu,4874
6,陆军,lùjūn,4875
6,录像,lùxiàng,4876
6,录音机,lùyīnjī,4877
6,路过,lùguò,4878
6,露,lù,4879
6,旅店,lǚdiàn,4880
6,绿化,lǜhuà,4881
6,马车,mǎchē,4882
6,嘛,ma,4883
6,埋,mái,4884
6,馒头,mántou,4885
6,慢车,mànchē,4886
6,盲人,mángrén,4887
6,梅花,méihuā,4888
6,美容,měiróng,4889
6,蒙,mēng,4890
6,蒙,méng,4891
6,猛,měng,4892
6,棉,mián,4893
6,免得,miǎnde,4894
6,面对面,miànduìmiàn,4895
6,面向,miànxiàng,4896
6,妙,miào,4897
6,灭,miè,4898
6,民歌,míngē,4899
6,民工,míngōng,4900
6,民警,mínjǐng,4901
6,民意,mínyì,4902
6,民主,mínzhǔ,4903
6,名额,míng'é,4904
6,名胜,míngshèng,4905
6,名义,míngyì,4906
6,名誉,míngyù,4907
6,明日,míngrì,4908
6,命,mìng,4909
6,膜,mó,4910
6,磨,mó,4911
6,没收,mòshōu,4912
6,墨水,mòshuǐ,4913
6,母,mǔ,4914
6,母鸡,mǔjī,4915
6,母女,mǔnǚ,4916
6,母子,mǔzǐ,4917
6,墓,mù,4918
6,拿走,názǒu,4919
6,奶粉,nǎifěn,4920
6,奶牛,nǎiniú,4921
6,难忘,nánwàng,4922
6,内地,nèidì,4923
6,内外,nèiwài,4924
6,内衣,nèiyī,4925
6,能否,néngfǒu,4926
6,泥,ní,4927
6,扭,niǔ,4928
6,排行榜,páihángbǎng,4929
6,派出,pàichū,4930
6,判,pàn,4931
6,盼望,pànwàng,4932
6,泡,pào,4933
6,炮,pào,4934
6,陪同,péitóng,4935
6,配置,pèizhì,4936
6,皮球,píqiú,4937
6,偏,piān,4938
6,贫困,pínkùn,4939
6,品牌,pǐnpái,4940
6,聘请,pìnqǐng,4941
6,平凡,píngfán,4942
6,平方米,píngfāngmǐ,4943
6,平衡,pínghéng,4944
6,平台,píngtái,4945
6,评,píng,4946
6,评选,píngxuǎn,4947
6,屏幕,píngmù,4948
6,坡,pō,4949
6,扑,pū,4950
6,铺,pū,4951
6,欺负,qīfu,4952
6,奇妙,qímiào,4953
6,企图,qǐtú,4954
6,起点,qǐdiǎn,4955
6,起诉,qǐsù,4956
6,气氛,qìfēn,4957
6,恰当,qiàdàng,4958
6,恰好,qiàhǎo,4959
6,恰恰,qiàqià,4960
6,牵,qiān,4961
6,铅笔,qiānbǐ,4962
6,谦虚,qiānxū,4963
6,前方,qiánfāng,4964
6,前来,qiánlái,4965
6,潜力,qiánlì,4966
6,强盗,qiángdào,4967
6,强化,qiánghuà,4968
6,强势,qiángshì,4969
6,强壮,qiángzhuàng,4970
6,桥梁,qiáoliáng,4971
6,巧妙,qiǎomiào,4972
6,茄子,qiézi,4973
6,切实,qièshí,4974
6,侵犯,qīnfàn,4975
6,亲属,qīnshǔ,4976
6,亲眼,qīnyǎn,4977
6,倾向,qīngxiàng,4978
6,清,qīng,4979
6,清洁,qīngjié,4980
6,清洁工,qīngjiégōng,4981
6,清明节,Qīngmíng Jié,4982
6,清洗,qīngxǐ,4983
6,情绪,qíngxù,4984
6,求职,qiúzhí,4985
6,球拍,qiúpāi,4986
6,球星,qiúxīng,4987
6,球员,qiúyuán,4988
6,区分,qūfēn,4989
6,渠道,qúdào,4990
6,取款,qǔkuǎn,4991
6,取款机,qǔkuǎnjī,4992
6,去掉,qùdiào,4993
6,权,quán,4994
6,权力,quánlì,4995
6,全力,quánlì,4996
6,全新,quánxīn,4997
6,券,quàn,4998
6,缺陷,quēxiàn,4999
6,却是,què shì,5000
6,让座,ràngzuò,5001
6,热点,rèdiǎn,5002
6,热水,rèshuǐ,5003
6,热水器,rèshuǐqì,5004
6,热线,rèxiàn,5005
6,人权,rénquán,5006
6,认同,rèntóng,5007
6,日夜,rìyè,5008
6,日语,Rìyǔ,5009
6,融合,rónghé,5010
6,融入,róngrù,5011
6,如,rú,5012
6,如一,rúyī,5013
6,乳制品,rǔzhìpǐn,5014
6,入,rù,5015
6,入学,rùxué,5016
6,若,ruò,5017
6,塞,sāi,5018
6,赛,sài,5019
6,赛场,sàichǎng,5020
6,三明治,sānmíngzhì,5021
6,丧失,sàngshī,5022
6,山峰,shānfēng,5023
6,山谷,shāngǔ,5024
6,山坡,shānpō,5025
6,伤口,shāngkǒu,5026
6,伤亡,shāngwáng,5027
6,伤员,shāngyuán,5028
6,商城,shāngchéng,5029
6,上当,shàngdàng,5030
6,上帝,Shàngdì,5031
6,上市,shàngshì,5032
6,上台,shàngtái,5033
6,上演,shàngyǎn,5034
6,勺,sháo,5035
6,少儿,shào'ér,5036
6,舌头,shétou,5037
6,设计师,shèjìshī,5038
6,涉及,shèjí,5039
6,深化,shēnhuà,5040
6,深深,shēnshēn,5041
6,审查,shěnchá,5042
6,升级,shēngjí,5043
6,升学,shēngxué,5044
6,升值,shēngzhí,5045
6,生活费,shēnghuófèi,5046
6,省钱,shěngqián,5047
6,圣诞节,Shèngdàn Jié,5048
6,盛行,shèngxíng,5049
6,师父,shīfu,5050
6,师生,shīshēng,5051
6,时而,shí'ér,5052
6,时节,shíjié,5053
6,时期,shíqī,5054
6,时时,shíshí,5055
6,时装,shízhuāng,5056
6,识,shí,5057
6,识字,shízì,5058
6,实践,shíjiàn,5059
6,食欲,shíyù,5060
6,市民,shìmín,5061
6,事后,shìhòu,5062
6,试点,shìdiǎn,5063
6,适当,shìdàng,5064
6,收藏,shōucáng,5065
6,收取,shōuqǔ,5066
6,收养,shōuyǎng,5067
6,手续费,shǒuxùfèi,5068
6,首,shǒu,5069
6,首次,shǒucì,5070
6,首脑,shǒunǎo,5071
6,首席,shǒuxí,5072
6,首相,shǒuxiàng,5073
6,书房,shūfáng,5074
6,薯片,shǔpiàn,5075
6,薯条,shǔtiáo,5076
6,双打,shuāngdǎ,5077
6,爽,shuǎng,5078
6,水泥,shuǐní,5079
6,税,shuì,5080
6,顺,shùn,5081
6,说明书,shuōmíngshū,5082
6,说实话,shuō shíhuà,5083
6,司长,sīzhǎng,5084
6,死亡,sǐwáng,5085
6,四处,sìchù,5086
6,寺,sì,5087
6,送礼,sònglǐ,5088
6,送行,sòngxíng,5089
6,素质,sùzhì,5090
6,算了,suànle,5091
6,算是,suànshì,5092
6,虽,suī,5093
6,岁数,suìshu,5094
6,所,suǒ,5095
6,踏实,tāshi,5096
6,塔,tǎ,5097
6,踏,tà,5098
6,台灯,táidēng,5099
6,太阳能,tàiyángnéng,5100
6,叹气,tànqì,5101
6,探索,tànsuǒ,5102
6,探讨,tàntǎo,5103
6,趟,tàng,5104
6,掏,tāo,5105
6,特,tè,5106
6,特大,tèdà,5107
6,特地,tèdì,5108
6,特快,tèkuài,5109
6,特意,tèyì,5110
6,疼痛,téngtòng,5111
6,踢,tī,5112
6,提交,tíjiāo,5113
6,提升,tíshēng,5114
6,天然,tiānrán,5115
6,天堂,tiāntáng,5116
6,天下,tiānxià,5117
6,添,tiān,5118
6,田,tián,5119
6,田径,tiánjìng,5120
6,跳水,tiàoshuǐ,5121
6,听取,tīngqǔ,5122
6,通报,tōngbào,5123
6,通道,tōngdào,5124
6,通红,tōnghóng,5125
6,通话,tōnghuà,5126
6,通行,tōngxíng,5127
6,通讯,tōngxùn,5128
6,同,tóng,5129
6,同胞,tóngbāo,5130
6,同行,tóngháng,5131
6,同期,tóngqī,5132
6,同一,tóngyī,5133
6,铜牌,tóngpái,5134
6,头疼,tóuténg,5135
6,投票,tóupiào,5136
6,透露,tòulù,5137
6,图书,túshū,5138
6,徒弟,túdì,5139
6,途径,tújìng,5140
6,土,tǔ,5141
6,团队,tuánduì,5142
6,推出,tuīchū,5143
6,退票,tuìpiào,5144
6,吞,tūn,5145
6,托,tuō,5146
6,拖,tuō,5147
6,拖鞋,tuōxié,5148
6,挖,wā,5149
6,娃娃,wáwa,5150
6,哇,wa,5151
6,外币,wàibì,5152
6,外部,wàibù,5153
6,外出,wàichū,5154
6,外观,wàiguān,5155
6,外科,wàikē,5156
6,外来,wàilái,5157
6,外头,wàitou,5158
6,外衣,wàiyī,5159
6,外资,wàizī,5160
6,弯曲,wānqū,5161
6,顽皮,wánpí,5162
6,顽强,wánqiáng,5163
6,王后,wánghòu,5164
6,王子,wángzǐ,5165
6,网吧,wǎngbā,5166
6,网页,wǎngyè,5167
6,往后,wǎnghòu,5168
6,往来,wǎnglái,5169
6,往年,wǎngnián,5170
6,望见,wàngjiàn,5171
6,危机,wēijī,5172
6,威胁,wēixié,5173
6,微波炉,wēibōlú,5174
6,维生素,wéishēngsù,5175
6,为此,wèicǐ,5176
6,为何,wèihé,5177
6,文娱,wényú,5178
6,卧铺,wòpù,5179
6,乌云,wūyún,5180
6,无边,wúbiān,5181
6,无关,wúguān,5182
6,无效,wúxiào,5183
6,舞蹈,wǔdǎo,5184
6,物品,wùpǐn,5185
6,误,wù,5186
6,西班牙语,Xībānyáyǔ,5187
6,吸毒,xīdú,5188
6,牺牲,xīshēng,5189
6,洗衣粉,xǐyīfěn,5190
6,戏曲,xìqǔ,5191
6,细胞,xìbāo,5192
6,细菌,xìjūn,5193
6,先锋,xiānfēng,5194
6,嫌,xián,5195
6,显出,xiǎnchū,5196
6,险,xiǎn,5197
6,线路,xiànlù,5198
6,陷入,xiànrù,5199
6,响声,xiǎngshēng,5200
6,想不到,xiǎngbudào,5201
6,消耗,xiāohào,5202
6,消灭,xiāomiè,5203
6,小费,xiǎofèi,5204
6,小麦,xiǎomài,5205
6,小于,xiǎoyú,5206
6,晓得,xiǎode,5207
6,笑脸,xiàoliǎn,5208
6,笑容,xiàoróng,5209
6,笑声,xiàoshēng,5210
6,协会,xiéhuì,5211
6,协商,xiéshāng,5212
6,协调,xiétiáo,5213
6,协助,xiézhù,5214
6,写字楼,xiězìlóu,5215
6,写字台,xiězìtái,5216
6,心灵,xīnlíng,5217
6,心愿,xīnyuàn,5218
6,心脏,xīnzàng,5219
6,心脏病,xīnzàngbìng,5220
6,新人,xīnrén,5221
6,新兴,xīnxīng,5222
6,薪水,xīnshui,5223
6,信仰,xìnyǎng,5224
6,信用,xìnyòng,5225
6,兴旺,xīngwàng,5226
6,行程,xíngchéng,5227
6,形,xíng,5228
6,凶,xiōng,5229
6,凶手,xiōngshǒu,5230
6,修车,xiū chē,5231
6,袖珍,xiùzhēn,5232
6,悬,xuán,5233
6,旋转,xuánzhuǎn,5234
6,选拔,xuǎnbá,5235
6,选举,xuǎnjǔ,5236
6,学会,xuéhuì,5237
6,学员,xuéyuán,5238
6,血管,xuèguǎn,5239
6,血液,xuèyè,5240
6,循环,xúnhuán,5241
6,压迫,yāpò,5242
6,烟花,yānhuā,5243
6,沿,yán,5244
6,沿海,yánhǎi,5245
6,沿着,yánzhe,5246
6,研发,yánfā,5247
6,眼看,yǎnkàn,5248
6,演奏,yǎnzòu,5249
6,宴会,yànhuì,5250
6,洋,yáng,5251
6,仰,yǎng,5252
6,养老,yǎnglǎo,5253
6,氧气,yǎngqì,5254
6,样,yàng,5255
6,药品,yàopǐn,5256
6,要不然,yàobùrán,5257
6,要好,yàohǎo,5258
6,要么,yàome,5259
6,要素,yàosù,5260
6,野,yě,5261
6,野生,yěshēng,5262
6,医药,yīyào,5263
6,依次,yīcì,5264
6,依赖,yīlài,5265
6,一次性,yīcìxìng,5266
6,一代,yīdài,5267
6,一道,yīdào,5268
6,一贯,yīguàn,5269
6,一路上,yīlù shang,5270
6,仪器,yíqì,5271
6,仪式,yíshì,5272
6,遗憾,yíhàn,5273
6,一番,yīfān,5274
6,一模一样,yīmú-yīyàng,5275
6,一齐,yīqí,5276
6,一时,yīshí,5277
6,一同,yītóng,5278
6,一行,yīxíng,5279
6,艺人,yìrén,5280
6,议题,yìtí,5281
6,异常,yìcháng,5282
6,意想不到,yìxiǎng bù dào,5283
6,意愿,yìyuàn,5284
6,因,yīn,5285
6,因素,yīnsù,5286
6,阴谋,yīnmóu,5287
6,阴影,yīnyǐng,5288
6,音量,yīnliàng,5289
6,音像,yīnxiàng,5290
6,隐藏,yǐncáng,5291
6,隐私,yǐnsī,5292
6,印,yìn,5293
6,英雄,yīngxióng,5294
6,迎来,yínglái,5295
6,影迷,yǐngmí,5296
6,影星,yǐngxīng,5297
6,应对,yìngduì,5298
6,应急,yìngjí,5299
6,用处,yòngchù,5300
6,用得着,yòngdezháo,5301
6,用法,yòngfǎ,5302
6,用品,yòngpǐn,5303
6,用心,yòngxīn,5304
6,优质,yōuzhì,5305
6,游人,yóurén,5306
6,游玩,yóuwán,5307
6,游戏机,yóuxìjī,5308
6,游行,yóuxíng,5309
6,有关,yǒuguān,5310
6,有没有,yǒu méiyǒu,5311
6,有事,yǒushì,5312
6,于,yú,5313
6,娱乐,yúlè,5314
6,愉快,yúkuài,5315
6,与,yǔ,5316
6,宇航员,yǔhángyuán,5317
6,雨衣,yǔyī,5318
6,预约,yùyuē,5319
6,元素,yuánsù,5320
6,园,yuán,5321
6,园地,yuándì,5322
6,原,yuán,5323
6,原告,yuángào,5324
6,原谅,yuánliàng,5325
6,圆珠笔,yuánzhūbǐ,5326
6,援助,yuánzhù,5327
6,缘故,yuángù,5328
6,远方,yuǎnfāng,5329
6,远离,yuǎnlí,5330
6,远远,yuǎnyuǎn,5331
6,约定,yuēdìng,5332
6,乐曲,yuèqǔ,5333
6,晕,yūn,5334
6,允许,yǔnxǔ,5335
6,运作,yùnzuò,5336
6,晕车,yùnchē,5337
6,杂,zá,5338
6,再生,zàishēng,5339
6,再说,zàishuō,5340
6,遭到,zāodào,5341
6,遭受,zāoshòu,5342
6,遭遇,zāoyù,5343
6,早晚,zǎowǎn,5344
6,增进,zēngjìn,5345
6,增值,zēngzhí,5346
6,扎,zhā,5347
6,扎实,zhāshi,5348
6,炸,zhà,5349
6,炸弹,zhàdàn,5350
6,炸药,zhàyào,5351
6,债,zhài,5352
6,占据,zhànjù,5353
6,战场,zhànchǎng,5354
6,战略,zhànlüè,5355
6,战术,zhànshù,5356
6,战友,zhànyǒu,5357
6,站台,zhàntái,5358
6,章,zhāng,5359
6,长（秘书长）,zhǎng (mìshūzhǎng),5360
6,掌声,zhǎngshēng,5361
6,账,zhàng,5362
6,账户,zhànghù,5363
6,涨,zhàng,5364
6,障碍,zhàng'ài,5365
6,招,zhāo,5366
6,招聘,zhāopìn,5367
6,照样,zhàoyàng,5368
6,照耀,zhàoyào,5369
6,哲学,zhéxué,5370
6,这就是说,zhè jiùshì shuō,5371
6,镇,zhèn,5372
6,争夺,zhēngduó,5373
6,整顿,zhěngdùn,5374
6,整治,zhěngzhì,5375
6,正当,zhèngdàng,5376
6,政策,zhèngcè,5377
6,政党,zhèngdǎng,5378
6,政权,zhèngquán,5379
6,症状,zhèngzhuàng,5380
6,之类,zhīlèi,5381
6,支撑,zhīchēng,5382
6,支援,zhīyuán,5383
6,枝,zhī,5384
6,知名,zhīmíng,5385
6,织,zhī,5386
6,直升机,zhíshēngjī,5387
6,职责,zhízé,5388
6,止,zhǐ,5389
6,只得,zhǐdé,5390
6,只顾,zhǐgù,5391
6,只管,zhǐguǎn,5392
6,指定,zhǐdìng,5393
6,指数,zhǐshù,5394
6,指头,zhǐtou,5395
6,指着,zhǐzhe,5396
6,至于,zhìyú,5397
6,治病,zhì bìng,5398
6,智慧,zhìhuì,5399
6,中等,zhōngděng,5400
6,中华,Zhōnghuá,5401
6,中期,zhōngqī,5402
6,中外,zhōngwài,5403
6,忠心,zhōngxīn,5404
6,钟头,zhōngtóu,5405
6,肿,zhǒng,5406
6,种种,zhǒngzhǒng,5407
6,粥,zhōu,5408
6,珠宝,zhūbǎo,5409
6,诸位,zhūwèi,5410
6,主持人,zhǔchírén,5411
6,主角,zhǔjué,5412
6,主流,zhǔliú,5413
6,煮,zhǔ,5414
6,住宅,zhùzhái,5415
6,驻,zhù,5416
6,柱子,zhùzi,5417
6,祝愿,zhùyuàn,5418
6,专用,zhuānyòng,5419
6,转,zhuàn,5420
6,转动,zhuàndòng,5421
6,赚,zhuàn,5422
6,赚钱,zhuànqián,5423
6,装备,zhuāngbèi,5424
6,壮观,zhuàngguān,5425
6,追究,zhuījiū,5426
6,捉,zhuō,5427
6,咨询,zīxún,5428
6,自来水,zìláishuǐ,5429
6,自我,zìwǒ,5430
6,自学,zìxué,5431
6,自言自语,zìyán-zìyǔ,5432
6,自在,zìzai,5433
6,宗教,zōngjiào,5434
6,总部,zǒngbù,5435
6,总监,zǒngjiān,5436
6,总经理,zǒngjīnglǐ,5437
6,总量,zǒngliàng,5438
6,走私,zǒusī,5439
6,奏,zòu,5440
6,租金,zūjīn,5441
6,足,zú,5442
6,足以,zúyǐ,5443
6,族,zú,5444
6,族（上班族）,zú (shàngbānzú),5445
6,祖父,zǔfù,5446
6,祖国,zǔguó,5447
6,祖母,zǔmǔ,5448
6,钻,zuān,5449
6,最佳,zuìjiā,5450
6,最终,zuìzhōng,5451
6,罪,zuì,5452
6,罪恶,zuì'è,5453
6,作,zuò,5454
6,作废,zuòfèi,5455
6,作战,zuòzhàn,5456
6,座谈会,zuòtánhuì,5457
7,阿拉伯语,Ālābóyǔ,5458
7,哎,āi,5459
7,哎呀,āiyā,5460
7,哀求,āiqiú,5461
7,挨家挨户,āijiā-āihù,5462
7,癌,ái,5463
7,癌症,áizhèng,5464
7,艾滋病,àizībìng,5465
7,唉,ài,5466
7,爱不释手,àibùshìshǒu,5467
7,爱理不理,àilǐ-bùlǐ,5468
7,爱面子,ài miànzi,5469
7,爱惜,àixī,5470
7,碍事,àishì,5471
7,安定,āndìng,5472
7,安抚,ānfǔ,5473
7,安眠药,ānmiányào,5474
7,安宁,ānníng,5475
7,安稳,ānwěn,5476
7,安心,ānxīn,5477
7,安逸,ānyì,5478
7,按键,ànjiàn,5479
7,按理说,ànlǐ shuō,5480
7,按说,ànshuō,5481
7,案件,ànjiàn,5482
7,暗地里,àndìlǐ,5483
7,暗杀,ànshā,5484
7,暗中,ànzhōng,5485
7,昂贵,ángguì,5486
7,凹,āo,5487
7,熬,áo,5488
7,熬夜,áoyè,5489
7,傲,ào,5490
7,傲慢,àomàn,5491
7,奥秘,àomì,5492
7,奥运会,Àoyùnhuì,5493
7,八卦,bāguà,5494
7,巴不得,bābudé,5495
7,扒,bā,5496
7,芭蕾,bālěi,5497
7,把柄,bǎbǐng,5498
7,把关,bǎguān,5499
7,把手,bǎshou,5500
7,靶子,bǎzi,5501
7,坝,bà,5502
7,罢免,bàmiǎn,5503
7,罢休,bàxiū,5504
7,霸占,bàzhàn,5505
7,掰,bāi,5506
7,白白,báibái,5507
7,百分比,bǎifēnbǐ,5508
7,百合,bǎihé,5509
7,百科全书,bǎikē quánshū,5510
7,柏树,bǎishù,5511
7,摆放,bǎifàng,5512
7,摆平,bǎipíng,5513
7,摆设,bǎishe,5514
7,拜会,bàihuì,5515
7,拜见,bàijiàn,5516
7,拜年,bàinián,5517
7,拜托,bàituō,5518
7,扳,bān,5519
7,颁布,bānbù,5520
7,颁发,bānfā,5521
7,颁奖,bānjiǎng,5522
7,斑点,bāndiǎn,5523
7,搬迁,bānqiān,5524
7,板块,bǎnkuài,5525
7,办不到,bàn bu dào,5526
7,半边天,bànbiāntiān,5527
7,半场,bànchǎng,5528
7,半岛,bàndǎo,5529
7,半路,bànlù,5530
7,半数,bànshù,5531
7,半途而废,bàntú'érfèi,5532
7,半信半疑,bànxìn-bànyí,5533
7,半真半假,bànzhēn-bànjiǎ,5534
7,扮,bàn,5535
7,伴,bàn,5536
7,伴侣,bànlǚ,5537
7,伴随,bànsuí,5538
7,伴奏,bànzòu,5539
7,拌,bàn,5540
7,帮手,bāngshou,5541
7,绑,bǎng,5542
7,绑架,bǎngjià,5543
7,榜样,bǎngyàng,5544
7,棒球,bàngqiú,5545
7,磅,bàng,5546
7,包袱,bāofu,5547
7,包容,bāoróng,5548
7,包扎,bāozā,5549
7,剥,bāo,5550
7,煲,bāo,5551
7,饱和,bǎohé,5552
7,饱满,bǎomǎn,5553
7,宝库,bǎokù,5554
7,宝藏,bǎozàng,5555
7,保管,bǎoguǎn,5556
7,保姆,bǎomǔ,5557
7,保暖,bǎonuǎn,5558
7,保鲜,bǎoxiān,5559
7,保修,bǎoxiū,5560
7,保佑,bǎoyòu,5561
7,保障,bǎozhàng,5562
7,保质期,bǎozhìqī,5563
7,保重,bǎozhòng,5564
7,堡垒,bǎolěi,5565
7,报,bào,5566
7,报仇,bàochóu,5567
7,报酬,bàochou,5568
7,报废,bàofèi,5569
7,报复,bàofù,5570
7,报社,bàoshè,5571
7,报亭,bàotíng,5572
7,报销,bàoxiāo,5573
7,抱负,bàofù,5574
7,豹,bào,5575
7,暴风骤雨,bàofēng-zhòuyǔ,5576
7,暴利,bàolì,5577
7,暴躁,bàozào,5578
7,曝光,bàoguāng,5579
7,爆冷门,bào lěngmén,5580
7,爆满,bàomǎn,5581
7,爆竹,bàozhú,5582
7,卑鄙,bēibǐ,5583
7,悲哀,bēi'āi,5584
7,悲观,bēiguān,5585
7,悲欢离合,bēihuān-líhé,5586
7,悲痛,bēitòng,5587
7,碑,bēi,5588
7,贝壳,bèiké,5589
7,备课,bèikè,5590
7,备受,bèishòu,5591
7,备用,bèiyòng,5592
7,背面,bèimiàn,5593
7,背叛,bèipàn,5594
7,背诵,bèisòng,5595
7,被捕,bèibǔ,5596
7,奔波,bēnbō,5597
7,奔赴,bēnfù,5598
7,本分,běnfèn,5599
7,本能,běnnéng,5600
7,本钱,běnqián,5601
7,本色,běnsè,5602
7,本性,běnxìng,5603
7,本意,běnyì,5604
7,本着,běnzhe,5605
7,奔,bèn,5606
7,笨蛋,bèndàn,5607
7,笨重,bènzhòng,5608
7,崩溃,bēngkuì,5609
7,绷,bēng,5610
7,绷带,bēngdài,5611
7,蹦,bèng,5612
7,逼近,bījìn,5613
7,逼迫,bīpò,5614
7,逼真,bīzhēn,5615
7,鼻涕,bítì,5616
7,比比皆是,bǐbǐ-jiēshì,5617
7,比不上,bǐ bu shàng,5618
7,比起,bǐqǐ,5619
7,比试,bǐshi,5620
7,比喻,bǐyù,5621
7,鄙视,bǐshì,5622
7,必不可少,bìbùkěshǎo,5623
7,必定,bìdìng,5624
7,碧绿,bìlǜ,5625
7,弊病,bìbìng,5626
7,弊端,bìduān,5627
7,壁画,bìhuà,5628
7,避难,bìnàn,5629
7,避暑,bìshǔ,5630
7,边疆,biānjiāng,5631
7,边界,biānjiè,5632
7,边远,biānyuǎn,5633
7,编号,biānhào,5634
7,编剧,biānjù,5635
7,编排,biānpái,5636
7,编写,biānxiě,5637
7,编造,biānzào,5638
7,鞭策,biāncè,5639
7,鞭炮,biānpào,5640
7,贬值,biǎnzhí,5641
7,变革,biàngé,5642
7,变幻莫测,biànhuàn-mòcè,5643
7,变迁,biànqiān,5644
7,变异,biànyì,5645
7,变质,biànzhì,5646
7,便道,biàndào,5647
7,便饭,biànfàn,5648
7,便捷,biànjié,5649
7,便利店,biànlìdiàn,5650
7,遍布,biànbù,5651
7,辨别,biànbié,5652
7,辨认,biànrèn,5653
7,辩,biàn,5654
7,辩护,biànhù,5655
7,辩解,biànjiě,5656
7,辫子,biànzi,5657
7,标,biāo,5658
7,标榜,biāobǎng,5659
7,标本,biāoběn,5660
7,标签,biāoqiān,5661
7,标示,biāoshì,5662
7,标语,biāoyǔ,5663
7,标致,biāozhì,5664
7,飙升,biāoshēng,5665
7,表白,biǎobái,5666
7,表决,biǎojué,5667
7,表述,biǎoshù,5668
7,表率,biǎoshuài,5669
7,表态,biǎotài,5670
7,表彰,biǎozhāng,5671
7,憋,biē,5672
7,别具匠心,biéjù-jiàngxīn,5673
7,别看,biékàn,5674
7,别墅,biéshù,5675
7,别说,biéshuō,5676
7,别提了,biétí le,5677
7,别致,biézhì,5678
7,别扭,bièniu,5679
7,彬彬有礼,bīnbīn-yǒulǐ,5680
7,滨海,bīn hǎi,5681
7,缤纷,bīnfēn,5682
7,冰棍儿,bīnggùnr,5683
7,冰山,bīngshān,5684
7,丙,bǐng,5685
7,秉承,bǐngchéng,5686
7,并非,bìngfēi,5687
7,并购,bìnggòu,5688
7,并列,bìngliè,5689
7,并行,bìngxíng,5690
7,病床,bìngchuáng,5691
7,病症,bìngzhèng,5692
7,拨,bō,5693
7,拨款,bōkuǎn,5694
7,拨通,bōtōng,5695
7,波及,bōjí,5696
7,波澜,bōlán,5697
7,波涛,bōtāo,5698
7,波折,bōzhé,5699
7,剥夺,bōduó,5700
7,剥削,bōxuē,5701
7,伯伯,bóbo,5702
7,伯父,bófù,5703
7,伯母,bómǔ,5704
7,驳回,bóhuí,5705
7,脖子,bózi,5706
7,搏斗,bódòu,5707
7,不定,bùdìng,5708
7,不见得,bùjiàndé,5709
7,不利于,bùlì yú,5710
7,不慎,bùshèn,5711
7,不适,bùshì,5712
7,不算,bù suàn,5713
7,不像话,bùxiànghuà,5714
7,不屑,bùxiè,5715
7,不懈,bùxiè,5716
7,不亚于,bùyàyú,5717
7,不亦乐乎,bùyìlèhū,5718
7,不翼而飞,bùyì'érfēi,5719
7,不用说,bùyòngshuō,5720
7,不正之风,bùzhèngzhīfēng,5721
7,补给,bǔjǐ,5722
7,补救,bǔjiù,5723
7,捕捉,bǔzhuō,5724
7,哺育,bǔyù,5725
7,不耻下问,bùchǐ-xiàwèn,5726
7,不辞而别,bùcí'érbié,5727
7,不得而知,bùdé'érzhī,5728
7,不得已,bùdéyǐ,5729
7,不妨,bùfáng,5730
7,不服,bùfú,5731
7,不服气,bù fúqì,5732
7,不假思索,bùjiǎ-sīsuǒ,5733
7,不解,bùjiě,5734
7,不经意,bùjīngyì,5735
7,不景气,bùjǐngqì,5736
7,不堪,bùkān,5737
7,不可避免,bùkě-bìmiǎn,5738
7,不可思议,bùkě-sīyì,5739
7,不肯,bù kěn,5740
7,不理,bù lǐ,5741
7,不了了之,bùliǎo-liǎozhī,5742
7,不难,bù nán,5743
7,不平,bùpíng,5744
7,不起眼,bùqǐyǎn,5745
7,不容,bùróng,5746
7,不如说,bùrú shuō,5747
7,不同寻常,bùtóng-xúncháng,5748
7,不为人知,bùwéirénzhī,5749
7,不惜,bùxī,5750
7,不相上下,bùxiāng-shàngxià,5751
7,不宜,bùyí,5752
7,不已,bùyǐ,5753
7,不以为然,bùyǐwéirán,5754
7,不由得,bùyóude,5755
7,不由自主,bùyóuzìzhǔ,5756
7,不予,bù yǔ,5757
7,不约而同,bùyuē'értóng,5758
7,不知,bùzhī,5759
7,不知不觉,bùzhī-bùjué,5760
7,不准,bù zhǔn,5761
7,布局,bùjú,5762
7,步伐,bùfá,5763
7,步入,bùrù,5764
7,步骤,bùzhòu,5765
7,部件,bùjiàn,5766
7,部署,bùshǔ,5767
7,猜谜,cāimí,5768
7,猜想,cāixiǎng,5769
7,才华,cáihuá,5770
7,财经,cáijīng,5771
7,财力,cáilì,5772
7,财务,cáiwù,5773
7,财物,cáiwù,5774
7,财政,cáizhèng,5775
7,裁,cái,5776
7,裁定,cáidìng,5777
7,裁决,cáijué,5778
7,采,cǎi,5779
7,采集,cǎijí,5780
7,采矿,cǎikuàng,5781
7,彩电,cǎidiàn,5782
7,彩虹,cǎihóng,5783
7,彩霞,cǎixiá,5784
7,菜市场,càishìchǎng,5785
7,参见,cānjiàn,5786
7,参军,cānjūn,5787
7,参谋,cānmóu,5788
7,参照,cānzhào,5789
7,餐桌,cānzhuō,5790
7,残,cán,5791
7,残留,cánliú,5792
7,残缺,cánquē,5793
7,残忍,cánrěn,5794
7,惭愧,cánkuì,5795
7,惨白,cǎnbái,5796
7,惨痛,cǎntòng,5797
7,惨重,cǎnzhòng,5798
7,灿烂,cànlàn,5799
7,苍蝇,cāngying,5800
7,沧桑,cāngsāng,5801
7,舱,cāng,5802
7,藏匿,cángnì,5803
7,藏品,cángpǐn,5804
7,藏身,cángshēn,5805
7,操控,cāokòng,5806
7,操劳,cāoláo,5807
7,操心,cāoxīn,5808
7,槽,cáo,5809
7,草案,cǎo'àn,5810
7,草坪,cǎopíng,5811
7,侧面,cèmiàn,5812
7,侧重,cèzhòng,5813
7,测算,cèsuàn,5814
7,测验,cèyàn,5815
7,层出不穷,céngchū-bùqióng,5816
7,蹭,cèng,5817
7,差错,chācuò,5818
7,差额,chā'é,5819
7,插手,chāshǒu,5820
7,插图,chātú,5821
7,插嘴,chāzuǐ,5822
7,茶道,chádào,5823
7,茶馆儿,cháguǎnr,5824
7,查处,cháchǔ,5825
7,查明,chámíng,5826
7,查找,cházhǎo,5827
7,察觉,chájué,5828
7,察看,chákàn,5829
7,诧异,chàyì,5830
7,掺,chān,5831
7,搀,chān,5832
7,馋,chán,5833
7,禅杖,chánzhàng,5834
7,缠,chán,5835
7,产,chǎn,5836
7,产地,chǎndì,5837
7,产物,chǎnwù,5838
7,产值,chǎnzhí,5839
7,铲,chǎn,5840
7,铲子,chǎnzi,5841
7,阐述,chǎnshù,5842
7,颤抖,chàndǒu,5843
7,猖狂,chāngkuáng,5844
7,长达,cháng dá,5845
7,长期以来,chángqī yǐlái,5846
7,长效,chángxiào,5847
7,长征,chángzhēng,5848
7,长足,chángzú,5849
7,常理,chánglǐ,5850
7,常人,chángrén,5851
7,常态,chángtài,5852
7,常温,chángwēn,5853
7,偿还,chánghuán,5854
7,嫦娥,Cháng'é,5855
7,厂家,chǎngjiā,5856
7,敞开,chǎngkāi,5857
7,畅谈,chàngtán,5858
7,畅销,chàngxiāo,5859
7,倡议,chàngyì,5860
7,抄袭,chāoxí,5861
7,钞票,chāopiào,5862
7,超标,chāobiāo,5863
7,超车,chāochē,5864
7,超前,chāoqián,5865
7,超速,chāosù,5866
7,朝代,cháodài,5867
7,朝着,cháozhe,5868
7,嘲弄,cháonòng,5869
7,嘲笑,cháoxiào,5870
7,吵嘴,chǎozuǐ,5871
7,车道,chēdào,5872
7,车祸,chēhuò,5873
7,车间,chējiān,5874
7,车轮,chēlún,5875
7,车速,chēsù,5876
7,车位,chēwèi,5877
7,车厢,chēxiāng,5878
7,车型,chēxíng,5879
7,车轴,chēzhóu,5880
7,扯,chě,5881
7,彻夜,chèyè,5882
7,撤,chè,5883
7,撤换,chèhuàn,5884
7,沉甸甸,chéndiàndiàn,5885
7,沉淀,chéndiàn,5886
7,沉浸,chénjìn,5887
7,沉闷,chénmèn,5888
7,沉迷,chénmí,5889
7,沉思,chénsī,5890
7,沉稳,chénwěn,5891
7,沉着,chénzhuó,5892
7,陈旧,chénjiù,5893
7,陈列,chénliè,5894
7,陈述,chénshù,5895
7,衬托,chèntuō,5896
7,趁,chèn,5897
7,趁机,chènjī,5898
7,趁早,chènzǎo,5899
7,趁着,chènzhe,5900
7,称呼,chēnghu,5901
7,称作,chēngzuò,5902
7,成才,chéngcái,5903
7,成家,chéngjiā,5904
7,成年,chéngnián,5905
7,成年,chéngnián,5906
7,成千上万,chéngqiān-shàngwàn,5907
7,成群结队,chéngqún-jiéduì,5908
7,成天,chéngtiān,5909
7,成问题,chéngwèntí,5910
7,成型,chéngxíng,5911
7,呈现,chéngxiàn,5912
7,诚恳,chéngkěn,5913
7,诚心诚意,chéngxīn-chéngyì,5914
7,诚意,chéngyì,5915
7,诚挚,chéngzhì,5916
7,承包,chéngbāo,5917
7,承载,chéngzài,5918
7,城墙,chéngqiáng,5919
7,乘人之危,chéngrénzhīwēi,5920
7,盛,chéng,5921
7,惩处,chéngchǔ,5922
7,惩罚,chéngfá,5923
7,澄清,chéngqīng,5924
7,橙汁,chéngzhī,5925
7,逞能,chěngnéng,5926
7,逞强,chěngqiáng,5927
7,秤,chèng,5928
7,吃不上,chī bushàng,5929
7,吃喝玩乐,chī-hē-wán-lè,5930
7,吃苦,chīkǔ,5931
7,吃亏,chīkuī,5932
7,痴呆,chīdāi,5933
7,痴迷,chīmí,5934
7,痴心,chīxīn,5935
7,池塘,chítáng,5936
7,驰名,chímíng,5937
7,迟迟,chíchí,5938
7,迟疑,chíyí,5939
7,迟早,chízǎo,5940
7,持,chí,5941
7,持久,chíjiǔ,5942
7,持之以恒,chízhī-yǐhéng,5943
7,尺度,chǐdù,5944
7,耻辱,chǐrǔ,5945
7,耻笑,chǐxiào,5946
7,赤字,chìzì,5947
7,翅膀,chìbǎng,5948
7,冲刺,chōngcì,5949
7,冲浪,chōnglàng,5950
7,冲洗,chōngxǐ,5951
7,冲撞,chōngzhuàng,5952
7,充,chōng,5953
7,充当,chōngdāng,5954
7,充沛,chōngpèi,5955
7,充实,chōngshí,5956
7,重播,chóngbō,5957
7,重叠,chóngdié,5958
7,重返,chóngfǎn,5959
7,重合,chónghé,5960
7,重申,chóngshēn,5961
7,重现,chóngxiàn,5962
7,崇高,chónggāo,5963
7,崇尚,chóngshàng,5964
7,宠,chǒng,5965
7,宠爱,chǒng'ài,5966
7,抽签,chōuqiān,5967
7,抽屉,chōuti,5968
7,抽象,chōuxiàng,5969
7,仇,chóu,5970
7,仇恨,chóuhèn,5971
7,仇人,chóurén,5972
7,稠,chóu,5973
7,稠密,chóumì,5974
7,愁眉苦脸,chóuméi-kǔliǎn,5975
7,筹,chóu,5976
7,筹办,chóubàn,5977
7,筹备,chóubèi,5978
7,筹措,chóucuò,5979
7,筹划,chóuhuà,5980
7,筹集,chóují,5981
7,筹码,chóumǎ,5982
7,丑恶,chǒu'è,5983
7,丑陋,chǒulòu,5984
7,丑闻,chǒuwén,5985
7,瞅,chǒu,5986
7,出版社,chūbǎnshè,5987
7,出厂,chūchǎng,5988
7,出丑,chūchǒu,5989
7,出道,chūdào,5990
7,出发点,chūfādiǎn,5991
7,出风头,chū fēngtou,5992
7,出境,chūjìng,5993
7,出局,chūjú,5994
7,出具,chūjù,5995
7,出口成章,chūkǒu-chéngzhāng,5996
7,出卖,chūmài,5997
7,出毛病,chū máobìng,5998
7,出难题,chū nántí,5999
7,出人意料,chūrényìliào,6000
7,出任,chūrèn,6001
7,出山,chūshān,6002
7,出身,chūshēn,6003
7,出示,chūshì,6004
7,出手,chūshǒu,6005
7,出头,chūtóu,6006
7,出土,chūtǔ,6007
7,出息,chūxi,6008
7,出血,chūxiě,6009
7,出演,chūyǎn,6010
7,出洋相,chū yángxiàng,6011
7,出游,chūyóu,6012
7,出众,chūzhòng,6013
7,出主意,chū zhǔyi,6014
7,出资,chūzī,6015
7,出自,chūzì,6016
7,出走,chūzǒu,6017
7,初次,chūcì,6018
7,初衷,chūzhōng,6019
7,除此之外,chúcǐzhīwài,6020
7,除去,chúqù,6021
7,除外,chúwài,6022
7,处方,chǔfāng,6023
7,处境,chǔjìng,6024
7,处置,chǔzhì,6025
7,储备,chǔbèi,6026
7,储蓄,chǔxù,6027
7,触动,chùdòng,6028
7,触犯,chùfàn,6029
7,触觉,chùjué,6030
7,触摸,chùmō,6031
7,触目惊心,chùmù-jīngxīn,6032
7,揣,chuāi,6033
7,揣测,chuǎicè,6034
7,揣摩,chuǎimó,6035
7,踹,chuài,6036
7,川流不息,chuānliú-bùxī,6037
7,穿过,chuānguò,6038
7,穿小鞋,chuān xiǎoxié,6039
7,穿越,chuānyuè,6040
7,穿着,chuānzhuó,6041
7,传承,chuánchéng,6042
7,传奇,chuánqí,6043
7,传染,chuánrǎn,6044
7,传染病,chuánrǎnbìng,6045
7,传人,chuánrén,6046
7,传授,chuánshòu,6047
7,传闻,chuánwén,6048
7,船舶,chuánbó,6049
7,船桨,chuánjiǎng,6050
7,喘,chuǎn,6051
7,喘息,chuǎnxī,6052
7,串门,chuànmén,6053
7,创伤,chuāngshāng,6054
7,床位,chuángwèi,6055
7,创,chuàng,6056
7,创始人,chuàngshǐrén,6057
7,吹了,chuī le,6058
7,吹牛,chuīniú,6059
7,吹捧,chuīpěng,6060
7,垂,chuí,6061
7,垂头丧气,chuítóu-sàngqì,6062
7,捶,chuí,6063
7,锤子,chuízi,6064
7,纯粹,chúncuì,6065
7,纯洁,chúnjié,6066
7,纯朴,chúnpǔ,6067
7,醇厚,chúnhòu,6068
7,蠢,chǔn,6069
7,戳,chuō,6070
7,绰号,chuòhào,6071
7,瓷,cí,6072
7,瓷器,cíqì,6073
7,辞,cí,6074
7,辞呈,cíchéng,6075
7,辞去,cíqù,6076
7,辞退,cítuì,6077
7,慈善,císhàn,6078
7,慈祥,cíxiáng,6079
7,磁带,cídài,6080
7,磁卡,cíkǎ,6081
7,磁盘,cípán,6082
7,此起彼伏,cǐqǐ-bǐfú,6083
7,次日,cìrì,6084
7,伺候,cìhou,6085
7,刺耳,cì'ěr,6086
7,刺骨,cìgǔ,6087
7,刺绣,cìxiù,6088
7,赐,cì,6089
7,赐教,cìjiào,6090
7,匆匆,cōngcōng,6091
7,匆忙,cōngmáng,6092
7,葱,cōng,6093
7,从今以后,cóng jīn yǐhòu,6094
7,从来不,cónglái bù,6095
7,从容,cóngróng,6096
7,从容不迫,cóngróng-bùpò,6097
7,从头,cóngtóu,6098
7,从未,cóngwèi,6099
7,从业,cóngyè,6100
7,从早到晚,cóngzǎo-dàowǎn,6101
7,丛林,cónglín,6102
7,凑,còu,6103
7,凑合,còuhe,6104
7,凑巧,còuqiǎo,6105
7,粗暴,cūbào,6106
7,粗糙,cūcāo,6107
7,粗鲁,cūlǔ,6108
7,粗略,cūlüè,6109
7,粗心大意,cūxīn-dàyì,6110
7,促成,cùchéng,6111
7,簇拥,cùyōng,6112
7,窜,cuàn,6113
7,催,cuī,6114
7,催促,cuīcù,6115
7,催眠,cuīmián,6116
7,摧毁,cuīhuǐ,6117
7,脆弱,cuìruò,6118
7,翠绿,cuìlǜ,6119
7,存放,cúnfàng,6120
7,存心,cúnxīn,6121
7,存折,cúnzhé,6122
7,搓,cuō,6123
7,磋商,cuōshāng,6124
7,挫折,cuòzhé,6125
7,措手不及,cuòshǒu-bùjí,6126
7,错别字,cuòbiézì,6127
7,错觉,cuòjué,6128
7,错位,cuòwèi,6129
7,错综复杂,cuòzōng-fùzá,6130
7,搭乘,dāchéng,6131
7,搭建,dājiàn,6132
7,达标,dábiāo,6133
7,答辩,dábiàn,6134
7,打岔,dǎchà,6135
7,打倒,dǎdǎo,6136
7,打盹儿,dǎdǔnr,6137
7,打交道,dǎ jiāodao,6138
7,打搅,dǎjiǎo,6139
7,打捞,dǎlāo,6140
7,打量,dǎliang,6141
7,打猎,dǎliè,6142
7,打磨,dǎmó,6143
7,打通,dǎtōng,6144
7,打仗,dǎzhàng,6145
7,打招呼,dǎ zhāohu,6146
7,大包大揽,dàbāo-dàlǎn,6147
7,大笔,dàbǐ,6148
7,大臣,dàchén,6149
7,大吃一惊,dàchī-yījīng,6150
7,大大咧咧,dàdaliēliē,6151
7,大地,dàdì,6152
7,大队,dàduì,6153
7,大幅度,dà fúdù,6154
7,大公无私,dàgōng-wúsī,6155
7,大家庭,dàjiātíng,6156
7,大街小巷,dàjiē-xiǎoxiàng,6157
7,大惊小怪,dàjīng-xiǎoguài,6158
7,大局,dàjú,6159
7,大款,dàkuǎn,6160
7,大面积,dà miànjī,6161
7,大名鼎鼎,dàmíng-dǐngdǐng,6162
7,大模大样,dàmú-dàyàng,6163
7,大棚,dàpéng,6164
7,大片,dàpiàn,6165
7,大气,dàqì,6166
7,大厦,dàshà,6167
7,大数据,dàshùjù,6168
7,大肆,dàsì,6169
7,大体,dàtǐ,6170
7,大体上,dàtǐ shang,6171
7,大同小异,dàtóng-xiǎoyì,6172
7,大腕儿,dàwànr,6173
7,大选,dàxuǎn,6174
7,大雁,dàyàn,6175
7,大意,dàyì,6176
7,大意,dàyi,6177
7,大有可为,dàyǒu-kěwéi,6178
7,大宗,dàzōng,6179
7,歹徒,dǎitú,6180
7,逮,dǎi,6181
7,代号,dàihào,6182
7,代理人,dàilǐrén,6183
7,代言人,dàiyánrén,6184
7,带队,dàiduì,6185
7,带路,dàilù,6186
7,带头,dàitóu,6187
7,带头人,dàitóurén,6188
7,待,dài,6189
7,怠工,dàigōng,6190
7,怠慢,dàimàn,6191
7,逮捕,dàibǔ,6192
7,担,dān,6193
7,担当,dāndāng,6194
7,担负,dānfù,6195
7,单边,dānbiān,6196
7,单薄,dānbó,6197
7,单方面,dānfāngmiàn,6198
7,单身,dānshēn,6199
7,耽搁,dānge,6200
7,耽误,dānwu,6201
7,胆怯,dǎnqiè,6202
7,胆子,dǎnzi,6203
7,但愿,dànyuàn,6204
7,担,dàn,6205
7,担子,dànzi,6206
7,诞辰,dànchén,6207
7,淡化,dànhuà,6208
7,淡季,dànjì,6209
7,蛋白质,dànbáizhì,6210
7,当即,dāngjí,6211
7,当今,dāngjīn,6212
7,当面,dāngmiàn,6213
7,当日,dāngrì,6214
7,当事人,dāngshìrén,6215
7,当务之急,dāngwùzhījí,6216
7,当下,dāngxià,6217
7,当心,dāngxīn,6218
7,当着,dāngzhe,6219
7,当之无愧,dāngzhīwúkuì,6220
7,当众,dāngzhòng,6221
7,当晚,dàngwǎn,6222
7,当真,dàngzhēn,6223
7,荡漾,dàngyàng,6224
7,档次,dàngcì,6225
7,导弹,dǎodàn,6226
7,导航,dǎoháng,6227
7,导火索,dǎohuǒsuǒ,6228
7,导师,dǎoshī,6229
7,导向,dǎoxiàng,6230
7,岛屿,dǎoyǔ,6231
7,捣乱,dǎoluàn,6232
7,倒卖,dǎomài,6233
7,倒霉,dǎoméi,6234
7,倒塌,dǎotā,6235
7,倒下,dǎoxia,6236
7,到头来,dàotóulái,6237
7,到位,dàowèi,6238
7,倒计时,dàojìshí,6239
7,倒数,dàoshǔ,6240
7,盗,dào,6241
7,盗窃,dàoqiè,6242
7,悼念,dàoniàn,6243
7,道具,dàojù,6244
7,稻草,dàocǎo,6245
7,得不偿失,débùchángshī,6246
7,得当,dédàng,6247
7,得力,délì,6248
7,得失,déshī,6249
7,得手,déshǒu,6250
7,得体,détǐ,6251
7,得天独厚,détiāndúhòu,6252
7,得益于,déyì yú,6253
7,得意扬扬,déyì-yángyáng,6254
7,得知,dézhī,6255
7,得罪,dézuì,6256
7,德,dé,6257
7,灯笼,dēnglong,6258
7,灯泡,dēngpào,6259
7,登机,dēngjī,6260
7,登陆,dēnglù,6261
7,蹬,dēng,6262
7,凳子,dèngzi,6263
7,瞪,dèng,6264
7,低调,dīdiào,6265
7,低估,dīgū,6266
7,低谷,dīgǔ,6267
7,低价,dījià,6268
7,低迷,dīmí,6269
7,低碳,dītàn,6270
7,低下,dīxià,6271
7,堤,dī,6272
7,堤坝,dībà,6273
7,提防,dīfang,6274
7,笛子,dízi,6275
7,抵触,dǐchù,6276
7,抵挡,dǐdǎng,6277
7,抵消,dǐxiāo,6278
7,抵押,dǐyā,6279
7,抵御,dǐyù,6280
7,抵制,dǐzhì,6281
7,底层,dǐcéng,6282
7,底线,dǐxiàn,6283
7,底蕴,dǐyùn,6284
7,底子,dǐzi,6285
7,地步,dìbù,6286
7,地道,dìdào,6287
7,地道,dìdao,6288
7,地段,dìduàn,6289
7,地理,dìlǐ,6290
7,地毯,dìtǎn,6291
7,地下水,dìxiàshuǐ,6292
7,地狱,dìyù,6293
7,地域,dìyù,6294
7,地质,dìzhì,6295
7,弟子,dìzǐ,6296
7,帝国,dìguó,6297
7,帝国主义,dìguó zhǔyì,6298
7,递交,dìjiāo,6299
7,第一手,dìyīshǒu,6300
7,第一线,dìyīxiàn,6301
7,颠倒,diāndǎo,6302
7,颠覆,diānfù,6303
7,巅峰,diānfēng,6304
7,典范,diǎnfàn,6305
7,点火,diǎnhuǒ,6306
7,点击率,diǎnjīlǜ,6307
7,点评,diǎnpíng,6308
7,点心,diǎnxin,6309
7,点缀,diǎnzhuì,6310
7,点子,diǎnzi,6311
7,电报,diànbào,6312
7,电铃,diànlíng,6313
7,电网,diànwǎng,6314
7,电线,diànxiàn,6315
7,电信,diànxìn,6316
7,电讯,diànxùn,6317
7,垫,diàn,6318
7,垫底,diàndǐ,6319
7,垫子,diànzi,6320
7,淀粉,diànfěn,6321
7,惦记,diànjì,6322
7,奠定,diàndìng,6323
7,殿堂,diàntáng,6324
7,刁难,diāonàn,6325
7,叼,diāo,6326
7,雕,diāo,6327
7,雕刻,diāokè,6328
7,雕塑,diāosù,6329
7,吊销,diàoxiāo,6330
7,钓鱼,diàoyú,6331
7,调度,diàodù,6332
7,掉队,diàoduì,6333
7,掉头,diàotóu,6334
7,爹,diē,6335
7,迭起,diéqǐ,6336
7,叠,dié,6337
7,丁,dīng,6338
7,叮嘱,dīngzhǔ,6339
7,盯,dīng,6340
7,钉子,dīngzi,6341
7,顶多,dǐngduō,6342
7,顶级,dǐngjí,6343
7,顶尖,dǐngjiān,6344
7,订单,dìngdān,6345
7,订购,dìnggòu,6346
7,订婚,dìnghūn,6347
7,订立,dìnglì,6348
7,钉,dìng,6349
7,定金,dìngjīn,6350
7,定居,dìngjū,6351
7,定论,dìnglùn,6352
7,定为,dìngwéi,6353
7,定向,dìngxiàng,6354
7,定心丸,dìngxīnwán,6355
7,定义,dìngyì,6356
7,定做,dìngzuò,6357
7,丢掉,diūdiào,6358
7,丢脸,diūliǎn,6359
7,丢弃,diūqì,6360
7,丢人,diūrén,6361
7,丢失,diūshī,6362
7,东奔西走,dōngbēn-xīzǒu,6363
7,东道主,dōngdàozhǔ,6364
7,东张西望,dōngzhāng-xīwàng,6365
7,董事,dǒngshì,6366
7,董事会,dǒngshìhuì,6367
7,董事长,dǒngshìzhǎng,6368
7,懂事,dǒngshì,6369
7,动不动,dòngbudòng,6370
7,动荡,dòngdàng,6371
7,动感,dònggǎn,6372
7,动工,dònggōng,6373
7,动静,dòngjing,6374
7,动脉,dòngmài,6375
7,动身,dòngshēn,6376
7,动弹,dòngtan,6377
7,动听,dòngtīng,6378
7,动向,dòngxiàng,6379
7,动用,dòngyòng,6380
7,冻结,dòngjié,6381
7,栋,dòng,6382
7,栋梁,dòngliáng,6383
7,兜,dōu,6384
7,兜儿,dōur,6385
7,兜售,dōushòu,6386
7,抖,dǒu,6387
7,陡,dǒu,6388
7,斗,dòu,6389
7,斗志,dòuzhì,6390
7,豆浆,dòujiāng,6391
7,豆子,dòuzi,6392
7,逗,dòu,6393
7,都会,dūhuì,6394
7,督促,dūcù,6395
7,独,dú,6396
7,独唱,dúchàng,6397
7,独家,dújiā,6398
7,独立自主,dúlì-zìzhǔ,6399
7,独身,dúshēn,6400
7,独一无二,dúyī-wú'èr,6401
7,堵塞,dǔsè,6402
7,杜绝,dùjué,6403
7,妒忌,dùjì,6404
7,度（知名度）,dù(zhīmíngdù),6405
7,度假,dùjià,6406
7,渡过,dùguò,6407
7,端正,duānzhèng,6408
7,短缺,duǎnquē,6409
7,短暂,duǎnzàn,6410
7,段落,duànluò,6411
7,断定,duàndìng,6412
7,断断续续,duànduànxùxù,6413
7,断裂,duànliè,6414
7,堆砌,duīqì,6415
7,队形,duìxíng,6416
7,对白,duìbái,6417
7,对策,duìcè,6418
7,对称,duìchèn,6419
7,对得起,duìdeqǐ,6420
7,对联,duìlián,6421
7,对弈,duìyì,6422
7,对照,duìzhào,6423
7,对峙,duìzhì,6424
7,对准,duìzhǔn,6425
7,兑换,duìhuàn,6426
7,兑现,duìxiàn,6427
7,敦促,dūncù,6428
7,敦厚,dūnhòu,6429
7,炖,dùn,6430
7,顿时,dùnshí,6431
7,多边,duōbiān,6432
7,多功能,duōgōngnéng,6433
7,多亏,duōkuī,6434
7,多劳多得,duōláo-duōdé,6435
7,多年来,duō nián lái,6436
7,多心,duōxīn,6437
7,多余,duōyú,6438
7,多元,duōyuán,6439
7,哆嗦,duōsuo,6440
7,夺冠,duóguàn,6441
7,夺魁,duókuí,6442
7,躲避,duǒbì,6443
7,躲藏,duǒcáng,6444
7,舵手,duòshǒu,6445
7,堕落,duòluò,6446
7,讹诈,ézhà,6447
7,俄语,Éyǔ,6448
7,鹅,é,6449
7,额外,éwài,6450
7,厄运,èyùn,6451
7,恶,è,6452
7,恶化,èhuà,6453
7,恶劣,èliè,6454
7,恶性,èxìng,6455
7,恶意,èyì,6456
7,遏制,èzhì,6457
7,鳄鱼,èyú,6458
7,恩赐,ēncì,6459
7,恩惠,ēnhuì,6460
7,恩情,ēnqíng,6461
7,恩怨,ēnyuàn,6462
7,而已,éryǐ,6463
7,耳光,ěrguāng,6464
7,耳目一新,ěrmù-yīxīn,6465
7,耳熟能详,ěrshú-néngxiáng,6466
7,耳闻目睹,ěrwén-mùdǔ,6467
7,二手车,èrshǒuchē,6468
7,二氧化碳,èryǎnghuàtàn,6469
7,发布会,fābùhuì,6470
7,发财,fācái,6471
7,发愁,fāchóu,6472
7,发电机,fādiànjī,6473
7,发抖,fādǒu,6474
7,发愤图强,fāfèn-túqiáng,6475
7,发光,fāguāng,6476
7,发火,fāhuǒ,6477
7,发酵,fājiào,6478
7,发掘,fājué,6479
7,发愣,fālèng,6480
7,发脾气,fā píqi,6481
7,发起人,fāqǐrén,6482
7,发热,fārè,6483
7,发誓,fāshì,6484
7,发泄,fāxiè,6485
7,发扬,fāyáng,6486
7,发扬光大,fāyáng-guāngdà,6487
7,发育,fāyù,6488
7,发源地,fāyuándì,6489
7,发作,fāzuò,6490
7,阀门,fámén,6491
7,发型,fàxíng,6492
7,帆,fān,6493
7,帆船,fānchuán,6494
7,翻番,fānfān,6495
7,翻来覆去,fānlái-fùqù,6496
7,翻天覆地,fāntiān-fùdì,6497
7,凡,fán,6498
7,烦闷,fánmèn,6499
7,烦恼,fánnǎo,6500
7,烦躁,fánzào,6501
7,繁华,fánhuá,6502
7,繁忙,fánmáng,6503
7,繁体字,fántǐzì,6504
7,繁重,fánzhòng,6505
7,反驳,fǎnbó,6506
7,反差,fǎnchā,6507
7,反常,fǎncháng,6508
7,反倒,fǎndào,6509
7,反感,fǎngǎn,6510
7,反过来,fǎn guòlái,6511
7,反击,fǎnjī,6512
7,反馈,fǎnkuì,6513
7,反面,fǎnmiàn,6514
7,反思,fǎnsī,6515
7,反弹,fǎntán,6516
7,反省,fǎnxǐng,6517
7,返还,fǎnhuán,6518
7,犯愁,fànchóu,6519
7,饭碗,fànwǎn,6520
7,泛滥,fànlàn,6521
7,范畴,fànchóu,6522
7,贩卖,fànmài,6523
7,方方面面,fāngfāngmiànmiàn,6524
7,方向盘,fāngxiàngpán,6525
7,方言,fāngyán,6526
7,防盗,fángdào,6527
7,防盗门,fángdàomén,6528
7,防护,fánghù,6529
7,防火墙,fánghuǒqiáng,6530
7,防卫,fángwèi,6531
7,防汛,fángxùn,6532
7,防疫,fángyì,6533
7,防御,fángyù,6534
7,妨碍,fáng'ài,6535
7,妨害,fánghài,6536
7,房地产,fángdìchǎn,6537
7,仿,fǎng,6538
7,仿制,fǎngzhì,6539
7,访谈,fǎngtán,6540
7,纺织,fǎngzhī,6541
7,放过,fàngguò,6542
7,放水,fàngshuǐ,6543
7,放肆,fàngsì,6544
7,放映,fàngyìng,6545
7,放置,fàngzhì,6546
7,放纵,fàngzòng,6547
7,飞速,fēisù,6548
7,飞往,fēiwǎng,6549
7,飞翔,fēixiáng,6550
7,飞跃,fēiyuè,6551
7,非（非金属）,fēi (fēijīnshǔ),6552
7,非得,fēiděi,6553
7,非法,fēifǎ,6554
7,非凡,fēifán,6555
7,绯闻,fēiwén,6556
7,肥料,féiliào,6557
7,肥胖,féipàng,6558
7,肥沃,féiwò,6559
7,肥皂,féizào,6560
7,诽谤,fěibàng,6561
7,废,fèi,6562
7,废除,fèichú,6563
7,废话,fèihuà,6564
7,废品,fèipǐn,6565
7,废寝忘食,fèiqǐn-wàngshí,6566
7,废物,fèiwù,6567
7,废墟,fèixū,6568
7,沸沸扬扬,fèifèiyángyáng,6569
7,沸腾,fèiténg,6570
7,费劲,fèijìn,6571
7,分辨,fēnbiàn,6572
7,分寸,fēncun,6573
7,分担,fēndān,6574
7,分割,fēngē,6575
7,分红,fēnhóng,6576
7,分化,fēnhuà,6577
7,分泌,fēnmì,6578
7,分明,fēnmíng,6579
7,分歧,fēnqí,6580
7,分赃,fēnzāng,6581
7,分支,fēnzhī,6582
7,芬芳,fēnfāng,6583
7,吩咐,fēnfù,6584
7,氛围,fēnwéi,6585
7,坟,fén,6586
7,坟墓,fénmù,6587
7,焚烧,fénshāo,6588
7,粉,fěn,6589
7,粉丝,fěnsī,6590
7,粉碎,fěnsuì,6591
7,分量,fènliàng,6592
7,分外,fènwài,6593
7,份额,fèn'é,6594
7,奋力,fènlì,6595
7,奋勇,fènyǒng,6596
7,粪,fèn,6597
7,粪便,fènbiàn,6598
7,丰富多彩,fēngfù-duōcǎi,6599
7,丰厚,fēnghòu,6600
7,丰满,fēngmǎn,6601
7,丰盛,fēngshèng,6602
7,丰硕,fēngshuò,6603
7,风波,fēngbō,6604
7,风采,fēngcǎi,6605
7,风餐露宿,fēngcān-lùsù,6606
7,风范,fēngfàn,6607
7,风风雨雨,fēngfēngyǔyǔ,6608
7,风和日丽,fēnghé-rìlì,6609
7,风浪,fēnglàng,6610
7,风力,fēnglì,6611
7,风流,fēngliú,6612
7,风貌,fēngmào,6613
7,风气,fēngqì,6614
7,风情,fēngqíng,6615
7,风趣,fēngqù,6616
7,风沙,fēngshā,6617
7,风尚,fēngshàng,6618
7,风水,fēngshuǐ,6619
7,风味,fēngwèi,6620
7,风雨,fēngyǔ,6621
7,风云,fēngyún,6622
7,风筝,fēngzheng,6623
7,封顶,fēngdǐng,6624
7,封建,fēngjiàn,6625
7,封面,fēngmiàn,6626
7,封锁,fēngsuǒ,6627
7,疯子,fēngzi,6628
7,峰回路转,fēnghuí-lùzhuǎn,6629
7,蜂蜜,fēngmì,6630
7,逢,féng,6631
7,缝,féng,6632
7,缝合,fénghé,6633
7,讽刺,fěngcì,6634
7,凤凰,fènghuáng,6635
7,缝,fèng,6636
7,否决,fǒujué,6637
7,孵化,fūhuà,6638
7,敷,fū,6639
7,扶持,fúchí,6640
7,服饰,fúshì,6641
7,服务器,fúwùqì,6642
7,服用,fúyòng,6643
7,俘获,fúhuò,6644
7,俘虏,fúlǔ,6645
7,浮力,fúlì,6646
7,浮现,fúxiàn,6647
7,浮躁,fúzào,6648
7,辐射,fúshè,6649
7,福气,fúqi,6650
7,抚摸,fǔmō,6651
7,抚恤,fǔxù,6652
7,抚养,fǔyǎng,6653
7,抚养费,fǔyǎngfèi,6654
7,斧子,fǔzi,6655
7,俯首,fǔshǒu,6656
7,辅导,fǔdǎo,6657
7,腐败,fǔbài,6658
7,腐化,fǔhuà,6659
7,腐烂,fǔlàn,6660
7,腐蚀,fǔshí,6661
7,腐朽,fǔxiǔ,6662
7,付费,fùfèi,6663
7,付款,fùkuǎn,6664
7,负面,fùmiàn,6665
7,负有,fùyǒu,6666
7,附,fù,6667
7,附带,fùdài,6668
7,附和,fùhè,6669
7,附加,fùjiā,6670
7,附属,fùshǔ,6671
7,赴,fù,6672
7,复查,fùchá,6673
7,复发,fùfā,6674
7,复合,fùhé,6675
7,复活,fùhuó,6676
7,复兴,fùxīng,6677
7,复原,fùyuán,6678
7,副作用,fùzuòyòng,6679
7,赋予,fùyǔ,6680
7,富含,fùhán,6681
7,富豪,fùháo,6682
7,富强,fùqiáng,6683
7,富翁,fùwēng,6684
7,富裕,fùyù,6685
7,富足,fùzú,6686
7,腹部,fùbù,6687
7,腹泻,fùxiè,6688
7,覆盖,fùgài,6689
7,该,gāi,6690
7,改版,gǎibǎn,6691
7,改编,gǎibiān,6692
7,改动,gǎidòng,6693
7,改革开放,gǎigé kāifàng,6694
7,改良,gǎiliáng,6695
7,改名,gǎimíng,6696
7,改日,gǎirì,6697
7,改为,gǎiwéi,6698
7,改邪归正,gǎixié-guīzhèng,6699
7,钙,gài,6700
7,盖子,gàizi,6701
7,概况,gàikuàng,6702
7,概率,gàilǜ,6703
7,概论,gàilùn,6704
7,干戈,gāngē,6705
7,干旱,gānhàn,6706
7,干燥,gānzào,6707
7,甘心,gānxīn,6708
7,肝脏,gānzàng,6709
7,尴尬,gāngà,6710
7,赶赴,gǎnfù,6711
7,赶往,gǎnwǎng,6712
7,敢情,gǎnqing,6713
7,感（责任感）,gǎn (zérèngǎn),6714
7,感触,gǎnchù,6715
7,感恩,gǎn'ēn,6716
7,感激,gǎnjī,6717
7,感慨,gǎnkǎi,6718
7,感染,gǎnrǎn,6719
7,感染力,gǎnrǎnlì,6720
7,感叹,gǎntàn,6721
7,感性,gǎnxìng,6722
7,干部,gànbù,6723
7,干事,gànshi,6724
7,刚毅,gāngyì,6725
7,纲领,gānglǐng,6726
7,纲要,gāngyào,6727
7,钢,gāng,6728
7,缸,gāng,6729
7,港,gǎng,6730
7,杠铃,gànglíng,6731
7,高昂,gāo'áng,6732
7,高傲,gāo'ào,6733
7,高超,gāochāo,6734
7,高低,gāodī,6735
7,高调,gāodiào,6736
7,高额,gāo'é,6737
7,高尔夫球,gāo'ěrfūqiú,6738
7,高峰期,gāofēngqī,6739
7,高贵,gāoguì,6740
7,高空,gāokōng,6741
7,高龄,gāolíng,6742
7,高明,gāomíng,6743
7,高山,gāoshān,6744
7,高效,gāoxiào,6745
7,高新技术,gāoxīn-jìshù,6746
7,高血压,gāoxuèyā,6747
7,高压,gāoyā,6748
7,高雅,gāoyǎ,6749
7,高涨,gāozhǎng,6750
7,搞鬼,gǎoguǐ,6751
7,搞笑,gǎoxiào,6752
7,告,gào,6753
7,告辞,gàocí,6754
7,告诫,gàojiè,6755
7,告示,gàoshi,6756
7,告知,gàozhī,6757
7,告状,gàozhuàng,6758
7,戈壁,gēbì,6759
7,胳膊,gēbo,6760
7,鸽子,gēzi,6761
7,搁,gē,6762
7,搁浅,gēqiǎn,6763
7,搁置,gēzhì,6764
7,割,gē,6765
7,歌剧,gējù,6766
7,歌颂,gēsòng,6767
7,歌舞,gēwǔ,6768
7,歌咏,gēyǒng,6769
7,革命,gémìng,6770
7,格,gé,6771
7,格格不入,gégé-bùrù,6772
7,格局,géjú,6773
7,格式,géshi,6774
7,隔阂,géhé,6775
7,隔离,gélí,6776
7,个案,gè'àn,6777
7,个头儿,gètóur,6778
7,各奔前程,gèbènqiánchéng,6779
7,各式各样,gèshì-gèyàng,6780
7,根基,gēnjī,6781
7,根深蒂固,gēnshēn-dìgù,6782
7,根源,gēnyuán,6783
7,根治,gēnzhì,6784
7,跟不上,gēn bu shàng,6785
7,跟上,gēnshang,6786
7,跟踪,gēnzōng,6787
7,更改,gēnggǎi,6788
7,更衣室,gēngyīshì,6789
7,耕地,gēngdì,6790
7,耿直,gěngzhí,6791
7,工地,gōngdì,6792
7,工会,gōnghuì,6793
7,工科,gōngkē,6794
7,工商界,gōngshāngjiè,6795
7,工序,gōngxù,6796
7,工整,gōngzhěng,6797
7,工作量,gōngzuòliàng,6798
7,弓,gōng,6799
7,公安局,gōng'ānjú,6800
7,公车,gōngchē,6801
7,公道,gōngdao,6802
7,公费,gōngfèi,6803
7,公共场所,gōnggòng chǎngsuǒ,6804
7,公关,gōngguān,6805
7,公函,gōnghán,6806
7,公积金,gōngjījīn,6807
7,公开信,gōngkāixìn,6808
7,公款,gōngkuǎn,6809
7,公立,gōnglì,6810
7,公墓,gōngmù,6811
7,公仆,gōngpú,6812
7,公顷,gōngqǐng,6813
7,公然,gōngrán,6814
7,公示,gōngshì,6815
7,公事,gōngshì,6816
7,公务,gōngwù,6817
7,公益,gōngyì,6818
7,公益性,gōngyìxìng,6819
7,公用,gōngyòng,6820
7,公寓,gōngyù,6821
7,公约,gōngyuē,6822
7,公证,gōngzhèng,6823
7,公职,gōngzhí,6824
7,功,gōng,6825
7,功臣,gōngchén,6826
7,功底,gōngdǐ,6827
7,功劳,gōngláo,6828
7,功力,gōnglì,6829
7,功率,gōnglǜ,6830
7,功效,gōngxiào,6831
7,攻,gōng,6832
7,攻读,gōngdú,6833
7,攻关,gōngguān,6834
7,供,gōng,6835
7,供不应求,gōngbùyìngqiú,6836
7,供暖,gōngnuǎn,6837
7,供求,gōngqiú,6838
7,宫殿,gōngdiàn,6839
7,宫廷,gōngtíng,6840
7,恭维,gōngwéi,6841
7,恭喜,gōngxǐ,6842
7,拱,gǒng,6843
7,共鸣,gòngmíng,6844
7,共识,gòngshí,6845
7,共同体,gòngtóngtǐ,6846
7,共性,gòngxìng,6847
7,供奉,gòngfèng,6848
7,勾,gōu,6849
7,勾画,gōuhuà,6850
7,勾结,gōujié,6851
7,钩,gōu,6852
7,钩子,gōuzi,6853
7,构思,gòusī,6854
7,构想,gòuxiǎng,6855
7,购,gòu,6856
7,够呛,gòuqiàng,6857
7,估算,gūsuàn,6858
7,沽名钓誉,gūmíng-diàoyù,6859
7,孤单,gūdān,6860
7,孤立,gūlì,6861
7,孤零零,gūlínglíng,6862
7,孤陋寡闻,gūlòu-guǎwén,6863
7,辜负,gūfù,6864
7,古董,gǔdǒng,6865
7,古怪,gǔguài,6866
7,古迹,gǔjì,6867
7,古今中外,gǔjīn-zhōngwài,6868
7,古朴,gǔpǔ,6869
7,古人,gǔrén,6870
7,股份,gǔfèn,6871
7,股民,gǔmín,6872
7,股市,gǔshì,6873
7,骨干,gǔgàn,6874
7,骨气,gǔqì,6875
7,骨折,gǔzhé,6876
7,鼓动,gǔdòng,6877
7,鼓舞,gǔwǔ,6878
7,固然,gùrán,6879
7,固执,gùzhi,6880
7,故,gù,6881
7,顾不得,gùbu dé,6882
7,顾不上,gùbushàng,6883
7,顾及,gùjí,6884
7,顾虑,gùlǜ,6885
7,顾全大局,gùquán-dàjú,6886
7,雇,gù,6887
7,雇佣,gùyōng,6888
7,雇员,gùyuán,6889
7,雇主,gùzhǔ,6890
7,瓜分,guāfēn,6891
7,瓜子,guāzǐ,6892
7,刮风,guā fēng,6893
7,寡妇,guǎfu,6894
7,挂钩,guàgōu,6895
7,挂号,guàhào,6896
7,挂念,guàniàn,6897
7,挂失,guàshī,6898
7,乖,guāi,6899
7,乖巧,guāiqiǎo,6900
7,拐弯,guǎiwān,6901
7,拐杖,guǎizhàng,6902
7,怪不得,guàibude,6903
7,怪物,guàiwu,6904
7,怪异,guàiyì,6905
7,关掉,guāndiào,6906
7,关节,guānjié,6907
7,关税,guānshuì,6908
7,关头,guāntóu,6909
7,关照,guānzhào,6910
7,观测,guāncè,6911
7,观感,guāngǎn,6912
7,观摩,guānmó,6913
7,观赏,guānshǎng,6914
7,观望,guānwàng,6915
7,官兵,guānbīng,6916
7,官吏,guānlì,6917
7,官僚,guānliáo,6918
7,官僚主义,guānliáo zhǔyì,6919
7,官员,guānyuán,6920
7,棺材,guāncai,6921
7,管家,guǎnjiā,6922
7,管教,guǎnjiào,6923
7,管理费,guǎnlǐfèi,6924
7,管辖,guǎnxiá,6925
7,管用,guǎnyòng,6926
7,管子,guǎnzi,6927
7,贯彻,guànchè,6928
7,贯穿,guànchuān,6929
7,贯通,guàntōng,6930
7,惯,guàn,6931
7,惯例,guànlì,6932
7,惯性,guànxìng,6933
7,灌,guàn,6934
7,灌溉,guàngài,6935
7,灌输,guànshū,6936
7,罐,guàn,6937
7,罐头,guàntou,6938
7,光彩,guāngcǎi,6939
7,光碟,guāngdié,6940
7,光顾,guānggù,6941
7,光滑,guānghuá,6942
7,光环,guānghuán,6943
7,光缆,guānglǎn,6944
7,光芒,guāngmáng,6945
7,光明磊落,guāngmíng-lěiluò,6946
7,光泽,guāngzé,6947
7,广义,guǎngyì,6948
7,归根到底,guīgēn-dàodǐ,6949
7,归还,guīhuán,6950
7,归结,guījié,6951
7,归来,guīlái,6952
7,归纳,guīnà,6953
7,归属,guīshǔ,6954
7,归宿,guīsù,6955
7,龟,guī,6956
7,规格,guīgé,6957
7,规矩,guīju,6958
7,闺女,guīnü,6959
7,瑰宝,guībǎo,6960
7,轨迹,guǐjì,6961
7,柜台,guìtái,6962
7,贵宾,guìbīn,6963
7,贵重,guìzhòng,6964
7,贵族,guìzú,6965
7,桂花,guìhuā,6966
7,滚动,gǔndòng,6967
7,棍,gùn,6968
7,棍子,gùnzi,6969
7,国宝,guóbǎo,6970
7,国防,guófáng,6971
7,国画,guóhuà,6972
7,国徽,guóhuī,6973
7,国情,guóqíng,6974
7,国土,guótǔ,6975
7,国学,guóxué,6976
7,国有,guóyǒu,6977
7,果断,guǒduàn,6978
7,果园,guǒyuán,6979
7,果真,guǒzhēn,6980
7,裹,guǒ,6981
7,过半,guòbàn,6982
7,过不去,guòbuqù,6983
7,过错,guòcuò,6984
7,过道,guòdào,6985
7,过关,guòguān,6986
7,过奖,guòjiǎng,6987
7,过节,guòjié,6988
7,过境,guòjìng,6989
7,过滤,guòlǜ,6990
7,过期,guòqī,6991
7,过日子,guò rìzi,6992
7,过剩,guòshèng,6993
7,过失,guòshī,6994
7,过头,guòtóu,6995
7,过往,guòwǎng,6996
7,过意不去,guòyìbùqù,6997
7,过瘾,guòyǐn,6998
7,过硬,guòyìng,6999
7,过早,guò zǎo,7000
7,海岸,hǎi'àn,7001
7,海拔,hǎibá,7002
7,海滨,hǎibīn,7003
7,海盗,hǎidào,7004
7,海量,hǎiliàng,7005
7,海绵,hǎimián,7006
7,海面,hǎimiàn,7007
7,海内外,hǎi nèiwài,7008
7,海滩,hǎitān,7009
7,海峡,hǎixiá,7010
7,海啸,hǎixiào,7011
7,海域,hǎiyù,7012
7,海运,hǎiyùn,7013
7,海藻,hǎizǎo,7014
7,骇人听闻,hàiréntīngwén,7015
7,害虫,hàichóng,7016
7,害臊,hàisào,7017
7,害羞,hàixiū,7018
7,酣畅,hānchàng,7019
7,酣睡,hānshuì,7020
7,含糊,hánhu,7021
7,含蓄,hánxù,7022
7,函授,hánshòu,7023
7,涵盖,hángài,7024
7,涵义,hányì,7025
7,罕见,hǎnjiàn,7026
7,汗水,hànshuǐ,7027
7,旱,hàn,7028
7,旱灾,hànzāi,7029
7,捍卫,hànwèi,7030
7,焊,hàn,7031
7,行家,hángjia,7032
7,行列,hángliè,7033
7,行情,hángqíng,7034
7,航海,hánghǎi,7035
7,航天,hángtiān,7036
7,航天员,hángtiānyuán,7037
7,航行,hángxíng,7038
7,航运,hángyùn,7039
7,毫不,háo bù,7040
7,毫不犹豫,háo bù yóuyù,7041
7,毫无,háo wú,7042
7,豪华,háohuá,7043
7,好比,hǎobǐ,7044
7,好歹,hǎodǎi,7045
7,好感,hǎogǎn,7046
7,好坏,hǎohuài,7047
7,好家伙,hǎojiāhuo,7048
7,好评,hǎopíng,7049
7,好说,hǎoshuō,7050
7,好笑,hǎoxiào,7051
7,好心,hǎoxīn,7052
7,好心人,hǎoxīnrén,7053
7,好意,hǎoyì,7054
7,好在,hǎozài,7055
7,号称,hàochēng,7056
7,好客,hàokè,7057
7,好奇心,hàoqíxīn,7058
7,耗,hào,7059
7,耗费,hàofèi,7060
7,耗时,hàoshí,7061
7,浩劫,hàojié,7062
7,呵护,hēhù,7063
7,禾苗,hémiáo,7064
7,合唱,héchàng,7065
7,合乎,héhū,7066
7,合伙,héhuǒ,7067
7,合计,héjì,7068
7,合情合理,héqíng-hélǐ,7069
7,合影,héyǐng,7070
7,合资,hézī,7071
7,合作社,hézuòshè,7072
7,何必,hébì,7073
7,何处,hé chù,7074
7,何苦,hékǔ,7075
7,何况,hékuàng,7076
7,何时,hé shí,7077
7,和蔼,hé'ǎi,7078
7,和解,héjiě,7079
7,和睦,hémù,7080
7,和平共处,hépíng gòngchǔ,7081
7,和气,héqi,7082
7,和尚,héshang,7083
7,河流,héliú,7084
7,河畔,hépàn,7085
7,荷花,héhuā,7086
7,核,hé,7087
7,核电站,hédiànzhàn,7088
7,核对,héduì,7089
7,核能,hénéng,7090
7,核实,héshí,7091
7,核桃,hétao,7092
7,核武器,héwǔqì,7093
7,贺电,hèdiàn,7094
7,贺信,hèxìn,7095
7,喝彩,hècǎi,7096
7,赫然,hèrán,7097
7,鹤立鸡群,hèlìjīqún,7098
7,黑白,hēibái,7099
7,黑客,hēikè,7100
7,黑马,hēimǎ,7101
7,黑手,hēishǒu,7102
7,黑心,hēixīn,7103
7,嘿,hēi,7104
7,痕迹,hénjì,7105
7,恨不得,hènbude,7106
7,哼,hēng,7107
7,横七竖八,héngqī-shùbā,7108
7,横向,héngxiàng,7109
7,横,hèng,7110
7,轰,hōng,7111
7,轰动,hōngdòng,7112
7,轰炸,hōngzhà,7113
7,哄,hōng,7114
7,哄堂大笑,hōngtáng-dàxiào,7115
7,烘干,hōnggān,7116
7,烘托,hōngtuō,7117
7,弘扬,hóngyáng,7118
7,红灯,hóngdēng,7119
7,红火,hónghuo,7120
7,红扑扑,hóngpūpū,7121
7,红润,hóngrùn,7122
7,红薯,hóngshǔ,7123
7,红眼,hóngyǎn,7124
7,宏观,hóngguān,7125
7,宏伟,hóngwěi,7126
7,洪亮,hóngliàng,7127
7,哄,hǒng,7128
7,哄,hòng,7129
7,喉咙,hóulóng,7130
7,吼,hǒu,7131
7,后备,hòubèi,7132
7,后备箱,hòubèixiāng,7133
7,后代,hòudài,7134
7,后盾,hòudùn,7135
7,后顾之忧,hòugùzhīyōu,7136
7,后期,hòuqī,7137
7,后勤,hòuqín,7138
7,后人,hòurén,7139
7,后台,hòutái,7140
7,后退,hòutuì,7141
7,后续,hòuxù,7142
7,后遗症,hòuyízhèng,7143
7,后裔,hòuyì,7144
7,后者,hòuzhě,7145
7,厚道,hòudao,7146
7,厚度,hòudù,7147
7,候选人,hòuxuǎnrén,7148
7,呼风唤雨,hūfēng-huànyǔ,7149
7,呼唤,hūhuàn,7150
7,呼救,hūjiù,7151
7,呼声,hūshēng,7152
7,呼应,hūyìng,7153
7,呼吁,hūyù,7154
7,忽高忽低,hūgāo-hūdī,7155
7,忽悠,hūyou,7156
7,胡闹,húnào,7157
7,胡说,húshuō,7158
7,胡思乱想,húsī-luànxiǎng,7159
7,湖泊,húpō,7160
7,糊,hú,7161
7,糊涂,hútu,7162
7,互补,hùbǔ,7163
7,互访,hùfǎng,7164
7,互信,hùxìn,7165
7,互助,hùzhù,7166
7,护理,hùlǐ,7167
7,花瓣,huābàn,7168
7,花卉,huāhuì,7169
7,花纹,huāwén,7170
7,花样,huāyàng,7171
7,划算,huásuàn,7172
7,华丽,huálì,7173
7,华侨,huáqiáo,7174
7,华裔,huáyì,7175
7,哗变,huábiàn,7176
7,哗然,huárán,7177
7,滑冰,huábīng,7178
7,滑稽,huájī,7179
7,滑梯,huátī,7180
7,滑雪,huáxuě,7181
7,化肥,huàféi,7182
7,化身,huàshēn,7183
7,化纤,huàxiān,7184
7,化险为夷,huàxiǎnwéiyí,7185
7,化验,huàyàn,7186
7,化妆,huàzhuāng,7187
7,划时代,huàshídài,7188
7,画册,huàcè,7189
7,画龙点睛,huàlóng-diǎnjīng,7190
7,画蛇添足,huàshé-tiānzú,7191
7,画展,huàzhǎn,7192
7,话费,huàfèi,7193
7,话筒,huàtǒng,7194
7,话语,huàyǔ,7195
7,怀抱,huáibào,7196
7,怀旧,huáijiù,7197
7,怀里,huái li,7198
7,怀孕,huáiyùn,7199
7,怀着,huáizhe,7200
7,槐树,huáishù,7201
7,坏事,huàishì,7202
7,欢呼,huānhū,7203
7,欢聚,huānjù,7204
7,欢快,huānkuài,7205
7,欢声笑语,huānshēng-xiàoyǔ,7206
7,还款,huán kuǎn,7207
7,还原,huányuán,7208
7,环球,huánqiú,7209
7,环绕,huánrào,7210
7,缓,huǎn,7211
7,缓和,huǎnhé,7212
7,缓缓,huǎnhuǎn,7213
7,缓慢,huǎnmàn,7214
7,幻觉,huànjué,7215
7,幻影,huànyǐng,7216
7,换成,huànchéng,7217
7,换取,huànqǔ,7218
7,换位,huànwèi,7219
7,换言之,huànyánzhī,7220
7,唤起,huànqǐ,7221
7,患,huàn,7222
7,患病,huànbìng,7223
7,患有,huànyǒu,7224
7,焕发,huànfā,7225
7,荒,huāng,7226
7,荒诞,huāngdàn,7227
7,荒凉,huāngliáng,7228
7,荒谬,huāngmiù,7229
7,慌乱,huāngluàn,7230
7,慌张,huāngzhāng,7231
7,皇宫,huánggōng,7232
7,皇后,huánghòu,7233
7,皇上,huángshang,7234
7,皇室,huángshì,7235
7,黄昏,huánghūn,7236
7,恍然大悟,huǎngrán-dàwù,7237
7,晃,huǎng,7238
7,谎话,huǎnghuà,7239
7,谎言,huǎngyán,7240
7,晃,huàng,7241
7,晃荡,huàngdang,7242
7,灰,huī,7243
7,灰尘,huīchén,7244
7,灰心,huīxīn,7245
7,挥,huī,7246
7,辉煌,huīhuáng,7247
7,回归,huíguī,7248
7,回扣,huíkòu,7249
7,回馈,huíkuì,7250
7,回落,huíluò,7251
7,回升,huíshēng,7252
7,回首,huíshǒu,7253
7,回味,huíwèi,7254
7,回想,huíxiǎng,7255
7,回忆录,huíyìlù,7256
7,悔恨,huǐhèn,7257
7,毁坏,huǐhuài,7258
7,毁灭,huǐmiè,7259
7,汇合,huìhé,7260
7,汇集,huìjí,7261
7,汇聚,huìjù,7262
7,会场,huìchǎng,7263
7,会面,huìmiàn,7264
7,会晤,huìwù,7265
7,会意,huìyì,7266
7,会诊,huìzhěn,7267
7,绘声绘色,huìshēng-huìsè,7268
7,贿赂,huìlù,7269
7,昏迷,hūnmí,7270
7,婚纱,hūnshā,7271
7,婚姻,hūnyīn,7272
7,浑身,húnshēn,7273
7,魂,hún,7274
7,混凝土,hùnníngtǔ,7275
7,混淆,hùnxiáo,7276
7,混浊,hùnzhuó,7277
7,豁,huō,7278
7,豁出去,huōchuqu,7279
7,活该,huógāi,7280
7,活期,huóqī,7281
7,活儿,huór,7282
7,火暴,huǒbào,7283
7,火锅,huǒguō,7284
7,火候,huǒhou,7285
7,火花,huǒhuā,7286
7,火炬,huǒjù,7287
7,火辣辣,huǒlàlà,7288
7,火热,huǒrè,7289
7,火山,huǒshān,7290
7,火速,huǒsù,7291
7,火焰,huǒyàn,7292
7,火药,huǒyào,7293
7,伙食,huǒshí,7294
7,或多或少,huòduō-huòshǎo,7295
7,货币,huòbì,7296
7,货车,huòchē,7297
7,货物,huòwù,7298
7,货运,huòyùn,7299
7,获胜,huòshèng,7300
7,获悉,huòxī,7301
7,祸害,huòhai,7302
7,霍乱,huòluàn,7303
7,豁达,huòdá,7304
7,几率,jīlǜ,7305
7,讥笑,jīxiào,7306
7,饥饿,jī'è,7307
7,机舱,jīcāng,7308
7,机动,jīdòng,7309
7,机灵,jīling,7310
7,机密,jīmì,7311
7,机智,jīzhì,7312
7,肌肤,jīfū,7313
7,积,jī,7314
7,积淀,jīdiàn,7315
7,积蓄,jīxù,7316
7,基本功,jīběngōng,7317
7,基层,jīcéng,7318
7,基因,jīyīn,7319
7,基于,jīyú,7320
7,基准,jīzhǔn,7321
7,畸形,jīxíng,7322
7,激发,jīfā,7323
7,激光,jīguāng,7324
7,激化,jīhuà,7325
7,激活,jīhuó,7326
7,激励,jīlì,7327
7,激起,jīqǐ,7328
7,激素,jīsù,7329
7,及,jí,7330
7,及其,jí qí,7331
7,及早,jízǎo,7332
7,吉普,jípǔ,7333
7,吉他,jítā,7334
7,吉祥物,jíxiángwù,7335
7,级别,jíbié,7336
7,极度,jídù,7337
7,极力,jílì,7338
7,极少数,jí shǎoshù,7339
7,极为,jíwéi,7340
7,极限,jíxiàn,7341
7,即,jí,7342
7,即便,jíbiàn,7343
7,即可,jíkě,7344
7,急剧,jíjù,7345
7,急迫,jípò,7346
7,急性,jíxìng,7347
7,急需,jíxū,7348
7,急于,jíyú,7349
7,急诊,jízhěn,7350
7,急转弯,jízhuǎnwān,7351
7,棘手,jíshǒu,7352
7,集会,jíhuì,7353
7,集结,jíjié,7354
7,集邮,jíyóu,7355
7,集装箱,jízhuāngxiāng,7356
7,集资,jízī,7357
7,嫉妒,jídù,7358
7,挤压,jǐyā,7359
7,脊梁,jǐliáng,7360
7,计,jì,7361
7,计策,jìcè,7362
7,计较,jìjiào,7363
7,计时,jìshí,7364
7,记号,jìhao,7365
7,记忆犹新,jìyì-yóuxīn,7366
7,纪录片,jìlùpiàn,7367
7,纪念碑,jìniànbēi,7368
7,纪念馆,jìniànguǎn,7369
7,纪念日,jìniànrì,7370
7,纪实,jìshí,7371
7,技艺,jìyì,7372
7,忌,jì,7373
7,忌讳,jìhuì,7374
7,忌口,jìkǒu,7375
7,剂,jì,7376
7,迹象,jìxiàng,7377
7,继,jì,7378
7,继而,jì'ér,7379
7,继父,jìfù,7380
7,继母,jìmǔ,7381
7,祭,jì,7382
7,祭奠,jìdiàn,7383
7,祭祀,jìsì,7384
7,寄托,jìtuō,7385
7,寂静,jìjìng,7386
7,寂寞,jìmò,7387
7,加紧,jiājǐn,7388
7,加剧,jiājù,7389
7,加深,jiāshēn,7390
7,加重,jiāzhòng,7391
7,佳节,jiājié,7392
7,家伙,jiāhuo,7393
7,家家户户,jiājiāhùhù,7394
7,家教,jiājiào,7395
7,家境,jiājìng,7396
7,家禽,jiāqín,7397
7,家用,jiāyòng,7398
7,家喻户晓,jiāyù-hùxiǎo,7399
7,家政,jiāzhèng,7400
7,家族,jiāzú,7401
7,嘉年华,jiāniánhuá,7402
7,假定,jiǎdìng,7403
7,假冒,jiǎmào,7404
7,假设,jiǎshè,7405
7,假使,jiǎshǐ,7406
7,假装,jiǎzhuāng,7407
7,价位,jiàwèi,7408
7,价值观,jiàzhíguān,7409
7,驾,jià,7410
7,驾车,jià chē,7411
7,驾驭,jiàyù,7412
7,架势,jiàshi,7413
7,架子,jiàzi,7414
7,嫁,jià,7415
7,嫁妆,jiàzhuang,7416
7,尖端,jiānduān,7417
7,尖锐,jiānruì,7418
7,奸诈,jiānzhà,7419
7,歼灭,jiānmiè,7420
7,坚持不懈,jiānchí-bùxiè,7421
7,坚韧,jiānrèn,7422
7,坚实,jiānshí,7423
7,坚守,jiānshǒu,7424
7,坚信,jiānxìn,7425
7,坚硬,jiānyìng,7426
7,肩膀,jiānbǎng,7427
7,肩负,jiānfù,7428
7,艰巨,jiānjù,7429
7,艰苦奋斗,jiānkǔ-fèndòu,7430
7,艰险,jiānxiǎn,7431
7,艰辛,jiānxīn,7432
7,监察,jiānchá,7433
7,监管,jiānguǎn,7434
7,监护,jiānhù,7435
7,监控,jiānkòng,7436
7,监视,jiānshì,7437
7,监狱,jiānyù,7438
7,兼,jiān,7439
7,兼顾,jiāngù,7440
7,兼任,jiānrèn,7441
7,兼容,jiānróng,7442
7,兼职,jiānzhí,7443
7,煎,jiān,7444
7,拣,jiǎn,7445
7,检察,jiǎnchá,7446
7,检讨,jiǎntǎo,7447
7,减免,jiǎnmiǎn,7448
7,减弱,jiǎnruò,7449
7,减速,jiǎnsù,7450
7,减压,jiǎnyā,7451
7,简称,jiǎnchēng,7452
7,简短,jiǎnduǎn,7453
7,简化,jiǎnhuà,7454
7,简洁,jiǎnjié,7455
7,简陋,jiǎnlòu,7456
7,简体字,jiǎntǐzì,7457
7,简要,jiǎnyào,7458
7,简易,jiǎnyì,7459
7,见解,jiànjiě,7460
7,见钱眼开,jiànqián-yǎnkāi,7461
7,见仁见智,jiànrén-jiànzhì,7462
7,见识,jiànshi,7463
7,见外,jiànwài,7464
7,见效,jiànxiào,7465
7,见义勇为,jiànyì-yǒngwéi,7466
7,见证,jiànzhèng,7467
7,间谍,jiàndié,7468
7,间断,jiànduàn,7469
7,间隔,jiàngé,7470
7,间隙,jiànxì,7471
7,建交,jiànjiāo,7472
7,建树,jiànshù,7473
7,建筑师,jiànzhùshī,7474
7,建筑物,jiànzhùwù,7475
7,贱,jiàn,7476
7,健美,jiànměi,7477
7,健壮,jiànzhuàng,7478
7,溅,jiàn,7479
7,鉴别,jiànbié,7480
7,鉴赏,jiànshǎng,7481
7,鉴于,jiànyú,7482
7,姜,jiāng,7483
7,僵,jiāng,7484
7,僵化,jiānghuà,7485
7,僵局,jiāngjú,7486
7,讲解,jiǎngjiě,7487
7,讲述,jiǎngshù,7488
7,讲学,jiǎngxué,7489
7,奖杯,jiǎngbēi,7490
7,奖牌,jiǎngpái,7491
7,奖品,jiǎngpǐn,7492
7,奖项,jiǎngxiàng,7493
7,降临,jiànglín,7494
7,交叉,jiāochā,7495
7,交锋,jiāofēng,7496
7,交付,jiāofù,7497
7,交集,jiāojí,7498
7,交接,jiāojiē,7499
7,交界,jiāojiè,7500
7,交纳,jiāonà,7501
7,交情,jiāoqing,7502
7,交涉,jiāoshè,7503
7,交谈,jiāotán,7504
7,交替,jiāotì,7505
7,交头接耳,jiāotóu-jiē'ěr,7506
7,交响乐,jiāoxiǎngyuè,7507
7,郊外,jiāowài,7508
7,郊游,jiāoyóu,7509
7,浇,jiāo,7510
7,娇惯,jiāoguàn,7511
7,娇气,jiāoqì,7512
7,胶囊,jiāonáng,7513
7,胶片,jiāopiàn,7514
7,焦,jiāo,7515
7,焦急,jiāojí,7516
7,焦距,jiāojù,7517
7,焦虑,jiāolǜ,7518
7,焦躁,jiāozào,7519
7,礁石,jiāoshí,7520
7,嚼,jiáo,7521
7,角落,jiǎoluò,7522
7,狡猾,jiǎohuá,7523
7,绞,jiǎo,7524
7,矫正,jiǎozhèng,7525
7,搅,jiǎo,7526
7,搅拌,jiǎobàn,7527
7,缴,jiǎo,7528
7,缴费,jiǎofèi,7529
7,缴纳,jiǎonà,7530
7,叫板,jiàobǎn,7531
7,叫好,jiàohǎo,7532
7,轿车,jiàochē,7533
7,较劲,jiàojìn,7534
7,较量,jiàoliàng,7535
7,教科书,jiàokēshū,7536
7,教条,jiàotiáo,7537
7,教养,jiàoyǎng,7538
7,阶层,jiēcéng,7539
7,阶级,jiējí,7540
7,阶梯,jiētī,7541
7,皆,jiē,7542
7,结,jiē,7543
7,结果,jiēguǒ,7544
7,接班,jiēbān,7545
7,接班人,jiēbānrén,7546
7,接二连三,jiē'èr-liánsān,7547
7,接轨,jiēguǐ,7548
7,接济,jiējì,7549
7,接见,jiējiàn,7550
7,接力,jiēlì,7551
7,接纳,jiēnà,7552
7,接手,jiēshǒu,7553
7,接送,jiēsòng,7554
7,接替,jiētì,7555
7,接听,jiētīng,7556
7,接通,jiētōng,7557
7,揭发,jiēfā,7558
7,揭露,jiēlù,7559
7,揭示,jiēshì,7560
7,揭晓,jiēxiǎo,7561
7,节俭,jiéjiǎn,7562
7,节气,jiéqì,7563
7,节水,jiéshuǐ,7564
7,节衣缩食,jiéyī-suōshí,7565
7,劫,jié,7566
7,劫持,jiéchí,7567
7,洁净,jiéjìng,7568
7,结冰,jiébīng,7569
7,结晶,jiéjīng,7570
7,结局,jiéjú,7571
7,结识,jiéshí,7572
7,结尾,jiéwěi,7573
7,截,jié,7574
7,截然不同,jiérán-bùtóng,7575
7,竭尽全力,jiéjìn-quánlì,7576
7,竭力,jiélì,7577
7,解答,jiědá,7578
7,解读,jiědú,7579
7,解雇,jiěgù,7580
7,解救,jiějiù,7581
7,解剖,jiěpōu,7582
7,解散,jiěsàn,7583
7,解体,jiětǐ,7584
7,解脱,jiětuō,7585
7,解围,jiěwéi,7586
7,解析,jiěxī,7587
7,介入,jièrù,7588
7,介意,jièyì,7589
7,介于,jièyú,7590
7,戒备,jièbèi,7591
7,戒烟,jiè yān,7592
7,戒指,jièzhi,7593
7,届时,jièshí,7594
7,界定,jièdìng,7595
7,界限,jièxiàn,7596
7,界线,jièxiàn,7597
7,借口,jièkǒu,7598
7,借条,jiètiáo,7599
7,借用,jièyòng,7600
7,借助,jièzhù,7601
7,金属,jīnshǔ,7602
7,金子,jīnzi,7603
7,金字塔,jīnzìtǎ,7604
7,津津有味,jīnjīn-yǒuwèi,7605
7,津贴,jīntiē,7606
7,筋,jīn,7607
7,禁不住,jīnbuzhù,7608
7,仅次于,jǐn cì yú,7609
7,尽,jǐn,7610
7,尽早,jǐnzǎo,7611
7,紧凑,jǐncòu,7612
7,紧接着,jǐn jiēzhe,7613
7,紧迫,jǐnpò,7614
7,紧缺,jǐnquē,7615
7,紧缩,jǐnsuō,7616
7,锦旗,jǐnqí,7617
7,谨慎,jǐnshèn,7618
7,尽情,jìnqíng,7619
7,尽头,jìntóu,7620
7,进场,jìnchǎng,7621
7,进程,jìnchéng,7622
7,进出,jìnchū,7623
7,进出口,jìn-chūkǒu,7624
7,进度,jìndù,7625
7,进而,jìn'ér,7626
7,进修,jìnxiū,7627
7,近年来,jìnnián lái,7628
7,劲头,jìntóu,7629
7,晋升,jìnshēng,7630
7,浸泡,jìnpào,7631
7,禁忌,jìnjì,7632
7,禁区,jìnqū,7633
7,茎,jīng,7634
7,经,jīng,7635
7,经度,jīngdù,7636
7,经久不息,jīngjiǔ-bùxī,7637
7,经贸,jīngmào,7638
7,经商,jīngshāng,7639
7,经受,jīngshòu,7640
7,荆棘,jīngjí,7641
7,惊,jīng,7642
7,惊诧,jīngchà,7643
7,惊慌,jīnghuāng,7644
7,惊慌失措,jīnghuāng-shīcuò,7645
7,惊奇,jīngqí,7646
7,惊叹,jīngtàn,7647
7,惊天动地,jīngtiān-dòngdì,7648
7,惊险,jīngxiǎn,7649
7,惊心动魄,jīngxīn-dòngpò,7650
7,惊醒,jīngxǐng,7651
7,惊讶,jīngyà,7652
7,晶莹,jīngyíng,7653
7,兢兢业业,jīngjīngyèyè,7654
7,精打细算,jīngdǎ-xìsuàn,7655
7,精华,jīnghuá,7656
7,精简,jīngjiǎn,7657
7,精练,jīngliàn,7658
7,精妙,jīngmiào,7659
7,精明,jīngmíng,7660
7,精疲力竭,jīngpí-lìjié,7661
7,精确,jīngquè,7662
7,精神病,jīngshénbìng,7663
7,精髓,jīngsuǐ,7664
7,精通,jīngtōng,7665
7,精细,jīngxì,7666
7,精心,jīngxīn,7667
7,精益求精,jīngyìqiújīng,7668
7,精英,jīngyīng,7669
7,精致,jīngzhì,7670
7,颈部,jǐngbù,7671
7,景观,jǐngguān,7672
7,景区,jǐngqū,7673
7,警车,jǐngchē,7674
7,警官,jǐngguān,7675
7,警惕,jǐngtì,7676
7,警钟,jǐngzhōng,7677
7,净化,jìnghuà,7678
7,竞技,jìngjì,7679
7,竞相,jìngxiāng,7680
7,竞选,jìngxuǎn,7681
7,竟,jìng,7682
7,竟敢,jìnggǎn,7683
7,敬,jìng,7684
7,敬爱,jìng'ài,7685
7,敬而远之,jìng'éryuǎnzhī,7686
7,敬酒,jìngjiǔ,7687
7,敬礼,jìnglǐ,7688
7,敬佩,jìngpèi,7689
7,敬请,jìngqǐng,7690
7,敬业,jìngyè,7691
7,敬意,jìngyì,7692
7,敬重,jìngzhòng,7693
7,静止,jìngzhǐ,7694
7,境地,jìngdì,7695
7,境界,jìngjiè,7696
7,境内,jìngnèi,7697
7,境外,jìngwài,7698
7,境遇,jìngyù,7699
7,窘迫,jiǒngpò,7700
7,纠缠,jiūchán,7701
7,揪,jiū,7702
7,久违,jiǔwéi,7703
7,久仰,jiǔyǎng,7704
7,酒精,jiǔjīng,7705
7,酒楼,jiǔlóu,7706
7,救护车,jiùhùchē,7707
7,救济,jiùjì,7708
7,救治,jiùzhì,7709
7,就餐,jiùcān,7710
7,就地,jiùdì,7711
7,就读,jiùdú,7712
7,就近,jiùjìn,7713
7,就任,jiùrèn,7714
7,就医,jiùyī,7715
7,就诊,jiùzhěn,7716
7,就职,jiùzhí,7717
7,就座,jiùzuò,7718
7,舅舅,jiùjiu,7719
7,拘留,jūliú,7720
7,拘束,jūshù,7721
7,居高临下,jūgāo-línxià,7722
7,居民楼,jūmínlóu,7723
7,鞠躬,jūgōng,7724
7,局部,júbù,7725
7,局势,júshì,7726
7,局限,júxiàn,7727
7,菊花,júhuā,7728
7,橘子,júzi,7729
7,沮丧,jǔsàng,7730
7,举报,jǔbào,7731
7,举措,jǔcuò,7732
7,举例,jǔlì,7733
7,举世闻名,jǔshì-wénmíng,7734
7,举世无双,jǔshì-wúshuāng,7735
7,举世瞩目,jǔshì-zhǔmù,7736
7,举一反三,jǔyī-fǎnsān,7737
7,举止,jǔzhǐ,7738
7,举重,jǔzhòng,7739
7,巨额,jù'é,7740
7,巨人,jùrén,7741
7,巨头,jùtóu,7742
7,巨星,jùxīng,7743
7,巨型,jùxíng,7744
7,剧烈,jùliè,7745
7,剧目,jùmù,7746
7,剧情,jùqíng,7747
7,剧团,jùtuán,7748
7,剧院,jùyuàn,7749
7,剧组,jùzǔ,7750
7,据此,jùcǐ,7751
7,据悉,jùxī,7752
7,距,jù,7753
7,锯,jù,7754
7,聚集,jùjí,7755
7,聚精会神,jùjīng-huìshén,7756
7,捐献,juānxiàn,7757
7,卷入,juǎnrù,7758
7,卷子,juànzi,7759
7,圈,juàn,7760
7,决议,juéyì,7761
7,诀别,juébié,7762
7,诀窍,juéqiào,7763
7,角逐,juézhú,7764
7,觉醒,juéxǐng,7765
7,绝技,juéjì,7766
7,绝缘,juéyuán,7767
7,绝招,juézhāo,7768
7,倔强,juéjiàng,7769
7,崛起,juéqǐ,7770
7,爵士,juéshì,7771
7,倔,juè,7772
7,军官,jūnguān,7773
7,均衡,jūnhéng,7774
7,均匀,jūnyún,7775
7,君子,jūnzǐ,7776
7,俊,jùn,7777
7,俊俏,jùnqiào,7778
7,骏马,jùnmǎ,7779
7,竣工,jùngōng,7780
7,卡车,kǎchē,7781
7,卡片,kǎpiàn,7782
7,卡通,kǎtōng,7783
7,开办,kāibàn,7784
7,开采,kāicǎi,7785
7,开场,kāichǎng,7786
7,开场白,kāichǎngbái,7787
7,开除,kāichú,7788
7,开动,kāidòng,7789
7,开发区,kāifāqū,7790
7,开发商,kāifāshāng,7791
7,开工,kāigōng,7792
7,开垦,kāikěn,7793
7,开口,kāikǒu,7794
7,开阔,kāikuò,7795
7,开朗,kāilǎng,7796
7,开辟,kāipì,7797
7,开启,kāiqǐ,7798
7,开枪,kāi qiāng,7799
7,开天辟地,kāitiān-pìdì,7800
7,开拓,kāituò,7801
7,开销,kāixiāo,7802
7,开张,kāizhāng,7803
7,开支,kāizhī,7804
7,凯歌,kǎigē,7805
7,楷模,kǎimó,7806
7,刊登,kāndēng,7807
7,刊物,kānwù,7808
7,看护,kānhù,7809
7,勘探,kāntàn,7810
7,堪称,kānchēng,7811
7,侃大山,kǎn dàshān,7812
7,砍,kǎn,7813
7,看得出,kàndechū,7814
7,看热闹,kàn rènao,7815
7,看似,kànsì,7816
7,看台,kàntái,7817
7,看样子,kàn yàngzi,7818
7,看中,kànzhòng,7819
7,看重,kànzhòng,7820
7,慷慨,kāngkǎi,7821
7,扛,káng,7822
7,抗衡,kànghéng,7823
7,抗拒,kàngjù,7824
7,抗生素,kàngshēngsù,7825
7,抗争,kàngzhēng,7826
7,考量,kǎoliáng,7827
7,烤,kǎo,7828
7,靠拢,kàolǒng,7829
7,苛刻,kēkè,7830
7,科幻,kēhuàn,7831
7,科目,kēmù,7832
7,科普,kēpǔ,7833
7,磕,kē,7834
7,壳,ké,7835
7,咳嗽,késou,7836
7,可悲,kěbēi,7837
7,可不是,kěbùshi,7838
7,可乘之机,kěchéngzhījī,7839
7,可耻,kěchǐ,7840
7,可歌可泣,kěgē-kěqì,7841
7,可观,kěguān,7842
7,可贵,kěguì,7843
7,可口,kěkǒu,7844
7,可谓,kěwèi,7845
7,可恶,kěwù,7846
7,可想而知,kěxiǎng'érzhī,7847
7,可笑,kěxiào,7848
7,可信,kěxìn,7849
7,可行,kěxíng,7850
7,可疑,kěyí,7851
7,克隆,kèlóng,7852
7,克制,kèzhì,7853
7,刻苦,kèkǔ,7854
7,刻意,kèyì,7855
7,刻舟求剑,kèzhōu-qiújiàn,7856
7,客房,kèfáng,7857
7,客机,kèjī,7858
7,客流,kèliú,7859
7,客运,kèyùn,7860
7,恳求,kěnqiú,7861
7,啃,kěn,7862
7,坑,kēng,7863
7,空荡荡,kōngdàngdàng,7864
7,空难,kōngnàn,7865
7,空前,kōngqián,7866
7,空想,kōngxiǎng,7867
7,空虚,kōngxū,7868
7,恐怖,kǒngbù,7869
7,恐吓,kǒnghè,7870
7,恐慌,kǒnghuāng,7871
7,恐惧,kǒngjù,7872
7,恐龙,kǒnglóng,7873
7,空白,kòngbái,7874
7,空地,kòngdì,7875
7,空隙,kòngxì,7876
7,控告,kònggào,7877
7,抠,kōu,7878
7,口碑,kǒubēi,7879
7,口才,kǒucái,7880
7,口吃,kǒuchī,7881
7,口感,kǒugǎn,7882
7,口径,kǒujìng,7883
7,口令,kǒulìng,7884
7,口气,kǒuqì,7885
7,口腔,kǒuqiāng,7886
7,口哨,kǒushào,7887
7,口水,kǒushuǐ,7888
7,口头,kǒutóu,7889
7,口味,kǒuwèi,7890
7,口香糖,kǒuxiāngtáng,7891
7,口音,kǒuyīn,7892
7,口罩,kǒuzhào,7893
7,口子,kǒuzi,7894
7,扣除,kòuchú,7895
7,扣留,kòuliú,7896
7,扣人心弦,kòurénxīnxián,7897
7,扣押,kòuyā,7898
7,枯燥,kūzào,7899
7,哭泣,kūqì,7900
7,哭笑不得,kūxiào-bùdé,7901
7,窟窿,kūlong,7902
7,苦力,kǔlì,7903
7,苦练,kǔ liàn,7904
7,苦难,kǔnàn,7905
7,苦恼,kǔnǎo,7906
7,苦笑,kǔxiào,7907
7,苦心,kǔxīn,7908
7,酷似,kùsì,7909
7,夸,kuā,7910
7,夸大,kuādà,7911
7,夸奖,kuājiǎng,7912
7,夸夸其谈,kuākuā-qítán,7913
7,夸耀,kuāyào,7914
7,夸张,kuāzhāng,7915
7,垮,kuǎ,7916
7,挎,kuà,7917
7,跨国,kuàguó,7918
7,跨越,kuàyuè,7919
7,快捷,kuàijié,7920
7,宽敞,kuānchang,7921
7,宽泛,kuānfàn,7922
7,宽厚,kuānhòu,7923
7,宽容,kuānróng,7924
7,宽恕,kuānshù,7925
7,宽松,kuānsōng,7926
7,款式,kuǎnshì,7927
7,款项,kuǎnxiàng,7928
7,筐,kuāng,7929
7,狂欢,kuánghuān,7930
7,狂欢节,kuánghuānjié,7931
7,狂热,kuángrè,7932
7,旷课,kuàngkè,7933
7,况且,kuàngqiě,7934
7,矿藏,kuàngcáng,7935
7,框,kuàng,7936
7,框架,kuàngjià,7937
7,亏本,kuīběn,7938
7,亏损,kuīsǔn,7939
7,昆虫,kūnchóng,7940
7,捆,kǔn,7941
7,困惑,kùnhuò,7942
7,困境,kùnjìng,7943
7,扩,kuò,7944
7,扩建,kuòjiàn,7945
7,扩散,kuòsàn,7946
7,扩张,kuòzhāng,7947
7,括弧,kuòhú,7948
7,阔绰,kuòchuò,7949
7,拉动,lādòng,7950
7,拉拢,lālǒng,7951
7,拉锁,lāsuǒ,7952
7,啦啦队,lālāduì,7953
7,喇叭,lǎba,7954
7,腊月,làyuè,7955
7,蜡,là,7956
7,蜡烛,làzhú,7957
7,辣椒,làjiāo,7958
7,来宾,láibīn,7959
7,来电,láidiàn,7960
7,来访,láifǎng,7961
7,来回,láihuí,7962
7,来历,láilì,7963
7,来临,láilín,7964
7,来龙去脉,láilóng-qùmài,7965
7,来年,láinián,7966
7,来源于,láiyuán yú,7967
7,拦,lán,7968
7,栏,lán,7969
7,栏杆,lángān,7970
7,蓝图,lántú,7971
7,揽,lǎn,7972
7,缆车,lǎnchē,7973
7,懒得,lǎnde,7974
7,懒惰,lǎnduò,7975
7,滥用,lànyòng,7976
7,狼,láng,7977
7,狼狈,lángbèi,7978
7,朗诵,lǎngsòng,7979
7,浪,làng,7980
7,捞,lāo,7981
7,劳动力,láodònglì,7982
7,劳累,láolèi,7983
7,劳务,láowù,7984
7,牢固,láogù,7985
7,牢记,láojì,7986
7,牢牢,láoláo,7987
7,唠叨,láodao,7988
7,老伴儿,lǎobànr,7989
7,老大,lǎodà,7990
7,老汉,lǎohàn,7991
7,老化,lǎohuà,7992
7,老人家,lǎorenjia,7993
7,老实说,lǎoshishuō,7994
7,老远,lǎo yuǎn,7995
7,老字号,lǎozìhao,7996
7,姥姥,lǎolao,7997
7,姥爷,lǎoye,7998
7,涝,lào,7999
7,乐意,lèyì,8000
7,乐园,lèyuán,8001
7,勒,lēi,8002
7,雷同,léitóng,8003
7,累积,lěijī,8004
7,累计,lěijì,8005
7,类别,lèibié,8006
7,棱角,léngjiǎo,8007
7,冷淡,lěngdàn,8008
7,冷冻,lěngdòng,8009
7,冷酷,lěngkù,8010
7,冷酷无情,lěngkù-wúqíng,8011
7,冷落,lěngluò,8012
7,冷门,lěngmén,8013
7,冷漠,lěngmò,8014
7,冷笑,lěngxiào,8015
7,冷战,lěngzhàn,8016
7,愣,lèng,8017
7,离谱儿,lípǔr,8018
7,离奇,líqí,8019
7,离职,lízhí,8020
7,黎明,límíng,8021
7,礼服,lǐfú,8022
7,礼品,lǐpǐn,8023
7,礼仪,lǐyí,8024
7,里程碑,lǐchéngbēi,8025
7,理睬,lǐcǎi,8026
7,理会,lǐhuì,8027
7,理科,lǐkē,8028
7,理念,lǐniàn,8029
7,理事,lǐshì,8030
7,理所当然,lǐsuǒdāngrán,8031
7,理性,lǐxìng,8032
7,理直气壮,lǐzhí-qìzhuàng,8033
7,力不从心,lìbùcóngxīn,8034
7,力度,lìdù,8035
7,力求,lìqiú,8036
7,力所能及,lìsuǒnéngjí,8037
7,力争,lìzhēng,8038
7,历程,lìchéng,8039
7,历届,lìjiè,8040
7,历经,lìjīng,8041
7,历来,lìlái,8042
7,历时,lìshí,8043
7,立方,lìfāng,8044
7,立方米,lìfāngmǐ,8045
7,立功,lìgōng,8046
7,立交桥,lìjiāoqiáo,8047
7,立体,lìtǐ,8048
7,立足,lìzú,8049
7,励志,lìzhì,8050
7,利害,lìhài,8051
7,利率,lìlǜ,8052
7,利索,lìsuo,8053
7,粒,lì,8054
7,连滚带爬,liángǔn-dàipá,8055
7,连绵,liánmián,8056
7,连任,liánrèn,8057
7,连锁,liánsuǒ,8058
7,连锁店,liánsuǒdiàn,8059
7,连夜,liányè,8060
7,怜惜,liánxī,8061
7,帘子,liánzi,8062
7,莲子,liánzǐ,8063
7,联邦,liánbāng,8064
7,联欢,liánhuān,8065
7,联网,liánwǎng,8066
7,廉价,liánjià,8067
7,廉洁,liánjié,8068
7,廉正,liánzhèng,8069
7,廉政,liánzhèng,8070
7,脸颊,liǎnjiá,8071
7,炼,liàn,8072
7,恋恋不舍,liànliàn-bùshě,8073
7,良,liáng,8074
7,良心,liángxīn,8075
7,良性,liángxìng,8076
7,凉爽,liángshuǎng,8077
7,两口子,liǎngkǒuzi,8078
7,两栖,liǎngqī,8079
7,亮点,liàngdiǎn,8080
7,亮丽,liànglì,8081
7,亮相,liàngxiàng,8082
7,谅解,liàngjiě,8083
7,辽阔,liáokuò,8084
7,疗法,liáofǎ,8085
7,疗效,liáoxiào,8086
7,寥寥无几,liáoliáo-wújǐ,8087
7,潦草,liáocǎo,8088
7,了结,liǎojié,8089
7,了却,liǎoquè,8090
7,料到,liàodào,8091
7,料理,liàolǐ,8092
7,咧嘴,liězuǐ,8093
7,列举,lièjǔ,8094
7,劣势,lièshì,8095
7,劣质,lièzhì,8096
7,烈士,lièshì,8097
7,猎犬,lièquǎn,8098
7,猎人,lièrén,8099
7,裂缝,lièfèng,8100
7,裂痕,lièhén,8101
7,拎,līn,8102
7,邻国,línguó,8103
7,临,lín,8104
7,临床,línchuáng,8105
7,临街,línjiē,8106
7,临近,línjìn,8107
7,淋,lín,8108
7,灵,líng,8109
7,灵感,línggǎn,8110
7,灵魂,línghún,8111
7,灵机一动,língjī-yīdòng,8112
7,灵敏,língmǐn,8113
7,灵巧,língqiǎo,8114
7,灵通,língtōng,8115
7,凌晨,língchén,8116
7,零花钱,línghuāqián,8117
7,零件,língjiàn,8118
7,零钱,língqián,8119
7,零售,língshòu,8120
7,领队,lǐngduì,8121
7,领会,lǐnghuì,8122
7,领军,lǐngjūn,8123
7,领略,lǐnglüè,8124
7,领事,lǐngshì,8125
7,领事馆,lǐngshìguǎn,8126
7,领土,lǐngtǔ,8127
7,领悟,lǐngwù,8128
7,领养,lǐngyǎng,8129
7,领域,lǐngyù,8130
7,溜,liū,8131
7,溜达,liūda,8132
7,浏览,liúlǎn,8133
7,浏览器,liúlǎnqì,8134
7,留恋,liúliàn,8135
7,留念,liúniàn,8136
7,留神,liúshén,8137
7,留心,liúxīn,8138
7,留意,liúyì,8139
7,流畅,liúchàng,8140
7,流程,liúchéng,8141
7,流浪,liúlàng,8142
7,流泪,liúlèi,8143
7,流量,liúliàng,8144
7,流露,liúlù,8145
7,流氓,liúmáng,8146
7,流入,liúrù,8147
7,流失,liúshī,8148
7,流水,liúshuǐ,8149
7,流淌,liútǎng,8150
7,流向,liúxiàng,8151
7,流血,liúxuè,8152
7,流域,liúyù,8153
7,流转,liúzhuǎn,8154
7,柳树,liǔshù,8155
7,遛,liù,8156
7,龙舟,lóngzhōu,8157
7,聋,lóng,8158
7,聋人,lóngrén,8159
7,笼子,lóngzi,8160
7,隆重,lóngzhòng,8161
7,垄断,lǒngduàn,8162
7,笼统,lǒngtǒng,8163
7,笼罩,lǒngzhào,8164
7,搂,lǒu,8165
7,露面,lòumiàn,8166
7,芦花,lúhuā,8167
7,炉灶,lúzào,8168
7,炉子,lúzi,8169
7,卤味,lǔwèi,8170
7,鲁莽,lǔmǎng,8171
7,录制,lùzhì,8172
7,鹿,lù,8173
7,路程,lùchéng,8174
7,路灯,lùdēng,8175
7,路段,lùduàn,8176
7,路况,lùkuàng,8177
7,路面,lùmiàn,8178
7,路人,lùrén,8179
7,路途,lùtú,8180
7,路子,lùzi,8181
7,露天,lùtiān,8182
7,旅程,lǚchéng,8183
7,旅途,lǚtú,8184
7,铝,lǚ,8185
7,屡,lǚ,8186
7,屡次,lǚcì,8187
7,缕,lǚ,8188
7,履行,lǚxíng,8189
7,率（成功率）,lǜ (chénggōnglǜ),8190
7,绿灯,lǜdēng,8191
7,绿地,lǜdì,8192
7,孪生,luánshēng,8193
7,卵,luǎn,8194
7,乱七八糟,luànqībāzāo,8195
7,掠夺,lüèduó,8196
7,略,lüè,8197
7,略微,lüèwēi,8198
7,抡,lūn,8199
7,伦理,lúnlǐ,8200
7,轮换,lúnhuàn,8201
7,轮廓,lúnkuò,8202
7,轮流,lúnliú,8203
7,轮胎,lúntāi,8204
7,论述,lùnshù,8205
7,论坛,lùntán,8206
7,论证,lùnzhèng,8207
7,罗,luó,8208
7,萝卜,luóbo,8209
7,螺丝,luósī,8210
7,裸,luǒ,8211
7,裸露,luǒlù,8212
7,络绎不绝,luòyì-bùjué,8213
7,落差,luòchā,8214
7,落地,luòdì,8215
7,落户,luòhù,8216
7,落下,luòxia,8217
7,麻,má,8218
7,麻,má,8219
7,麻痹,mábì,8220
7,麻将,májiàng,8221
7,麻辣,málà,8222
7,麻木,mámù,8223
7,麻醉,mázuì,8224
7,马后炮,mǎhòupào,8225
7,马虎,mǎhu,8226
7,马力,mǎlì,8227
7,马桶,mǎtǒng,8228
7,马戏,mǎxì,8229
7,码,mǎ,8230
7,码,mǎ,8231
7,埋藏,máicáng,8232
7,埋伏,máifú,8233
7,埋没,máimò,8234
7,买不起,mǎi bu qǐ,8235
7,迈,mài,8236
7,迈进,màijìn,8237
7,卖弄,màinong,8238
7,脉搏,màibó,8239
7,脉络,màiluò,8240
7,埋怨,mányuàn,8241
7,蛮,mán,8242
7,瞒,mán,8243
7,满怀,mǎnhuái,8244
7,蔓延,mànyán,8245
7,漫,màn,8246
7,漫游,mànyóu,8247
7,慢慢来,mànmàn lái,8248
7,慢性,mànxìng,8249
7,忙活,mánghuo,8250
7,忙碌,mánglù,8251
7,忙乱,mángluàn,8252
7,盲目,mángmù,8253
7,茫然,mángrán,8254
7,矛头,máotóu,8255
7,茅台（酒）,Máotái(jiǔ),8256
7,茂密,màomì,8257
7,茂盛,màoshèng,8258
7,冒充,màochōng,8259
7,冒犯,màofàn,8260
7,冒昧,màomèi,8261
7,冒险,màoxiǎn,8262
7,没劲,méijìn,8263
7,没说的,méishuōde,8264
7,没完没了,méiwán-méiliǎo,8265
7,没意思,méi yìsi,8266
7,没辙,méizhé,8267
7,没准儿,méizhǔnr,8268
7,玫瑰,méigui,8269
7,枚,méi,8270
7,眉开眼笑,méikāi-yǎnxiào,8271
7,眉毛,méimao,8272
7,煤矿,méikuàng,8273
7,煤炭,méitàn,8274
7,每当,měidāng,8275
7,每逢,měiféng,8276
7,美德,měidé,8277
7,美观,měiguān,8278
7,美化,měihuà,8279
7,美景,měijǐng,8280
7,美满,měimǎn,8281
7,美妙,měimiào,8282
7,美人,měirén,8283
7,美味,měiwèi,8284
7,美中不足,měizhōng-bùzú,8285
7,美滋滋,měizīzī,8286
7,魅力,mèilì,8287
7,闷,mēn,8288
7,门当户对,méndāng-hùduì,8289
7,门槛,ménkǎn,8290
7,门铃,ménlíng,8291
7,门路,ménlu,8292
7,闷,mèn,8293
7,萌发,méngfā,8294
7,萌芽,méngyá,8295
7,盟友,méngyǒu,8296
7,朦胧,ménglóng,8297
7,猛烈,měngliè,8298
7,猛然,měngrán,8299
7,梦幻,mènghuàn,8300
7,弥补,míbǔ,8301
7,弥漫,mímàn,8302
7,迷惑,míhuò,8303
7,迷惑不解,míhuò-bùjiě,8304
7,迷恋,míliàn,8305
7,迷路,mílù,8306
7,迷失,míshī,8307
7,谜,mí,8308
7,谜底,mídǐ,8309
7,谜团,mítuán,8310
7,谜语,míyǔ,8311
7,秘方,mìfāng,8312
7,秘诀,mìjué,8313
7,密不可分,mìbùkěfēn,8314
7,密度,mìdù,8315
7,密封,mìfēng,8316
7,密集,mìjí,8317
7,蜜,mì,8318
7,蜜蜂,mìfēng,8319
7,蜜月,mìyuè,8320
7,棉花,miánhuā,8321
7,免,miǎn,8322
7,免不了,miǎnbuliǎo,8323
7,免除,miǎnchú,8324
7,免疫,miǎnyì,8325
7,免职,miǎnzhí,8326
7,勉强,miǎnqiǎng,8327
7,缅怀,miǎnhuái,8328
7,面部,miànbù,8329
7,面粉,miànfěn,8330
7,面红耳赤,miànhóng-ěrchì,8331
7,面面俱到,miànmiàn-jùdào,8332
7,面目全非,miànmù-quánfēi,8333
7,苗,miáo,8334
7,苗条,miáotiao,8335
7,苗头,miáotou,8336
7,描绘,miáohuì,8337
7,瞄准,miáozhǔn,8338
7,渺小,miǎoxiǎo,8339
7,庙,miào,8340
7,庙会,miàohuì,8341
7,灭绝,mièjué,8342
7,灭亡,mièwáng,8343
7,民办,mínbàn,8344
7,民俗,mínsú,8345
7,民用,mínyòng,8346
7,民众,mínzhòng,8347
7,敏捷,mǐnjié,8348
7,敏锐,mǐnruì,8349
7,名副其实,míngfùqíshí,8350
7,名贵,míngguì,8351
7,名利,mínglì,8352
7,名气,míngqi,8353
7,名声,míngshēng,8354
7,名言,míngyán,8355
7,名著,míngzhù,8356
7,明朗,mínglǎng,8357
7,明媚,míngmèi,8358
7,明智,míngzhì,8359
7,铭记,míngjì,8360
7,命,mìng,8361
7,命名,mìngmíng,8362
7,命题,mìngtí,8363
7,摸索,mōsuǒ,8364
7,模拟,mónǐ,8365
7,磨合,móhé,8366
7,磨难,mónàn,8367
7,磨损,mósǔn,8368
7,蘑菇,mógu,8369
7,魔鬼,móguǐ,8370
7,魔术,móshù,8371
7,抹,mǒ,8372
7,末日,mòrì,8373
7,没落,mòluò,8374
7,陌生,mòshēng,8375
7,莫非,mòfēi,8376
7,莫过于,mòguòyú,8377
7,莫名其妙,mòmíngqímiào,8378
7,漠然,mòrán,8379
7,墨,mò,8380
7,默读,mòdú,8381
7,默默无闻,mòmò-wúwén,8382
7,默契,mòqì,8383
7,谋害,móuhài,8384
7,谋求,móuqiú,8385
7,谋生,móushēng,8386
7,牡丹,mǔdan,8387
7,亩,mǔ,8388
7,木板,mùbǎn,8389
7,木材,mùcái,8390
7,木匠,mùjiàng,8391
7,木偶,mù'ǒu,8392
7,目不转睛,mùbùzhuǎnjīng,8393
7,目瞪口呆,mùdèng-kǒudāi,8394
7,目的地,mùdìdì,8395
7,目睹,mùdǔ,8396
7,目录,mùlù,8397
7,目中无人,mùzhōng-wúrén,8398
7,沐浴露,mùyùlù,8399
7,牧场,mùchǎng,8400
7,牧民,mùmín,8401
7,募捐,mùjuān,8402
7,墓碑,mùbēi,8403
7,墓地,mùdì,8404
7,幕,mù,8405
7,幕后,mùhòu,8406
7,穆斯林,mùsīlín,8407
7,拿手,náshǒu,8408
7,哪知道,nǎ zhīdào,8409
7,呐喊,nàhǎn,8410
7,纳闷儿,nàmènr,8411
7,纳入,nàrù,8412
7,纳税,nàshuì,8413
7,纳税人,nàshuìrén,8414
7,乃,nǎi,8415
7,乃至,nǎizhì,8416
7,耐,nài,8417
7,耐人寻味,nàirénxúnwèi,8418
7,耐性,nàixìng,8419
7,南瓜,nánguā,8420
7,难处,nánchù,8421
7,难得一见,nándé yī jiàn,8422
7,难点,nándiǎn,8423
7,难怪,nánguài,8424
7,难关,nánguān,8425
7,难堪,nánkān,8426
7,难说,nánshuō,8427
7,难为情,nánwéiqíng,8428
7,难以想象,nányǐ-xiǎngxiàng,8429
7,难以置信,nányǐ-zhìxìn,8430
7,挠,náo,8431
7,恼羞成怒,nǎoxiū-chéngnù,8432
7,脑海,nǎohǎi,8433
7,脑筋,nǎojīn,8434
7,闹事,nàoshì,8435
7,闹着玩儿,nàozhewánr,8436
7,内存,nèicún,8437
7,内阁,nèigé,8438
7,内涵,nèihán,8439
7,内行,nèiháng,8440
7,内幕,nèimù,8441
7,内向,nèixiàng,8442
7,内需,nèixū,8443
7,嫩,nèn,8444
7,能耗,nénghào,8445
7,能耐,néngnai,8446
7,能人,néngrén,8447
7,能源,néngyuán,8448
7,尼龙,nílóng,8449
7,泥潭,nítán,8450
7,泥土,nítǔ,8451
7,拟,nǐ,8452
7,拟定,nǐdìng,8453
7,逆,nì,8454
7,匿名,nìmíng,8455
7,年画,niánhuà,8456
7,年迈,niánmài,8457
7,年限,niánxiàn,8458
7,年薪,niánxīn,8459
7,年夜饭,niányèfàn,8460
7,年终,niánzhōng,8461
7,黏,nián,8462
7,念念不忘,niànniàn-bùwàng,8463
7,念书,niànshū,8464
7,念头,niàntou,8465
7,娘,niáng,8466
7,酿造,niàngzào,8467
7,鸟巢,niǎocháo,8468
7,尿,niào,8469
7,捏,niē,8470
7,拧,níng,8471
7,凝固,nínggù,8472
7,凝聚,níngjù,8473
7,拧,nǐng,8474
7,宁可,nìngkě,8475
7,宁愿,nìngyuàn,8476
7,扭曲,niǔqū,8477
7,扭头,niǔtóu,8478
7,扭转,niǔzhuǎn,8479
7,纽带,niǔdài,8480
7,纽扣,niǔkòu,8481
7,农场,nóngchǎng,8482
7,农历,nónglì,8483
7,农民工,nóngmíngōng,8484
7,农作物,nóngzuòwù,8485
7,浓厚,nónghòu,8486
7,浓缩,nóngsuō,8487
7,浓郁,nóngyù,8488
7,浓重,nóngzhòng,8489
7,弄虚作假,nòngxū-zuòjiǎ,8490
7,奴隶,núlì,8491
7,女婿,nǚxu,8492
7,暖烘烘,nuǎnhōnghōng,8493
7,虐待,nüèdài,8494
7,挪,nuó,8495
7,诺言,nuòyán,8496
7,哦,ò,8497
7,殴打,ōudǎ,8498
7,呕吐,ǒutù,8499
7,趴,pā,8500
7,拍板,pāibǎn,8501
7,拍卖,pāimài,8502
7,拍戏,pāixì,8503
7,排斥,páichì,8504
7,排放,páifàng,8505
7,排练,páiliàn,8506
7,徘徊,páihuái,8507
7,牌照,páizhào,8508
7,派别,pàibié,8509
7,派遣,pàiqiǎn,8510
7,攀,pān,8511
7,攀升,pānshēng,8512
7,盘,pán,8513
7,盘算,pánsuan,8514
7,判处,pànchǔ,8515
7,判定,pàndìng,8516
7,判决,pànjué,8517
7,盼,pàn,8518
7,叛逆,pànnì,8519
7,庞大,pángdà,8520
7,旁观,pángguān,8521
7,抛,pāo,8522
7,抛开,pāokāi,8523
7,抛弃,pāoqì,8524
7,刨,páo,8525
7,跑车,pǎochē,8526
7,跑道,pǎodào,8527
7,跑龙套,pǎo lóngtào,8528
7,泡沫,pàomò,8529
7,胚胎,pēitāi,8530
7,陪伴,péibàn,8531
7,陪葬,péizàng,8532
7,赔钱,péiqián,8533
7,佩服,pèifú,8534
7,配件,pèijiàn,8535
7,配偶,pèi'ǒu,8536
7,配送,pèisòng,8537
7,配音,pèiyīn,8538
7,喷泉,pēnquán,8539
7,抨击,pēngjī,8540
7,烹调,pēngtiáo,8541
7,蓬勃,péngbó,8542
7,鹏程万里,péngchéng-wànlǐ,8543
7,膨胀,péngzhàng,8544
7,捧,pěng,8545
7,捧场,pěngchǎng,8546
7,碰钉子,pèng dīngzi,8547
7,碰巧,pèngqiǎo,8548
7,碰上,pèngshang,8549
7,碰撞,pèngzhuàng,8550
7,批发,pīfā,8551
7,批判,pīpàn,8552
7,披露,pīlù,8553
7,劈,pī,8554
7,皮带,pídài,8555
7,疲惫,píbèi,8556
7,疲惫不堪,píbèi-bùkān,8557
7,疲倦,píjuàn,8558
7,疲劳,píláo,8559
7,脾,pí,8560
7,匹配,pǐpèi,8561
7,媲美,pìměi,8562
7,僻静,pìjìng,8563
7,譬如,pìrú,8564
7,譬如说,pìrú shuō,8565
7,片子,piānzi,8566
7,偏差,piānchā,8567
7,偏方,piānfāng,8568
7,偏见,piānjiàn,8569
7,偏僻,piānpì,8570
7,偏偏,piānpiān,8571
7,偏向,piānxiàng,8572
7,偏远,piānyuǎn,8573
7,篇幅,piānfú,8574
7,片段,piànduàn,8575
7,骗人,piàn rén,8576
7,漂,piāo,8577
7,飘,piāo,8578
7,票房,piàofáng,8579
7,撇,piě,8580
7,拼搏,pīnbó,8581
7,拼命,pīnmìng,8582
7,贫富,pín fù,8583
7,贫穷,pínqióng,8584
7,频率,pínlǜ,8585
7,频频,pínpín,8586
7,品尝,pǐncháng,8587
7,品德,pǐndé,8588
7,品位,pǐnwèi,8589
7,品行,pǐnxíng,8590
7,聘,pìn,8591
7,聘任,pìnrèn,8592
7,聘用,pìnyòng,8593
7,乒乓球,pīngpāngqiú,8594
7,平常心,píngchángxīn,8595
7,平淡,píngdàn,8596
7,平和,pínghé,8597
7,平价,píngjià,8598
7,平面,píngmiàn,8599
7,平民,píngmín,8600
7,平日,píngrì,8601
7,平息,píngxī,8602
7,评定,píngdìng,8603
7,评论员,pínglùnyuán,8604
7,评判,píngpàn,8605
7,评审,píngshěn,8606
7,评委,píngwěi,8607
7,凭借,píngjiè,8608
7,凭着,píngzhe,8609
7,凭证,píngzhèng,8610
7,瓶颈,píngjǐng,8611
7,萍水相逢,píngshuǐ-xiāngféng,8612
7,泼冷水,pō lěngshuǐ,8613
7,颇,pō,8614
7,迫不及待,pòbùjídài,8615
7,迫害,pòhài,8616
7,迫使,pòshǐ,8617
7,破案,pò'àn,8618
7,破除,pòchú,8619
7,破解,pòjiě,8620
7,破旧,pòjiù,8621
7,破裂,pòliè,8622
7,破灭,pòmiè,8623
7,破碎,pòsuì,8624
7,魄力,pòlì,8625
7,扑克,pūkè,8626
7,扑面而来,pūmiàn-érlái,8627
7,铺路,pūlù,8628
7,菩萨,púsà,8629
7,朴实,pǔshí,8630
7,朴素,pǔsù,8631
7,普通人,pǔtōng rén,8632
7,谱,pǔ,8633
7,瀑布,pùbù,8634
7,七嘴八舌,qīzuǐ-bāshé,8635
7,沏,qī,8636
7,凄凉,qīliáng,8637
7,期盼,qīpàn,8638
7,欺骗,qīpiàn,8639
7,欺诈,qīzhà,8640
7,漆,qī,8641
7,齐心协力,qíxīn-xiélì,8642
7,其后,qíhòu,8643
7,其间,qíjiān,8644
7,奇花异草,qíhuā-yìcǎo,8645
7,奇迹,qíjì,8646
7,奇特,qítè,8647
7,歧视,qíshì,8648
7,祈祷,qídǎo,8649
7,棋,qí,8650
7,棋子,qízǐ,8651
7,旗袍,qípáo,8652
7,旗帜,qízhì,8653
7,乞丐,qǐgài,8654
7,乞求,qǐqiú,8655
7,乞讨,qǐtǎo,8656
7,岂有此理,qǐyǒucǐlǐ,8657
7,启迪,qǐdí,8658
7,启蒙,qǐméng,8659
7,启示,qǐshì,8660
7,起步,qǐbù,8661
7,起草,qǐcǎo,8662
7,起程,qǐchéng,8663
7,起初,qǐchū,8664
7,起伏,qǐfú,8665
7,起劲,qǐjìn,8666
7,起跑线,qǐpǎoxiàn,8667
7,起源,qǐyuán,8668
7,气愤,qìfèn,8669
7,气管,qìguǎn,8670
7,气馁,qìněi,8671
7,气派,qìpài,8672
7,气泡,qìpào,8673
7,气魄,qìpò,8674
7,气势,qìshì,8675
7,气味,qìwèi,8676
7,气息,qìxī,8677
7,气质,qìzhì,8678
7,迄今,qìjīn,8679
7,迄今为止,qìjīn-wéizhǐ,8680
7,契机,qìjī,8681
7,契约,qìyuē,8682
7,器材,qìcái,8683
7,器械,qìxiè,8684
7,掐,qiā,8685
7,卡,qiǎ,8686
7,卡子,qiǎzi,8687
7,洽谈,qiàtán,8688
7,恰到好处,qiàdào-hǎochù,8689
7,恰恰相反,qiàqià xiāngfǎn,8690
7,恰巧,qiàqiǎo,8691
7,恰如其分,qiàrú-qífèn,8692
7,千变万化,qiānbiàn-wànhuà,8693
7,千方百计,qiānfāng-bǎijì,8694
7,千家万户,qiānjiā-wànhù,8695
7,千军万马,qiānjūn-wànmǎ,8696
7,千钧一发,qiānjūn-yīfà,8697
7,迁,qiān,8698
7,迁就,qiānjiù,8699
7,迁移,qiānyí,8700
7,牵扯,qiānchě,8701
7,牵挂,qiānguà,8702
7,牵涉,qiānshè,8703
7,牵头,qiāntóu,8704
7,牵制,qiānzhì,8705
7,铅,qiān,8706
7,谦逊,qiānxùn,8707
7,签,qiān,8708
7,签署,qiānshǔ,8709
7,前辈,qiánbèi,8710
7,前不久,qiánbùjiǔ,8711
7,前赴后继,qiánfù-hòujì,8712
7,前期,qiánqī,8713
7,前任,qiánrèn,8714
7,前所未有,qiánsuǒwèiyǒu,8715
7,前台,qiántái,8716
7,前无古人,qiánwúgǔrén,8717
7,前夕,qiánxī,8718
7,前线,qiánxiàn,8719
7,前沿,qiányán,8720
7,前仰后合,qiányǎng-hòuhé,8721
7,前者,qiánzhě,8722
7,虔诚,qiánchéng,8723
7,钱财,qiáncái,8724
7,钳子,qiánzi,8725
7,潜能,qiánnéng,8726
7,潜水,qiánshuǐ,8727
7,潜艇,qiántǐng,8728
7,潜移默化,qiányí-mòhuà,8729
7,潜在,qiánzài,8730
7,谴责,qiǎnzé,8731
7,欠缺,qiànquē,8732
7,欠条,qiàntiáo,8733
7,歉意,qiànyì,8734
7,呛,qiāng,8735
7,枪毙,qiāngbì,8736
7,腔,qiāng,8737
7,强加,qiángjiā,8738
7,强劲,qiángjìng,8739
7,强项,qiángxiàng,8740
7,强行,qiángxíng,8741
7,强硬,qiángyìng,8742
7,强占,qiángzhàn,8743
7,强制,qiángzhì,8744
7,抢夺,qiǎngduó,8745
7,抢劫,qiǎngjié,8746
7,抢眼,qiǎngyǎn,8747
7,敲边鼓,qiāo biāngǔ,8748
7,敲诈,qiāozhà,8749
7,乔装,qiáozhuāng,8750
7,瞧不起,qiáobuqǐ,8751
7,巧合,qiǎohé,8752
7,窍门,qiàomén,8753
7,翘,qiào,8754
7,撬,qiào,8755
7,切除,qiēchú,8756
7,切断,qiēduàn,8757
7,切割,qiēgē,8758
7,且,qiě,8759
7,且,qiě,8760
7,切身,qièshēn,8761
7,窃取,qièqǔ,8762
7,钦佩,qīnpèi,8763
7,侵害,qīnhài,8764
7,侵略,qīnlüè,8765
7,侵权,qīnquán,8766
7,侵占,qīnzhàn,8767
7,亲和力,qīnhélì,8768
7,亲近,qīnjìn,8769
7,亲朋好友,qīnpéng-hǎoyǒu,8770
7,亲戚,qīnqi,8771
7,亲情,qīnqíng,8772
7,亲热,qīnrè,8773
7,亲身,qīnshēn,8774
7,亲生,qīnshēng,8775
7,亲手,qīnshǒu,8776
7,亲友,qīnyǒu,8777
7,勤工俭学,qíngōng-jiǎnxué,8778
7,勤快,qínkuai,8779
7,勤劳,qínláo,8780
7,寝室,qǐnshì,8781
7,青春期,qīngchūnqī,8782
7,青蛙,qīngwā,8783
7,轻而易举,qīng'éryìjǔ,8784
7,轻蔑,qīngmiè,8785
7,轻微,qīngwēi,8786
7,轻型,qīngxíng,8787
7,倾家荡产,qīngjiā-dàngchǎn,8788
7,倾诉,qīngsù,8789
7,倾听,qīngtīng,8790
7,倾销,qīngxiāo,8791
7,倾斜,qīngxié,8792
7,清除,qīngchú,8793
7,清脆,qīngcuì,8794
7,清单,qīngdān,8795
7,清淡,qīngdàn,8796
7,清静,qīngjìng,8797
7,清凉,qīngliáng,8798
7,清明,qīngmíng,8799
7,清晰,qīngxī,8800
7,清新,qīngxīn,8801
7,清真寺,qīngzhēnsì,8802
7,情,qíng,8803
7,情报,qíngbào,8804
7,情不自禁,qíngbùzìjīn,8805
7,情调,qíngdiào,8806
7,情怀,qínghuái,8807
7,情结,qíngjié,8808
7,情侣,qínglǚ,8809
7,情人,qíngrén,8810
7,情谊,qíngyì,8811
7,情愿,qíngyuàn,8812
7,请柬,qǐngjiǎn,8813
7,请帖,qǐngtiě,8814
7,庆典,qìngdiǎn,8815
7,庆贺,qìnghè,8816
7,庆幸,qìngxìng,8817
7,丘陵,qiūlíng,8818
7,囚犯,qiúfàn,8819
7,求婚,qiúhūn,8820
7,求救,qiújiù,8821
7,求学,qiúxué,8822
7,求医,qiúyī,8823
7,求证,qiúzhèng,8824
7,求助,qiúzhù,8825
7,曲线,qūxiàn,8826
7,曲折,qūzhé,8827
7,驱动,qūdòng,8828
7,驱逐,qūzhú,8829
7,屈服,qūfú,8830
7,趋于,qūyú,8831
7,曲,qǔ,8832
7,取代,qǔdài,8833
7,取缔,qǔdì,8834
7,取而代之,qǔ'érdàizhī,8835
7,取经,qǔjīng,8836
7,取决于,qǔjué yú,8837
7,取暖,qǔnuǎn,8838
7,取胜,qǔshèng,8839
7,取笑,qǔxiào,8840
7,娶,qǔ,8841
7,去除,qùchú,8842
7,去处,qùchù,8843
7,去向,qùxiàng,8844
7,趣味,qùwèi,8845
7,圈套,quāntào,8846
7,圈子,quānzi,8847
7,权衡,quánhéng,8848
7,权威,quánwēi,8849
7,权益,quányì,8850
7,全长,quáncháng,8851
7,全程,quánchéng,8852
7,全方位,quánfāngwèi,8853
7,全局,quánjú,8854
7,全力以赴,quánlìyǐfù,8855
7,全能,quánnéng,8856
7,全文,quánwén,8857
7,全心全意,quánxīn-quányì,8858
7,拳,quán,8859
7,拳头,quántóu,8860
7,劝告,quàngào,8861
7,劝说,quànshuō,8862
7,劝阻,quànzǔ,8863
7,缺口,quēkǒu,8864
7,缺失,quēshī,8865
7,缺席,quēxí,8866
7,确切,quèqiè,8867
7,确信,quèxìn,8868
7,确凿,quèzáo,8869
7,确诊,quèzhěn,8870
7,燃放,ránfàng,8871
7,燃气,ránqì,8872
7,燃油,rányóu,8873
7,嚷,rǎng,8874
7,让步,ràngbù,8875
7,饶,ráo,8876
7,饶恕,ráoshù,8877
7,扰乱,rǎoluàn,8878
7,绕行,ràoxíng,8879
7,惹,rě,8880
7,热潮,rècháo,8881
7,热带,rèdài,8882
7,热气,rèqì,8883
7,热气球,rèqìqiú,8884
7,热腾腾,rèténgténg,8885
7,热衷,rèzhōng,8886
7,人次,réncì,8887
7,人道,réndào,8888
7,人格,réngé,8889
7,人工智能,réngōng-zhìnéng,8890
7,人均,rénjūn,8891
7,人品,rénpǐn,8892
7,人气,rénqì,8893
7,人情,rénqíng,8894
7,人身,rénshēn,8895
7,人事,rénshì,8896
7,人手,rénshǒu,8897
7,人体,réntǐ,8898
7,人为,rénwéi,8899
7,人文,rénwén,8900
7,人行道,rénxíngdào,8901
7,人性,rénxìng,8902
7,人选,rénxuǎn,8903
7,人缘儿,rényuánr,8904
7,人造,rénzào,8905
7,人质,rénzhì,8906
7,仁慈,réncí,8907
7,忍饥挨饿,rěnjī-ái'è,8908
7,忍耐,rěnnài,8909
7,忍心,rěnxīn,8910
7,认错,rèncuò,8911
7,认证,rènzhèng,8912
7,认知,rènzhī,8913
7,任命,rènmìng,8914
7,任期,rènqī,8915
7,任人宰割,rènrén-zǎigē,8916
7,任意,rènyì,8917
7,任职,rènzhí,8918
7,韧性,rènxìng,8919
7,日程,rìchéng,8920
7,日复一日,rìfùyīrì,8921
7,日后,rìhòu,8922
7,日前,rìqián,8923
7,日趋,rìqū,8924
7,日新月异,rìxīn-yuèyì,8925
7,日益,rìyì,8926
7,荣获,rónghuò,8927
7,荣幸,róngxìng,8928
7,荣誉,róngyù,8929
7,容光焕发,róngguāng-huànfā,8930
7,容量,róngliàng,8931
7,容纳,róngnà,8932
7,容忍,róngrěn,8933
7,容许,róngxǔ,8934
7,容颜,róngyán,8935
7,溶解,róngjiě,8936
7,融,róng,8937
7,融化,rónghuà,8938
7,融洽,róngqià,8939
7,冗长,rǒngcháng,8940
7,柔和,róuhé,8941
7,柔软,róuruǎn,8942
7,揉,róu,8943
7,如果说,rúguǒ shuō,8944
7,如实,rúshí,8945
7,如意,rúyì,8946
7,如愿以偿,rúyuànyǐcháng,8947
7,如醉如痴,rúzuì-rúchī,8948
7,儒家,Rújiā,8949
7,儒学,rúxué,8950
7,入场,rùchǎng,8951
7,入场券,rùchǎngquàn,8952
7,入境,rùjìng,8953
7,入侵,rùqīn,8954
7,入手,rùshǒu,8955
7,入选,rùxuǎn,8956
7,软弱,ruǎnruò,8957
7,软实力,ruǎnshílì,8958
7,瑞雪,ruìxuě,8959
7,润,rùn,8960
7,若干,ruògān,8961
7,弱点,ruòdiǎn,8962
7,弱势,ruòshì,8963
7,撒,sā,8964
7,撒谎,sāhuǎng,8965
7,赛车,sàichē,8966
7,赛跑,sàipǎo,8967
7,三番五次,sānfān-wǔcì,8968
7,三角,sānjiǎo,8969
7,三维,sānwéi,8970
7,散布,sànbù,8971
7,散发,sànfā,8972
7,桑拿,sāngná,8973
7,嗓子,sǎngzi,8974
7,丧生,sàngshēng,8975
7,骚乱,sāoluàn,8976
7,骚扰,sāorǎo,8977
7,扫除,sǎochú,8978
7,扫描,sǎomiáo,8979
7,扫墓,sǎomù,8980
7,扫兴,sǎoxìng,8981
7,嫂子,sǎozi,8982
7,僧人,sēngrén,8983
7,杀害,shāhài,8984
7,杀手,shāshǒu,8985
7,沙龙,shālóng,8986
7,沙滩,shātān,8987
7,纱,shā,8988
7,刹车,shāchē,8989
7,砂糖,shātáng,8990
7,鲨鱼,shāyú,8991
7,傻瓜,shǎguā,8992
7,筛,shāi,8993
7,筛选,shāixuǎn,8994
7,晒太阳,shài tàiyáng,8995
7,山川,shānchuān,8996
7,山顶,shāndǐng,8997
7,山冈,shāngāng,8998
7,山岭,shānlǐng,8999
7,山路,shānlù,9000
7,山寨,shānzhài,9001
7,删,shān,9002
7,删除,shānchú,9003
7,煽动,shāndòng,9004
7,闪烁,shǎnshuò,9005
7,善,shàn,9006
7,善意,shànyì,9007
7,擅长,shàncháng,9008
7,擅自,shànzì,9009
7,膳食,shànshí,9010
7,赡养,shànyǎng,9011
7,伤残,shāngcán,9012
7,伤感,shānggǎn,9013
7,伤痕,shānghén,9014
7,伤脑筋,shāng nǎojīn,9015
7,伤势,shāngshì,9016
7,商贩,shāngfàn,9017
7,商贾,shānggǔ,9018
7,商讨,shāngtǎo,9019
7,上报,shàngbào,9020
7,上场,shàngchǎng,9021
7,上方,shàngfāng,9022
7,上岗,shànggǎng,9023
7,上火,shànghuǒ,9024
7,上空,shàngkōng,9025
7,上流,shàngliú,9026
7,上期,shàng qī,9027
7,上任,shàngrèn,9028
7,上述,shàngshù,9029
7,上司,shàngsi,9030
7,上诉,shàngsù,9031
7,上调,shàngtiáo,9032
7,上头,shàngtou,9033
7,上限,shàngxiàn,9034
7,上旬,shàngxún,9035
7,上瘾,shàngyǐn,9036
7,上映,shàngyìng,9037
7,上游,shàngyóu,9038
7,尚,shàng,9039
7,尚未,shàngwèi,9040
7,捎,shāo,9041
7,烧毁,shāohuǐ,9042
7,烧烤,shāokǎo,9043
7,稍后,shāohòu,9044
7,稍候,shāohòu,9045
7,稍稍,shāoshāo,9046
7,少不了,shǎobuliǎo,9047
7,少见,shǎojiàn,9048
7,少量,shǎoliàng,9049
7,少有,shǎoyǒu,9050
7,少林寺,Shàolín Sì,9051
7,少女,shàonǚ,9052
7,奢侈,shēchǐ,9053
7,奢望,shēwàng,9054
7,设,shè,9055
7,设定,shèdìng,9056
7,设法,shèfǎ,9057
7,社会主义,shèhuì zhǔyì,9058
7,社交,shèjiāo,9059
7,社论,shèlùn,9060
7,社团,shètuán,9061
7,涉嫌,shèxián,9062
7,摄氏度,shèshìdù,9063
7,谁知道,shéi zhīdào,9064
7,申办,shēnbàn,9065
7,申报,shēnbào,9066
7,申领,shēnlǐng,9067
7,伸手,shēnshǒu,9068
7,伸缩,shēnsuō,9069
7,伸张,shēnzhāng,9070
7,身不由己,shēnbùyóujǐ,9071
7,身价,shēnjià,9072
7,身躯,shēnqū,9073
7,身心,shēnxīn,9074
7,身影,shēnyǐng,9075
7,身子,shēnzi,9076
7,绅士,shēnshì,9077
7,深奥,shēn'ào,9078
7,深切,shēnqiè,9079
7,深情,shēnqíng,9080
7,深入人心,shēnrù-rénxīn,9081
7,深受,shēnshòu,9082
7,深思,shēnsī,9083
7,深信,shēnxìn,9084
7,深夜,shēnyè,9085
7,深远,shēnyuǎn,9086
7,神气,shénqì,9087
7,神圣,shénshèng,9088
7,神态,shéntài,9089
7,神仙,shénxiān,9090
7,审,shěn,9091
7,审定,shěndìng,9092
7,审核,shěnhé,9093
7,审美,shěnměi,9094
7,审判,shěnpàn,9095
7,审批,shěnpī,9096
7,审视,shěnshì,9097
7,肾,shèn,9098
7,甚至于,shènzhìyú,9099
7,渗,shèn,9100
7,渗透,shèntòu,9101
7,慎重,shènzhòng,9102
7,升温,shēngwēn,9103
7,生机,shēngjī,9104
7,生理,shēnglǐ,9105
7,生命线,shēngmìngxiàn,9106
7,生怕,shēngpà,9107
7,生平,shēngpíng,9108
7,生前,shēngqián,9109
7,生死,shēngsǐ,9110
7,生态,shēngtài,9111
7,生物,shēngwù,9112
7,生效,shēngxiào,9113
7,生涯,shēngyá,9114
7,生硬,shēngyìng,9115
7,生育,shēngyù,9116
7,声称,shēngchēng,9117
7,声望,shēngwàng,9118
7,声誉,shēngyù,9119
7,牲畜,shēngchù,9120
7,绳子,shéngzi,9121
7,省略,shěnglüè,9122
7,省事,shěngshì,9123
7,圣贤,shèngxián,9124
7,胜出,shèngchū,9125
7,胜任,shèngrèn,9126
7,盛大,shèngdà,9127
7,盛会,shènghuì,9128
7,盛开,shèngkāi,9129
7,盛气凌人,shèngqì-língrén,9130
7,剩余,shèngyú,9131
7,尸体,shītǐ,9132
7,失传,shīchuán,9133
7,失控,shīkòng,9134
7,失利,shīlì,9135
7,失恋,shīliàn,9136
7,失灵,shīlíng,9137
7,失落,shīluò,9138
7,失眠,shīmián,9139
7,失明,shīmíng,9140
7,失效,shīxiào,9141
7,失业率,shīyèlǜ,9142
7,失踪,shīzōng,9143
7,师范,shīfàn,9144
7,师长,shīzhǎng,9145
7,师资,shīzī,9146
7,狮子,shīzi,9147
7,施工,shīgōng,9148
7,施加,shījiā,9149
7,施行,shīxíng,9150
7,施压,shīyā,9151
7,湿度,shīdù,9152
7,湿润,shīrùn,9153
7,十字路口,shízì lùkǒu,9154
7,时不时,shíbùshí,9155
7,时段,shíduàn,9156
7,时隔,shí gé,9157
7,时好时坏,shíhǎo-shíhuài,9158
7,时间表,shíjiānbiǎo,9159
7,时空,shíkōng,9160
7,时髦,shímáo,9161
7,时尚,shíshàng,9162
7,时速,shísù,9163
7,识别,shíbié,9164
7,实地,shídì,9165
7,实话,shíhuà,9166
7,实话实说,shíhuà-shíshuō,9167
7,实况,shíkuàng,9168
7,实事求是,shíshì-qiúshì,9169
7,实体,shítǐ,9170
7,实物,shíwù,9171
7,实质,shízhì,9172
7,食宿,shísù,9173
7,食用,shíyòng,9174
7,史无前例,shǐwúqiánlì,9175
7,使唤,shǐhuan,9176
7,使命,shǐmìng,9177
7,使者,shǐzhě,9178
7,士气,shìqì,9179
7,示威,shìwēi,9180
7,示意,shìyì,9181
7,世代,shìdài,9182
7,世故,shìgu,9183
7,世界级,shìjiè jí,9184
7,世袭,shìxí,9185
7,市场经济,shìchǎng jīngjì,9186
7,势必,shìbì,9187
7,势不可当,shìbùkědāng,9188
7,势头,shìtou,9189
7,事迹,shìjì,9190
7,事态,shìtài,9191
7,事务,shìwù,9192
7,事务所,shìwùsuǒ,9193
7,事项,shìxiàng,9194
7,事宜,shìyí,9195
7,侍候,shìhòu,9196
7,试探,shìtan,9197
7,试行,shìxíng,9198
7,试用,shìyòng,9199
7,试用期,shìyòngqī,9200
7,视察,shìchá,9201
7,视角,shìjiǎo,9202
7,视觉,shìjué,9203
7,视力,shìlì,9204
7,视线,shìxiàn,9205
7,视野,shìyě,9206
7,柿子,shìzi,9207
7,是非,shìfēi,9208
7,适度,shìdù,9209
7,适量,shìliàng,9210
7,适时,shìshí,9211
7,适宜,shìyí,9212
7,逝世,shìshì,9213
7,释放,shìfàng,9214
7,嗜好,shìhào,9215
7,收复,shōufù,9216
7,收据,shōujù,9217
7,收敛,shōuliǎn,9218
7,收留,shōuliú,9219
7,收买,shōumǎi,9220
7,收视率,shōushìlǜ,9221
7,收缩,shōusuō,9222
7,收支,shōuzhī,9223
7,手臂,shǒubì,9224
7,手册,shǒucè,9225
7,手动,shǒudòng,9226
7,手脚,shǒujiǎo,9227
7,手帕,shǒupà,9228
7,手枪,shǒuqiāng,9229
7,手势,shǒushì,9230
7,手术室,shǒushùshì,9231
7,手头,shǒutóu,9232
7,手腕,shǒuwàn,9233
7,手艺,shǒuyì,9234
7,手掌,shǒuzhǎng,9235
7,守候,shǒuhòu,9236
7,守护,shǒuhù,9237
7,守株待兔,shǒuzhū-dàitù,9238
7,首创,shǒuchuàng,9239
7,首府,shǒufǔ,9240
7,首批,shǒupī,9241
7,首饰,shǒushì,9242
7,首要,shǒuyào,9243
7,寿命,shòumìng,9244
7,受过,shòuguò,9245
7,受害,shòuhài,9246
7,受害人,shòuhàirén,9247
7,受贿,shòuhuì,9248
7,受惊,shòujīng,9249
7,受苦,shòukǔ,9250
7,受理,shòulǐ,9251
7,受骗,shòupiàn,9252
7,受益,shòuyì,9253
7,授权,shòuquán,9254
7,授予,shòuyǔ,9255
7,售价,shòujià,9256
7,售票,shòupiào,9257
7,书橱,shūchú,9258
7,书籍,shūjí,9259
7,书记,shūjì,9260
7,书面,shūmiàn,9261
7,书写,shūxiě,9262
7,抒情,shūqíng,9263
7,枢纽,shūniǔ,9264
7,梳,shū,9265
7,梳理,shūlǐ,9266
7,梳子,shūzi,9267
7,舒畅,shūchàng,9268
7,疏导,shūdǎo,9269
7,疏忽,shūhu,9270
7,疏散,shūsàn,9271
7,疏通,shūtōng,9272
7,输家,shūjiā,9273
7,输送,shūsòng,9274
7,输血,shūxuè,9275
7,输液,shūyè,9276
7,赎,shú,9277
7,暑期,shǔqī,9278
7,属性,shǔxìng,9279
7,曙光,shǔguāng,9280
7,束缚,shùfù,9281
7,树立,shùlì,9282
7,树木,shùmù,9283
7,树梢,shùshāo,9284
7,树荫,shùyīn,9285
7,树枝,shùzhī,9286
7,竖,shù,9287
7,数额,shù'é,9288
7,数据库,shùjùkù,9289
7,刷新,shuāxīn,9290
7,耍,shuǎ,9291
7,耍赖,shuǎlài,9292
7,衰减,shuāijiǎn,9293
7,衰竭,shuāijié,9294
7,衰老,shuāilǎo,9295
7,衰弱,shuāiruò,9296
7,衰退,shuāituì,9297
7,摔跤,shuāijiāo,9298
7,甩,shuǎi,9299
7,率,shuài,9300
7,拴,shuān,9301
7,涮,shuàn,9302
7,双胞胎,shuāngbāotāi,9303
7,双边,shuāngbiān,9304
7,双重,shuāngchóng,9305
7,双向,shuāngxiàng,9306
7,双赢,shuāngyíng,9307
7,霜,shuāng,9308
7,爽快,shuǎngkuai,9309
7,水槽,shuǐcáo,9310
7,水稻,shuǐdào,9311
7,水管,shuǐguǎn,9312
7,水壶,shuǐhú,9313
7,水货,shuǐhuò,9314
7,水晶,shuǐjīng,9315
7,水利,shuǐlì,9316
7,水灵灵,shuǐlínglíng,9317
7,水龙头,shuǐlóngtóu,9318
7,水落石出,shuǐluò-shíchū,9319
7,水面,shuǐmiàn,9320
7,水手,shuǐshǒu,9321
7,水温,shuǐwēn,9322
7,水域,shuǐyù,9323
7,水源,shuǐyuán,9324
7,水涨船高,shuǐzhǎng-chuángāo,9325
7,水准,shuǐzhǔn,9326
7,税收,shuìshōu,9327
7,税务,shuìwù,9328
7,睡袋,shuìdài,9329
7,顺便,shùnbiàn,9330
7,顺差,shùnchā,9331
7,顺畅,shùnchàng,9332
7,顺从,shùncóng,9333
7,顺理成章,shùnlǐ-chéngzhāng,9334
7,顺路,shùnlù,9335
7,顺其自然,shùnqízìrán,9336
7,顺势,shùnshì,9337
7,顺手,shùnshǒu,9338
7,顺心,shùnxīn,9339
7,顺应,shùnyìng,9340
7,顺着,shùnzhe,9341
7,瞬间,shùnjiān,9342
7,说白了,shuōbáile,9343
7,说不上,shuōbushàng,9344
7,说到底,shuōdàodǐ,9345
7,说道,shuōdao,9346
7,说干就干,shuō gàn jiù gàn,9347
7,说谎,shuōhuǎng,9348
7,说老实话,shuō lǎoshi huà,9349
7,说起来,shuō qǐlái,9350
7,说情,shuōqíng,9351
7,说闲话,shuō xiánhuà,9352
7,说真的,shuō zhēnde,9353
7,硕果,shuòguǒ,9354
7,司法,sīfǎ,9355
7,司空见惯,sīkōng-jiànguàn,9356
7,司令,sīlìng,9357
7,丝,sī,9358
7,丝绸,sīchóu,9359
7,丝毫,sīháo,9360
7,私房钱,sīfángqián,9361
7,私家车,sījiāchē,9362
7,私立,sīlì,9363
7,私事,sīshì,9364
7,私下,sīxià,9365
7,私营,sīyíng,9366
7,私有,sīyǒu,9367
7,私自,sīzì,9368
7,思路,sīlù,9369
7,思念,sīniàn,9370
7,思前想后,sīqián-xiǎnghòu,9371
7,思索,sīsuǒ,9372
7,撕,sī,9373
7,死心,sǐxīn,9374
7,死心塌地,sǐxīn-tādì,9375
7,四合院,sìhéyuàn,9376
7,四季,sìjì,9377
7,四面八方,sìmiàn-bāfāng,9378
7,寺庙,sìmiào,9379
7,似曾相识,sìcéng-xiāngshí,9380
7,似是而非,sìshì-érfēi,9381
7,伺机,sìjī,9382
7,饲料,sìliào,9383
7,饲养,sìyǎng,9384
7,松绑,sōngbǎng,9385
7,松弛,sōngchí,9386
7,耸立,sǒnglì,9387
7,送别,sòngbié,9388
7,搜查,sōuchá,9389
7,搜集,sōují,9390
7,搜救,sōujiù,9391
7,搜寻,sōuxún,9392
7,艘,sōu,9393
7,苏醒,sūxǐng,9394
7,酥,sū,9395
7,俗,sú,9396
7,俗话,súhuà,9397
7,俗话说,súhuà shuō,9398
7,俗语,súyǔ,9399
7,诉苦,sùkǔ,9400
7,诉说,sùshuō,9401
7,诉讼,sùsòng,9402
7,素,sù,9403
7,素不相识,sùbùxiāngshí,9404
7,素材,sùcái,9405
7,素描,sùmiáo,9406
7,素食,sùshí,9407
7,素养,sùyǎng,9408
7,塑造,sùzào,9409
7,蒜,suàn,9410
7,算计,suànjì,9411
7,算盘,suànpán,9412
7,算账,suànzhàng,9413
7,虽说,suīshuō,9414
7,随处可见,suíchù kě jiàn,9415
7,随大溜,suí dàliù,9416
7,随机,suíjī,9417
7,随即,suíjí,9418
7,随身,suíshēn,9419
7,随时随地,suíshí-suídì,9420
7,随心所欲,suíxīnsuǒyù,9421
7,遂心,suìxīn,9422
7,隧道,suìdào,9423
7,损,sǔn,9424
7,损坏,sǔnhuài,9425
7,损人利己,sǔnrén-lìjǐ,9426
7,损伤,sǔnshāng,9427
7,缩,suō,9428
7,缩水,suōshuǐ,9429
7,缩影,suōyǐng,9430
7,所属,suǒshǔ,9431
7,所谓,suǒwèi,9432
7,所作所为,suǒzuò-suǒwéi,9433
7,索赔,suǒpéi,9434
7,索取,suǒqǔ,9435
7,索性,suǒxìng,9436
7,锁定,suǒdìng,9437
7,他人,tārén,9438
7,塌,tā,9439
7,踏上,tàshang,9440
7,胎,tāi,9441
7,胎儿,tāi'ér,9442
7,台球,táiqiú,9443
7,太极,tàijí,9444
7,太极拳,tàijíquán,9445
7,太平,tàipíng,9446
7,泰斗,tàidǒu,9447
7,贪,tān,9448
7,贪婪,tānlán,9449
7,贪玩儿,tānwánr,9450
7,贪污,tānwū,9451
7,摊,tān,9452
7,瘫,tān,9453
7,瘫痪,tānhuàn,9454
7,坛,tán,9455
7,谈不上,tán bu shàng,9456
7,谈到,tándào,9457
7,谈论,tánlùn,9458
7,谈起,tánqǐ,9459
7,弹性,tánxìng,9460
7,痰,tán,9461
7,坦白,tǎnbái,9462
7,坦诚,tǎnchéng,9463
7,坦克,tǎnkè,9464
7,坦然,tǎnrán,9465
7,坦率,tǎnshuài,9466
7,毯子,tǎnzi,9467
7,炭,tàn,9468
7,探,tàn,9469
7,探测,tàncè,9470
7,探亲,tànqīn,9471
7,探求,tànqiú,9472
7,探望,tànwàng,9473
7,探险,tànxiǎn,9474
7,碳,tàn,9475
7,汤圆,tāngyuán,9476
7,堂,táng,9477
7,糖果,tángguǒ,9478
7,糖尿病,tángniàobìng,9479
7,倘若,tǎngruò,9480
7,淌,tǎng,9481
7,烫,tàng,9482
7,掏钱,tāo qián,9483
7,滔滔不绝,tāotāo-bùjué,9484
7,逃避,táobì,9485
7,逃生,táoshēng,9486
7,逃亡,táowáng,9487
7,陶瓷,táocí,9488
7,陶冶,táoyě,9489
7,陶醉,táozuì,9490
7,淘,táo,9491
7,淘气,táoqì,9492
7,淘汰,táotài,9493
7,讨,tǎo,9494
7,讨好,tǎohǎo,9495
7,讨价还价,tǎojià-huánjià,9496
7,讨人喜欢,tǎo rén xǐhuan,9497
7,特产,tèchǎn,9498
7,特长,tècháng,9499
7,特例,tèlì,9500
7,特权,tèquán,9501
7,特邀,tèyāo,9502
7,特制,tèzhì,9503
7,特质,tèzhì,9504
7,腾,téng,9505
7,藤椅,téngyǐ,9506
7,剔除,tīchú,9507
7,梯子,tīzi,9508
7,提拔,tíbá,9509
7,提炼,tíliàn,9510
7,提名,tímíng,9511
7,提速,tísù,9512
7,提心吊胆,tíxīn-diàodǎn,9513
7,提议,tíyì,9514
7,提早,tízǎo,9515
7,体谅,tǐliàng,9516
7,体面,tǐmiàn,9517
7,体能,tǐnéng,9518
7,体贴,tǐtiē,9519
7,体温,tǐwēn,9520
7,体系,tǐxì,9521
7,体制,tǐzhì,9522
7,体质,tǐzhì,9523
7,剃,tì,9524
7,替换,tìhuàn,9525
7,替身,tìshēn,9526
7,天长地久,tiāncháng-dìjiǔ,9527
7,天地,tiāndì,9528
7,天鹅,tiān'é,9529
7,天分,tiānfèn,9530
7,天赋,tiānfù,9531
7,天经地义,tiānjīng-dìyì,9532
7,天平,tiānpíng,9533
7,天桥,tiānqiáo,9534
7,天生,tiānshēng,9535
7,天使,tiānshǐ,9536
7,天线,tiānxiàn,9537
7,天性,tiānxìng,9538
7,天主教,Tiānzhǔjiào,9539
7,添加,tiānjiā,9540
7,甜美,tiánměi,9541
7,甜蜜,tiánmì,9542
7,甜头,tiántou,9543
7,填补,tiánbǔ,9544
7,填充,tiánchōng,9545
7,填写,tiánxiě,9546
7,舔,tiǎn,9547
7,挑剔,tiāoti,9548
7,条款,tiáokuǎn,9549
7,条例,tiáolì,9550
7,条约,tiáoyuē,9551
7,调侃,tiáokǎn,9552
7,调控,tiáokòng,9553
7,调料,tiáoliào,9554
7,调试,tiáoshì,9555
7,挑起,tiǎoqǐ,9556
7,挑衅,tiǎoxìn,9557
7,跳槽,tiàocáo,9558
7,跳动,tiàodòng,9559
7,跳伞,tiàosǎn,9560
7,跳跃,tiàoyuè,9561
7,贴近,tiējìn,9562
7,贴切,tiēqiè,9563
7,帖子,tiězi,9564
7,听从,tīngcóng,9565
7,听话,tīnghuà,9566
7,停泊,tíngbó,9567
7,停车位,tíngchēwèi,9568
7,停电,tíngdiàn,9569
7,停顿,tíngdùn,9570
7,停放,tíngfàng,9571
7,停业,tíngyè,9572
7,通畅,tōngchàng,9573
7,通车,tōngchē,9574
7,通风,tōngfēng,9575
7,通告,tōnggào,9576
7,通缉,tōngjī,9577
7,通顺,tōngshùn,9578
7,通俗,tōngsú,9579
7,通通,tōngtōng,9580
7,通往,tōngwǎng,9581
7,通宵,tōngxiāo,9582
7,通行证,tōngxíngzhèng,9583
7,同伴,tóngbàn,9584
7,同步,tóngbù,9585
7,同等,tóngděng,9586
7,同感,tónggǎn,9587
7,同伙,tónghuǒ,9588
7,同类,tónglèi,9589
7,同盟,tóngméng,9590
7,同年,tóngnián,9591
7,同人,tóngrén,9592
7,同志,tóngzhì,9593
7,同舟共济,tóngzhōu-gòngjì,9594
7,铜,tóng,9595
7,统筹,tǒngchóu,9596
7,统统,tǒngtǒng,9597
7,统治,tǒngzhì,9598
7,捅,tǒng,9599
7,桶,tǒng,9600
7,筒,tǒng,9601
7,痛,tòng,9602
7,痛心,tòngxīn,9603
7,偷看,tōukàn,9604
7,偷窥,tōukuī,9605
7,偷懒,tōulǎn,9606
7,头部,tóubù,9607
7,头顶,tóudǐng,9608
7,头号,tóuhào,9609
7,头条,tóutiáo,9610
7,头头是道,tóutóu-shìdào,9611
7,头衔,tóuxián,9612
7,头晕,tóuyūn,9613
7,投奔,tóubèn,9614
7,投稿,tóugǎo,9615
7,投机,tóujī,9616
7,投射,tóushè,9617
7,投身,tóushēn,9618
7,投降,tóuxiáng,9619
7,透彻,tòuchè,9620
7,透过,tòuguò,9621
7,透气,tòuqì,9622
7,透支,tòuzhī,9623
7,凸,tū,9624
7,凸显,tūxiǎn,9625
7,秃,tū,9626
7,突发,tūfā,9627
7,突击,tūjī,9628
7,突破口,tūpòkǒu,9629
7,突如其来,tūrú-qílái,9630
7,图表,túbiǎo,9631
7,图像,túxiàng,9632
7,图形,túxíng,9633
7,图纸,túzhǐ,9634
7,徒步,túbù,9635
7,涂,tú,9636
7,屠杀,túshā,9637
7,土匪,tǔfěi,9638
7,土壤,tǔrǎng,9639
7,土生土长,tǔshēng-tǔzhǎng,9640
7,团伙,tuánhuǒ,9641
7,团聚,tuánjù,9642
7,团员,tuányuán,9643
7,团圆,tuányuán,9644
7,推测,tuīcè,9645
7,推辞,tuīcí,9646
7,推断,tuīduàn,9647
7,推翻,tuīfān,9648
7,推荐,tuījiàn,9649
7,推理,tuīlǐ,9650
7,推敲,tuīqiāo,9651
7,推算,tuīsuàn,9652
7,推卸,tuīxiè,9653
7,推选,tuīxuǎn,9654
7,推移,tuīyí,9655
7,颓废,tuífèi,9656
7,退回,tuìhuí,9657
7,退却,tuìquè,9658
7,退让,tuìràng,9659
7,退缩,tuìsuō,9660
7,退休金,tuìxiūjīn,9661
7,退学,tuìxué,9662
7,退役,tuìyì,9663
7,屯,tún,9664
7,托付,tuōfù,9665
7,拖累,tuōlěi,9666
7,拖欠,tuōqiàn,9667
7,拖延,tuōyán,9668
7,脱节,tuōjié,9669
7,脱口而出,tuōkǒu'érchū,9670
7,脱落,tuōluò,9671
7,脱身,tuōshēn,9672
7,脱颖而出,tuōyǐng'érchū,9673
7,驮,tuó,9674
7,妥,tuǒ,9675
7,妥当,tuǒdàng,9676
7,妥善,tuǒshàn,9677
7,妥协,tuǒxié,9678
7,拓宽,tuòkuān,9679
7,拓展,tuòzhǎn,9680
7,唾液,tuòyè,9681
7,挖掘,wājué,9682
7,挖苦,wāku,9683
7,瓦,wǎ,9684
7,歪,wāi,9685
7,歪曲,wāiqū,9686
7,外表,wàibiǎo,9687
7,外公,wàigōng,9688
7,外行,wàiháng,9689
7,外号,wàihào,9690
7,外籍,wàijí,9691
7,外贸,wàimào,9692
7,外貌,wàimào,9693
7,外婆,wàipó,9694
7,外企,wàiqǐ,9695
7,外星人,wàixīngrén,9696
7,外形,wàixíng,9697
7,外援,wàiyuán,9698
7,丸,wán,9699
7,完备,wánbèi,9700
7,完毕,wánbì,9701
7,完蛋,wándàn,9702
7,完好,wánhǎo,9703
7,玩耍,wánshuǎ,9704
7,玩意儿,wányìr,9705
7,顽固,wángù,9706
7,挽,wǎn,9707
7,挽回,wǎnhuí,9708
7,挽救,wǎnjiù,9709
7,晚间,wǎnjiān,9710
7,晚年,wǎnnián,9711
7,晚期,wǎnqī,9712
7,惋惜,wǎnxī,9713
7,万分,wànfēn,9714
7,万古长青,wàngǔ-chángqīng,9715
7,万能,wànnéng,9716
7,万万,wànwàn,9717
7,万无一失,wànwú-yīshī,9718
7,汪洋,wāngyáng,9719
7,亡羊补牢,wángyáng-bǔláo,9720
7,王国,wángguó,9721
7,王牌,wángpái,9722
7,网点,wǎngdiǎn,9723
7,网民,wǎngmín,9724
7,往常,wǎngcháng,9725
7,往返,wǎngfǎn,9726
7,往日,wǎngrì,9727
7,往事,wǎngshì,9728
7,妄想,wàngxiǎng,9729
7,忘不了,wàng bu liǎo,9730
7,忘掉,wàngdiào,9731
7,旺,wàng,9732
7,旺季,wàngjì,9733
7,旺盛,wàngshèng,9734
7,望,wàng,9735
7,望远镜,wàngyuǎnjìng,9736
7,危及,wēijí,9737
7,危急,wēijí,9738
7,威风,wēifēng,9739
7,威力,wēilì,9740
7,威慑,wēishè,9741
7,威信,wēixìn,9742
7,微不足道,wēibùzúdào,9743
7,微观,wēiguān,9744
7,微妙,wēimiào,9745
7,微弱,wēiruò,9746
7,微型,wēixíng,9747
7,为人,wéirén,9748
7,违背,wéibèi,9749
7,违约,wéiyuē,9750
7,违章,wéizhāng,9751
7,围墙,wéiqiáng,9752
7,唯,wéi,9753
7,唯独,wéidú,9754
7,伪造,wěizào,9755
7,伪装,wěizhuāng,9756
7,尾气,wěiqì,9757
7,尾声,wěishēng,9758
7,纬度,wěidù,9759
7,委屈,wěiqu,9760
7,委婉,wěiwǎn,9761
7,委员,wěiyuán,9762
7,委员会,wěiyuánhuì,9763
7,萎缩,wěisuō,9764
7,卫视,wèishì,9765
7,未,wèi,9766
7,未成年人,wèichéngniánrén,9767
7,未经,wèijīng,9768
7,未免,wèimiǎn,9769
7,未知数,wèizhīshù,9770
7,位子,wèizi,9771
7,味精,wèijīng,9772
7,畏惧,wèijù,9773
7,畏缩,wèisuō,9774
7,胃口,wèikǒu,9775
7,喂养,wèiyǎng,9776
7,慰劳,wèiláo,9777
7,温度计,wēndùjì,9778
7,温泉,wēnquán,9779
7,温柔,wēnróu,9780
7,温室,wēnshì,9781
7,温习,wēnxí,9782
7,温馨,wēnxīn,9783
7,瘟疫,wēnyì,9784
7,文,wén,9785
7,文具,wénjù,9786
7,文科,wénkē,9787
7,文盲,wénmáng,9788
7,文凭,wénpíng,9789
7,文人,wénrén,9790
7,文物,wénwù,9791
7,文献,wénxiàn,9792
7,文雅,wényǎ,9793
7,闻名,wénmíng,9794
7,蚊帐,wénzhàng,9795
7,蚊子,wénzi,9796
7,吻,wěn,9797
7,吻合,wěnhé,9798
7,紊乱,wěnluàn,9799
7,稳固,wěngù,9800
7,稳健,wěnjiàn,9801
7,稳妥,wěntuǒ,9802
7,稳重,wěnzhòng,9803
7,问卷,wènjuàn,9804
7,问世,wènshì,9805
7,窝,wō,9806
7,卧,wò,9807
7,污秽,wūhuì,9808
7,巫婆,wūpó,9809
7,呜咽,wūyè,9810
7,屋顶,wūdǐng,9811
7,无比,wúbǐ,9812
7,无不,wúbù,9813
7,无偿,wúcháng,9814
7,无敌,wúdí,9815
7,无恶不作,wú'è-bùzuò,9816
7,无非,wúfēi,9817
7,无辜,wúgū,9818
7,无故,wúgù,9819
7,无关紧要,wúguān-jǐnyào,9820
7,无话可说,wúhuà-kěshuō,9821
7,无济于事,wújìyúshì,9822
7,无家可归,wújiā-kěguī,9823
7,无精打采,wújīng-dǎcǎi,9824
7,无可奉告,wúkěfènggào,9825
7,无可厚非,wúkěhòufēi,9826
7,无可奈何,wúkěnàihé,9827
7,无理,wúlǐ,9828
7,无力,wúlì,9829
7,无论如何,wúlùn-rúhé,9830
7,无能,wúnéng,9831
7,无能为力,wúnéngwéilì,9832
7,无情,wúqíng,9833
7,无情无义,wúqíng-wúyì,9834
7,无穷,wúqióng,9835
7,无私,wúsī,9836
7,无所事事,wúsuǒshìshì,9837
7,无所作为,wúsuǒzuòwéi,9838
7,无条件,wútiáojiàn,9839
7,无微不至,wúwēi-bùzhì,9840
7,无线,wúxiàn,9841
7,无线电,wúxiàndiàn,9842
7,无形,wúxíng,9843
7,无形中,wúxíngzhōng,9844
7,无须,wúxū,9845
7,无意,wúyì,9846
7,无忧无虑,wúyōu-wúlǜ,9847
7,无缘,wúyuán,9848
7,无知,wúzhī,9849
7,无足轻重,wúzú-qīngzhòng,9850
7,五花八门,wǔhuā-bāmén,9851
7,五星级,wǔxīngjí,9852
7,武力,wǔlì,9853
7,武装,wǔzhuāng,9854
7,侮辱,wǔrǔ,9855
7,捂,wǔ,9856
7,舞厅,wǔtīng,9857
7,勿,wù,9858
7,务必,wùbì,9859
7,务实,wùshí,9860
7,物流,wùliú,9861
7,物体,wùtǐ,9862
7,物证,wùzhèng,9863
7,物资,wùzī,9864
7,误差,wùchā,9865
7,误导,wùdǎo,9866
7,误区,wùqū,9867
7,雾,wù,9868
7,吸纳,xīnà,9869
7,吸取,xīqǔ,9870
7,昔日,xīrì,9871
7,息息相关,xīxī-xiāngguān,9872
7,稀,xī,9873
7,稀罕,xīhan,9874
7,稀奇,xīqí,9875
7,稀少,xīshǎo,9876
7,锡,xī,9877
7,熙熙攘攘,xīxī-rǎngrǎng,9878
7,熄火,xīhuǒ,9879
7,膝盖,xīgài,9880
7,嬉笑,xīxiào,9881
7,习俗,xísú,9882
7,席,xí,9883
7,席位,xíwèi,9884
7,袭击,xíjī,9885
7,媳妇,xífu,9886
7,洗涤剂,xǐdíjì,9887
7,洗礼,xǐlǐ,9888
7,喜出望外,xǐchūwàngwài,9889
7,喜好,xǐhào,9890
7,喜酒,xǐjiǔ,9891
7,喜怒哀乐,xǐ-nù-āi-lè,9892
7,喜庆,xǐqìng,9893
7,喜事,xǐshì,9894
7,喜糖,xǐtáng,9895
7,喜洋洋,xǐyángyáng,9896
7,喜悦,xǐyuè,9897
7,细腻,xìnì,9898
7,细微,xìwēi,9899
7,细心,xìxīn,9900
7,虾,xiā,9901
7,瞎,xiā,9902
7,侠义,xiáyì,9903
7,峡谷,xiágǔ,9904
7,狭隘,xiá'ài,9905
7,狭小,xiáxiǎo,9906
7,狭窄,xiázhǎi,9907
7,下场,xiàchǎng,9908
7,下跌,xiàdiē,9909
7,下岗,xiàgǎng,9910
7,下功夫,xià gōngfu,9911
7,下海,xiàhǎi,9912
7,下级,xiàjí,9913
7,下决心,xià juéxīn,9914
7,下令,xiàlìng,9915
7,下落,xiàluò,9916
7,下期,xià qī,9917
7,下棋,xiàqí,9918
7,下山,xiàshān,9919
7,下手,xiàshǒu,9920
7,下属,xiàshǔ,9921
7,下台,xiàtái,9922
7,下调,xiàtiáo,9923
7,下乡,xiàxiāng,9924
7,下旬,xiàxún,9925
7,下一代,xià yī dài,9926
7,下意识,xiàyìshí,9927
7,下游,xiàyóu,9928
7,下坠,xiàzhuì,9929
7,吓唬,xiàhu,9930
7,吓人,xiàrén,9931
7,夏令营,xiàlìngyíng,9932
7,仙鹤,xiānhè,9933
7,仙女,xiānnǚ,9934
7,先例,xiānlì,9935
7,先天,xiāntiān,9936
7,纤维,xiānwéi,9937
7,掀,xiān,9938
7,掀起,xiānqǐ,9939
7,鲜活,xiānhuó,9940
7,鲜美,xiānměi,9941
7,鲜血,xiānxuè,9942
7,弦,xián,9943
7,衔接,xiánjiē,9944
7,嫌弃,xiánqì,9945
7,嫌疑,xiányí,9946
7,显而易见,xiǎn'éryìjiàn,9947
7,显赫,xiǎnhè,9948
7,显示器,xiǎnshìqì,9949
7,显现,xiǎnxiàn,9950
7,显眼,xiǎnyǎn,9951
7,现成,xiànchéng,9952
7,现任,xiànrèn,9953
7,现行,xiànxíng,9954
7,限,xiàn,9955
7,限定,xiàndìng,9956
7,限度,xiàndù,9957
7,限于,xiànyú,9958
7,线条,xiàntiáo,9959
7,宪法,xiànfǎ,9960
7,陷,xiàn,9961
7,陷阱,xiànjǐng,9962
7,馅儿,xiànr,9963
7,羡慕,xiànmù,9964
7,献血,xiànxiě,9965
7,腺,xiàn,9966
7,乡亲,xiāngqīn,9967
7,乡下,xiāngxia,9968
7,相伴,xiāngbàn,9969
7,相比之下,xiāngbǐ zhī xià,9970
7,相差,xiāngchà,9971
7,相传,xiāngchuán,9972
7,相当于,xiāngdāngyú,9973
7,相对,xiāngduì,9974
7,相对而言,xiāngduì-éryán,9975
7,相辅相成,xiāngfǔ-xiāngchéng,9976
7,相继,xiāngjì,9977
7,相连,xiānglián,9978
7,相识,xiāngshí,9979
7,相提并论,xiāngtí-bìnglùn,9980
7,相通,xiāngtōng,9981
7,相依为命,xiāngyī-wéimìng,9982
7,相遇,xiāngyù,9983
7,相约,xiāngyuē,9984
7,香料,xiāngliào,9985
7,香水,xiāngshuǐ,9986
7,香味,xiāngwèi,9987
7,香烟,xiāngyān,9988
7,香油,xiāngyóu,9989
7,镶,xiāng,9990
7,镶嵌,xiāngqiàn,9991
7,详尽,xiángjìn,9992
7,祥和,xiánghé,9993
7,享,xiǎng,9994
7,享有,xiǎngyǒu,9995
7,响亮,xiǎngliàng,9996
7,响起,xiǎngqǐ,9997
7,响应,xiǎngyìng,9998
7,想方设法,xiǎngfāng-shèfǎ,9999
7,向来,xiànglái,10000
7,向往,xiàngwǎng,10001
7,向着,xiàngzhe,10002
7,项链,xiàngliàn,10003
7,像,xiàng,10004
7,像样,xiàngyàng,10005
7,橡胶,xiàngjiāo,10006
7,橡皮,xiàngpí,10007
7,削,xiāo,10008
7,消,xiāo,10009
7,消沉,xiāochén,10010
7,消遣,xiāoqiǎn,10011
7,萧条,xiāotiáo,10012
7,销,xiāo,10013
7,销毁,xiāohuǐ,10014
7,销量,xiāoliàng,10015
7,潇洒,xiāosǎ,10016
7,小丑,xiǎochǒu,10017
7,小贩,xiǎofàn,10018
7,小看,xiǎokàn,10019
7,小康,xiǎokāng,10020
7,小路,xiǎolù,10021
7,小品,xiǎopǐn,10022
7,小气,xiǎoqi,10023
7,小区,xiǎoqū,10024
7,小曲,xiǎoqǔ,10025
7,小人,xiǎorén,10026
7,小提琴,xiǎotíqín,10027
7,小溪,xiǎoxī,10028
7,小心翼翼,xiǎoxīn-yìyì,10029
7,小卒,xiǎozú,10030
7,孝敬,xiàojìng,10031
7,孝顺,xiàoshùn,10032
7,肖像,xiàoxiàng,10033
7,效仿,xiàofǎng,10034
7,效力,xiàolì,10035
7,效益,xiàoyì,10036
7,效应,xiàoyìng,10037
7,协定,xiédìng,10038
7,协同,xiétóng,10039
7,协作,xiézuò,10040
7,邪,xié,10041
7,邪恶,xié'è,10042
7,挟持,xiéchí,10043
7,携带,xiédài,10044
7,携手,xiéshǒu,10045
7,写照,xiězhào,10046
7,泄,xiè,10047
7,泄漏,xièlòu,10048
7,泄露,xièlòu,10049
7,泄密,xièmì,10050
7,泄气,xièqì,10051
7,泻,xiè,10052
7,卸,xiè,10053
7,心爱,xīn'ài,10054
7,心安理得,xīn'ān-lǐdé,10055
7,心病,xīnbìng,10056
7,心肠,xīncháng,10057
7,心得,xīndé,10058
7,心慌,xīnhuāng,10059
7,心急如焚,xīnjí-rúfén,10060
7,心里话,xīnlǐhuà,10061
7,心灵手巧,xīnlíng-shǒuqiǎo,10062
7,心目,xīnmù,10063
7,心声,xīnshēng,10064
7,心事,xīnshì,10065
7,心思,xīnsi,10066
7,心酸,xīnsuān,10067
7,心想事成,xīnxiǎng-shìchéng,10068
7,心胸,xīnxiōng,10069
7,心血,xīnxuè,10070
7,心眼儿,xīnyǎnr,10071
7,心意,xīnyì,10072
7,芯片,xīnpiàn,10073
7,辛勤,xīnqín,10074
7,辛酸,xīnsuān,10075
7,欣慰,xīnwèi,10076
7,欣喜,xīnxǐ,10077
7,欣欣向荣,xīnxīn-xiàngróng,10078
7,新潮,xīncháo,10079
7,新陈代谢,xīnchén-dàixiè,10080
7,新房,xīnfáng,10081
7,新款,xīnkuǎn,10082
7,新奇,xīnqí,10083
7,新生,xīnshēng,10084
7,新式,xīnshì,10085
7,新手,xīnshǒu,10086
7,新颖,xīnyǐng,10087
7,信贷,xìndài,10088
7,信件,xìnjiàn,10089
7,信赖,xìnlài,10090
7,信誉,xìnyù,10091
7,兴奋剂,xīngfènjì,10092
7,兴建,xīngjiàn,10093
7,兴起,xīngqǐ,10094
7,星座,xīngzuò,10095
7,猩猩,xīngxing,10096
7,腥,xīng,10097
7,刑法,xíngfǎ,10098
7,行使,xíngshǐ,10099
7,行政,xíngzhèng,10100
7,行走,xíngzǒu,10101
7,形形色色,xíngxíngsèsè,10102
7,形影不离,xíngyǐng-bùlí,10103
7,醒来,xǐnglai,10104
7,醒目,xǐngmù,10105
7,醒悟,xǐngwù,10106
7,兴高采烈,xìnggāo-cǎiliè,10107
7,兴致,xìngzhì,10108
7,幸存,xìngcún,10109
7,幸好,xìnghǎo,10110
7,幸亏,xìngkuī,10111
7,幸免,xìngmiǎn,10112
7,性价比,xìngjiàbǐ,10113
7,性命,xìngmìng,10114
7,性情,xìngqíng,10115
7,姓氏,xìngshì,10116
7,凶残,xiōngcán,10117
7,凶恶,xiōng'è,10118
7,凶狠,xiōnghěn,10119
7,凶猛,xiōngměng,10120
7,汹涌,xiōngyǒng,10121
7,胸膛,xiōngtáng,10122
7,胸有成竹,xiōngyǒuchéngzhú,10123
7,雄厚,xiónghòu,10124
7,休克,xiūkè,10125
7,休眠,xiūmián,10126
7,休想,xiūxiǎng,10127
7,休养,xiūyǎng,10128
7,修补,xiūbǔ,10129
7,修长,xiūcháng,10130
7,修订,xiūdìng,10131
7,修路,xiūlù,10132
7,修正,xiūzhèng,10133
7,羞愧,xiūkuì,10134
7,秀丽,xiùlì,10135
7,秀美,xiùměi,10136
7,袖手旁观,xiùshǒu-pángguān,10137
7,绣,xiù,10138
7,锈,xiù,10139
7,嗅觉,xiùjué,10140
7,须,xū,10141
7,虚,xū,10142
7,虚构,xūgòu,10143
7,虚幻,xūhuàn,10144
7,虚假,xūjiǎ,10145
7,虚拟,xūnǐ,10146
7,虚弱,xūruò,10147
7,虚伪,xūwěi,10148
7,需,xū,10149
7,徐徐,xúxú,10150
7,许,xǔ,10151
7,许可证,xǔkězhèng,10152
7,旭日,xùrì,10153
7,序,xù,10154
7,序幕,xùmù,10155
7,叙述,xùshù,10156
7,酗酒,xùjiǔ,10157
7,续,xù,10158
7,絮叨,xùdao,10159
7,宣称,xuānchēng,10160
7,宣读,xuāndú,10161
7,宣告,xuāngào,10162
7,宣誓,xuānshì,10163
7,宣泄,xuānxiè,10164
7,宣言,xuānyán,10165
7,宣扬,xuānyáng,10166
7,喧哗,xuānhuá,10167
7,喧闹,xuānnào,10168
7,玄,xuán,10169
7,玄机,xuánjī,10170
7,悬挂,xuánguà,10171
7,悬念,xuánniàn,10172
7,悬殊,xuánshū,10173
7,悬崖,xuányá,10174
7,旋律,xuánlǜ,10175
7,旋涡,xuánwō,10176
7,选民,xuǎnmín,10177
7,选项,xuǎnxiàng,10178
7,选用,xuǎnyòng,10179
7,炫耀,xuànyào,10180
7,削弱,xuēruò,10181
7,靴子,xuēzi,10182
7,穴位,xuéwèi,10183
7,学历,xuélì,10184
7,学士,xuéshì,10185
7,学说,xuéshuō,10186
7,学堂,xuétáng,10187
7,学业,xuéyè,10188
7,学艺,xuéyì,10189
7,学子,xuézǐ,10190
7,雪山,xuěshān,10191
7,雪上加霜,xuěshàng-jiāshuāng,10192
7,血脉,xuèmài,10193
7,血栓,xuèshuān,10194
7,血压,xuèyā,10195
7,血缘,xuèyuán,10196
7,勋章,xūnzhāng,10197
7,熏,xūn,10198
7,熏陶,xūntáo,10199
7,寻,xún,10200
7,寻常,xúncháng,10201
7,寻觅,xúnmì,10202
7,巡逻,xúnluó,10203
7,循序渐进,xúnxù-jiànjìn,10204
7,训,xùn,10205
7,驯,xùn,10206
7,逊色,xùnsè,10207
7,丫头,yātou,10208
7,压倒,yādǎo,10209
7,压缩,yāsuō,10210
7,压抑,yāyì,10211
7,压制,yāzhì,10212
7,押,yā,10213
7,鸦雀无声,yāquè-wúshēng,10214
7,牙齿,yáchǐ,10215
7,牙膏,yágāo,10216
7,芽,yá,10217
7,哑,yǎ,10218
7,咽喉,yānhóu,10219
7,烟囱,yāncōng,10220
7,烟火,yānhuǒ,10221
7,淹,yān,10222
7,延,yán,10223
7,延缓,yánhuǎn,10224
7,延误,yánwù,10225
7,严谨,yánjǐn,10226
7,严禁,yánjìn,10227
7,严峻,yánjùn,10228
7,严密,yánmì,10229
7,言辞,yáncí,10230
7,言论,yánlùn,10231
7,言行,yánxíng,10232
7,岩石,yánshí,10233
7,炎热,yánrè,10234
7,炎症,yánzhèng,10235
7,沿岸,yán'àn,10236
7,沿途,yántú,10237
7,沿线,yánxiàn,10238
7,研讨,yántǎo,10239
7,阎王,Yánwang,10240
7,衍生,yǎnshēng,10241
7,掩盖,yǎngài,10242
7,掩护,yǎnhù,10243
7,掩饰,yǎnshì,10244
7,眼红,yǎnhóng,10245
7,眼界,yǎnjiè,10246
7,眼色,yǎnsè,10247
7,眼神,yǎnshén,10248
7,眼下,yǎnxià,10249
7,演变,yǎnbiàn,10250
7,演播室,yǎnbōshì,10251
7,演技,yǎnjì,10252
7,演练,yǎnliàn,10253
7,演示,yǎnshì,10254
7,演说,yǎnshuō,10255
7,演习,yǎnxí,10256
7,演戏,yǎnxì,10257
7,演艺圈,yǎnyìquān,10258
7,演绎,yǎnyì,10259
7,厌烦,yànfán,10260
7,厌倦,yànjuàn,10261
7,咽,yàn,10262
7,艳丽,yànlì,10263
7,验,yàn,10264
7,验收,yànshōu,10265
7,验证,yànzhèng,10266
7,焰火,yànhuǒ,10267
7,燕子,yànzi,10268
7,秧歌,yāngge,10269
7,扬,yáng,10270
7,阳性,yángxìng,10271
7,杨树,yángshù,10272
7,洋溢,yángyì,10273
7,养活,yǎnghuo,10274
7,养老金,yǎnglǎojīn,10275
7,养老院,yǎnglǎoyuàn,10276
7,养生,yǎngshēng,10277
7,养殖,yǎngzhí,10278
7,氧,yǎng,10279
7,痒,yǎng,10280
7,样本,yàngběn,10281
7,样品,yàngpǐn,10282
7,妖怪,yāoguài,10283
7,邀,yāo,10284
7,窑,yáo,10285
7,谣言,yáoyán,10286
7,摇摆,yáobǎi,10287
7,摇滚,yáogǔn,10288
7,摇晃,yáohuàng,10289
7,摇篮,yáolán,10290
7,摇摇欲坠,yáoyáo-yùzhuì,10291
7,遥控,yáokòng,10292
7,遥远,yáoyuǎn,10293
7,药材,yàocái,10294
7,药方,yàofāng,10295
7,要不,yàobù,10296
7,要不是,yàobùshì,10297
7,要点,yàodiǎn,10298
7,要害,yàohài,10299
7,要紧,yàojǐn,10300
7,要领,yàolǐng,10301
7,要命,yàomìng,10302
7,要强,yàoqiáng,10303
7,钥匙,yàoshi,10304
7,耀眼,yàoyǎn,10305
7,椰子,yēzi,10306
7,也就是说,yějiùshìshuō,10307
7,野餐,yěcān,10308
7,野炊,yěchuī,10309
7,野蛮,yěmán,10310
7,野兽,yěshòu,10311
7,野外,yěwài,10312
7,野心,yěxīn,10313
7,野营,yěyíng,10314
7,业（服务业）,yè (fúwùyè),10315
7,业绩,yèjì,10316
7,夜班,yèbān,10317
7,夜市,yèshì,10318
7,夜晚,yèwǎn,10319
7,夜校,yèxiào,10320
7,夜以继日,yèyǐjìrì,10321
7,夜总会,yèzǒnghuì,10322
7,液晶,yèjīng,10323
7,液体,yètǐ,10324
7,一把手,yībǎshǒu,10325
7,一线,yīxiàn,10326
7,一一,yīyī,10327
7,伊斯兰教,Yīsīlánjiào,10328
7,衣食住行,yī-shí-zhù-xíng,10329
7,医务,yīwù,10330
7,依,yī,10331
7,依托,yītuō,10332
7,依依不舍,yīyī-bùshě,10333
7,一不小心,yī bù xiǎoxīn,10334
7,一刹那,yīchànà,10335
7,一大早,yīdàzǎo,10336
7,一动不动,yīdòng-bùdòng,10337
7,一度,yīdù,10338
7,一概,yīgài,10339
7,一概而论,yīgài'érlùn,10340
7,一个劲儿,yīgejìnr,10341
7,一晃,yīhuàng,10342
7,一技之长,yījìzhīcháng,10343
7,一面,yīmiàn,10344
7,一目了然,yīmù-liǎorán,10345
7,一事无成,yīshì-wúchéng,10346
7,一瞬间,yīshùnjiān,10347
7,一味,yīwèi,10348
7,一系列,yīxìliè,10349
7,一阵,yīzhèn,10350
7,仪表,yíbiǎo,10351
7,怡然自得,yírán-zìdé,10352
7,姨,yí,10353
7,移交,yíjiāo,10354
7,移植,yízhí,10355
7,遗留,yíliú,10356
7,遗弃,yíqì,10357
7,遗体,yítǐ,10358
7,遗忘,yíwàng,10359
7,遗物,yíwù,10360
7,遗愿,yíyuàn,10361
7,遗址,yízhǐ,10362
7,遗嘱,yízhǔ,10363
7,疑点,yídiǎn,10364
7,疑惑,yíhuò,10365
7,疑虑,yílǜ,10366
7,以,yǐ,10367
7,以免,yǐmiǎn,10368
7,以身作则,yǐshēn-zuòzé,10369
7,以至于,yǐzhìyú,10370
7,以致,yǐzhì,10371
7,矣,yǐ,10372
7,倚,yǐ,10373
7,一长一短,yī cháng yī duǎn,10374
7,一成不变,yīchéng-bùbiàn,10375
7,一筹莫展,yīchóu-mòzhǎn,10376
7,一帆风顺,yīfān-fēngshùn,10377
7,一干二净,yīgān-èrjìng,10378
7,一鼓作气,yīgǔ-zuòqì,10379
7,一锅粥,yīguōzhōu,10380
7,一回事,yīhuíshì,10381
7,一家人,yījiārén,10382
7,一经,yījīng,10383
7,一举,yījǔ,10384
7,一举一动,yījǔ-yīdòng,10385
7,一卡通,yīkǎtōng,10386
7,一揽子,yīlǎnzi,10387
7,一连,yīlián,10388
7,一连串,yīliánchuàn,10389
7,一毛不拔,yīmáo-bùbá,10390
7,一年到头,yīnián-dàotóu,10391
7,一旁,yīpáng,10392
7,一如既往,yīrú-jìwǎng,10393
7,一声不吭,yīshēng-bùkēng,10394
7,一手,yīshǒu,10395
7,一塌糊涂,yītāhútú,10396
7,一体,yītǐ,10397
7,一天到晚,yītiān-dàowǎn,10398
7,一头,yītóu,10399
7,一无所有,yīwúsuǒyǒu,10400
7,一无所知,yīwúsuǒzhī,10401
7,一心,yīxīn,10402
7,一心一意,yīxīn-yīyì,10403
7,一言不发,yīyán-bùfā,10404
7,一言一行,yīyán-yīxíng,10405
7,一眼,yīyǎn,10406
7,一应俱全,yīyīng-jùquán,10407
7,一早,yīzǎo,10408
7,义工,yìgōng,10409
7,议,yì,10410
7,议程,yìchéng,10411
7,议会,yìhuì,10412
7,议员,yìyuán,10413
7,屹立,yìlì,10414
7,亦,yì,10415
7,异口同声,yìkǒu-tóngshēng,10416
7,异想天开,yìxiǎng-tiānkāi,10417
7,异性,yìxìng,10418
7,异议,yìyì,10419
7,抑扬顿挫,yìyáng-dùncuò,10420
7,抑郁,yìyù,10421
7,抑郁症,yìyùzhèng,10422
7,抑制,yìzhì,10423
7,译,yì,10424
7,易拉罐,yìlāguàn,10425
7,疫苗,yìmiáo,10426
7,益处,yìchù,10427
7,意料,yìliào,10428
7,意料之外,yìliào zhī wài,10429
7,意图,yìtú,10430
7,意向,yìxiàng,10431
7,溢,yì,10432
7,毅力,yìlì,10433
7,毅然,yìrán,10434
7,因人而异,yīnrén'éryì,10435
7,阴暗,yīn'àn,10436
7,阴性,yīnxìng,10437
7,音响,yīnxiǎng,10438
7,殷勤,yīnqín,10439
7,银幕,yínmù,10440
7,引发,yǐnfā,10441
7,引经据典,yǐnjīng-jùdiǎn,10442
7,引领,yǐnlǐng,10443
7,引擎,yǐnqíng,10444
7,引人入胜,yǐnrén-rùshèng,10445
7,引人注目,yǐnrén-zhùmù,10446
7,引入,yǐnrù,10447
7,引用,yǐnyòng,10448
7,引诱,yǐnyòu,10449
7,饮水,yǐn shuǐ,10450
7,饮用水,yǐnyòngshuǐ,10451
7,隐蔽,yǐnbì,10452
7,隐患,yǐnhuàn,10453
7,隐瞒,yǐnmán,10454
7,隐情,yǐnqíng,10455
7,隐身,yǐnshēn,10456
7,隐形,yǐnxíng,10457
7,隐性,yǐnxìng,10458
7,隐约,yǐnyuē,10459
7,瘾,yǐn,10460
7,印刷术,yìnshuāshù,10461
7,印章,yìnzhāng,10462
7,印证,yìnzhèng,10463
7,应有尽有,yīngyǒu-jìnyǒu,10464
7,英镑,yīngbàng,10465
7,英俊,yīngjùn,10466
7,婴儿,yīng'ér,10467
7,鹰,yīng,10468
7,迎,yíng,10469
7,迎合,yínghé,10470
7,荧光,yíngguāng,10471
7,盈利,yínglì,10472
7,营救,yíngjiù,10473
7,营造,yíngzào,10474
7,赢家,yíngjiā,10475
7,影像,yǐngxiàng,10476
7,应酬,yìngchou,10477
7,应付,yìngfu,10478
7,应聘,yìngpìn,10479
7,应邀,yìngyāo,10480
7,映,yìng,10481
7,硬币,yìngbì,10482
7,硬朗,yìnglang,10483
7,硬盘,yìngpán,10484
7,拥护,yōnghù,10485
7,拥挤,yōngjǐ,10486
7,庸俗,yōngsú,10487
7,永不,yǒng bù,10488
7,永恒,yǒnghéng,10489
7,永久,yǒngjiǔ,10490
7,勇往直前,yǒngwǎng-zhíqián,10491
7,勇于,yǒngyú,10492
7,涌,yǒng,10493
7,涌入,yǒngrù,10494
7,涌现,yǒngxiàn,10495
7,踊跃,yǒngyuè,10496
7,用餐,yòngcān,10497
7,用功,yònggōng,10498
7,用力,yònglì,10499
7,用人,yòngrén,10500
7,用意,yòngyì,10501
7,优,yōu,10502
7,优化,yōuhuà,10503
7,优雅,yōuyǎ,10504
7,优异,yōuyì,10505
7,优越,yōuyuè,10506
7,忧愁,yōuchóu,10507
7,忧虑,yōulǜ,10508
7,忧郁,yōuyù,10509
7,悠久,yōujiǔ,10510
7,悠闲,yōuxián,10511
7,尤为,yóuwéi,10512
7,由此看来,yóucǐ-kànlái,10513
7,由此可见,yóucǐ-kějiàn,10514
7,由来,yóulái,10515
7,由衷,yóuzhōng,10516
7,邮编,yóubiān,10517
7,邮政,yóuzhèng,10518
7,犹如,yóurú,10519
7,犹豫不决,yóuyù-bùjué,10520
7,油画,yóuhuà,10521
7,游船,yóuchuán,10522
7,游览,yóulǎn,10523
7,友情,yǒuqíng,10524
7,友人,yǒurén,10525
7,友善,yǒushàn,10526
7,有待,yǒudài,10527
7,有的放矢,yǒudì-fàngshǐ,10528
7,有机,yǒujī,10529
7,有口无心,yǒukǒu-wúxīn,10530
7,有两下子,yǒu liǎngxiàzi,10531
7,有声有色,yǒushēng-yǒusè,10532
7,有所,yǒusuǒ,10533
7,有所不同,yǒusuǒ bù tóng,10534
7,有望,yǒuwàng,10535
7,有效期,yǒuxiàoqī,10536
7,有幸,yǒuxìng,10537
7,有序,yǒuxù,10538
7,有益,yǒuyì,10539
7,有意,yǒuyì,10540
7,有朝一日,yǒuzhāo-yīrì,10541
7,有助于,yǒuzhùyú,10542
7,幼稚,yòuzhì,10543
7,诱饵,yòu'ěr,10544
7,诱发,yòufā,10545
7,诱惑,yòuhuò,10546
7,诱人,yòurén,10547
7,余,yú,10548
7,余地,yúdì,10549
7,余额,yú'é,10550
7,渔船,yúchuán,10551
7,渔民,yúmín,10552
7,逾期,yúqī,10553
7,愚蠢,yúchǔn,10554
7,愚公移山,yúgōng-yíshān,10555
7,舆论,yúlùn,10556
7,与此同时,yǔcǐ-tóngshí,10557
7,与否,yǔ fǒu,10558
7,与其,yǔqí,10559
7,与日俱增,yǔrì-jùzēng,10560
7,与时俱进,yǔshí-jùjìn,10561
7,与众不同,yǔzhòng-bùtóng,10562
7,予以,yǔyǐ,10563
7,宇宙,yǔzhòu,10564
7,语气,yǔqì,10565
7,浴室,yùshì,10566
7,预定,yùdìng,10567
7,预感,yùgǎn,10568
7,预告,yùgào,10569
7,预见,yùjiàn,10570
7,预料,yùliào,10571
7,预赛,yùsài,10572
7,预示,yùshì,10573
7,预售,yùshòu,10574
7,预算,yùsuàn,10575
7,预先,yùxiān,10576
7,预言,yùyán,10577
7,预兆,yùzhào,10578
7,欲望,yùwàng,10579
7,遇难,yùnàn,10580
7,遇上,yùshang,10581
7,遇险,yùxiǎn,10582
7,寓言,yùyán,10583
7,寓意,yùyì,10584
7,愈合,yùhé,10585
7,愈来愈,yù lái yù,10586
7,愈演愈烈,yùyǎn-yùliè,10587
7,冤,yuān,10588
7,冤枉,yuānwang,10589
7,渊源,yuānyuán,10590
7,元老,yuánlǎo,10591
7,元首,yuánshǒu,10592
7,元宵节,Yuánxiāo Jié,10593
7,原本,yuánběn,10594
7,原材料,yuáncáiliào,10595
7,原创,yuánchuàng,10596
7,原地,yuándì,10597
7,原型,yuánxíng,10598
7,原汁原味,yuánzhī-yuánwèi,10599
7,原装,yuánzhuāng,10600
7,圆形,yuánxíng,10601
7,缘分,yuánfèn,10602
7,源泉,yuánquán,10603
7,源头,yuántóu,10604
7,源于,yuányú,10605
7,源源不断,yuányuán-bùduàn,10606
7,远程,yuǎnchéng,10607
7,远见,yuǎnjiàn,10608
7,远近闻名,yuǎnjìn-wénmíng,10609
7,怨恨,yuànhèn,10610
7,怨气,yuànqì,10611
7,怨言,yuànyán,10612
7,院士,yuànshì,10613
7,曰,yuē,10614
7,约定俗成,yuēdìng-súchéng,10615
7,月初,yuèchū,10616
7,月票,yuèpiào,10617
7,乐器,yuèqì,10618
7,岳父,yuèfù,10619
7,岳母,yuèmǔ,10620
7,阅历,yuèlì,10621
7,悦耳,yuè'ěr,10622
7,越发,yuèfā,10623
7,越过,yuèguò,10624
7,晕倒,yūndǎo,10625
7,陨石,yǔnshí,10626
7,孕妇,yùnfù,10627
7,孕育,yùnyù,10628
7,运河,yùnhé,10629
7,运送,yùnsòng,10630
7,运营,yùnyíng,10631
7,运转,yùnzhuǎn,10632
7,酝酿,yùnniàng,10633
7,韵味,yùnwèi,10634
7,蕴藏,yùncáng,10635
7,蕴涵,yùnhán,10636
7,杂技,zájì,10637
7,杂交,zájiāo,10638
7,杂乱无章,záluàn-wúzhāng,10639
7,砸,zá,10640
7,栽,zāi,10641
7,栽培,zāipéi,10642
7,宰,zǎi,10643
7,再度,zàidù,10644
7,再现,zàixiàn,10645
7,在线,zàixiàn,10646
7,在意,zàiyì,10647
7,在职,zàizhí,10648
7,载体,zàitǐ,10649
7,攒,zǎn,10650
7,暂,zàn,10651
7,赞不绝口,zànbùjuékǒu,10652
7,赞美,zànměi,10653
7,赞叹,zàntàn,10654
7,赞叹不已,zàntàn-bùyǐ,10655
7,赞同,zàntóng,10656
7,赞许,zànxǔ,10657
7,赞扬,zànyáng,10658
7,葬,zàng,10659
7,葬礼,zànglǐ,10660
7,遭殃,zāoyāng,10661
7,凿,záo,10662
7,早年,zǎonián,10663
7,早日,zǎorì,10664
7,枣,zǎo,10665
7,造福,zàofú,10666
7,造假,zàojiǎ,10667
7,造价,zàojià,10668
7,造就,zàojiù,10669
7,造纸术,zàozhǐshù,10670
7,噪声,zàoshēng,10671
7,噪音,zàoyīn,10672
7,则,zé,10673
7,则,zé,10674
7,责备,zébèi,10675
7,责怪,zéguài,10676
7,贼,zéi,10677
7,增收,zēngshōu,10678
7,增添,zēngtiān,10679
7,扎根,zhāgēn,10680
7,渣子,zhāzi,10681
7,闸,zhá,10682
7,炸,zhá,10683
7,眨眼,zhǎyǎn,10684
7,诈骗,zhàpiàn,10685
7,榨,zhà,10686
7,窄,zhǎi,10687
7,债务,zhàiwù,10688
7,占卜,zhānbǔ,10689
7,沾,zhān,10690
7,沾光,zhānguāng,10691
7,粘,zhān,10692
7,瞻仰,zhānyǎng,10693
7,斩,zhǎn,10694
7,斩草除根,zhǎncǎo-chúgēn,10695
7,盏,zhǎn,10696
7,展出,zhǎnchū,10697
7,展览会,zhǎnlǎnhuì,10698
7,展望,zhǎnwàng,10699
7,崭新,zhǎnxīn,10700
7,占用,zhànyòng,10701
7,站立,zhànlì,10702
7,绽放,zhànfàng,10703
7,蘸,zhàn,10704
7,张灯结彩,zhāngdēng-jiécǎi,10705
7,张贴,zhāngtiē,10706
7,张扬,zhāngyáng,10707
7,长辈,zhǎngbèi,10708
7,长相,zhǎngxiàng,10709
7,掌管,zhǎngguǎn,10710
7,帐篷,zhàngpeng,10711
7,帐子,zhàngzi,10712
7,账单,zhàngdān,10713
7,账号,zhànghào,10714
7,胀,zhàng,10715
7,招标,zhāobiāo,10716
7,招待,zhāodài,10717
7,招待会,zhāodàihuì,10718
7,招揽,zhāolǎn,10719
7,招募,zhāomù,10720
7,招牌,zhāopai,10721
7,招收,zhāoshōu,10722
7,招数,zhāoshù,10723
7,朝气蓬勃,zhāoqì-péngbó,10724
7,朝三暮四,zhāosān-mùsì,10725
7,朝夕相处,zhāoxī-xiāngchǔ,10726
7,着迷,zháomí,10727
7,沼泽,zhǎozé,10728
7,召集,zhàojí,10729
7,兆头,zhàotou,10730
7,照办,zhàobàn,10731
7,照常,zhàocháng,10732
7,照例,zhàolì,10733
7,照料,zhàoliào,10734
7,照明,zhàomíng,10735
7,罩,zhào,10736
7,肇事,zhàoshì,10737
7,折腾,zhēteng,10738
7,遮,zhē,10739
7,遮盖,zhēgài,10740
7,折叠,zhédié,10741
7,折合,zhéhé,10742
7,折扣,zhékòu,10743
7,折磨,zhémó,10744
7,折射,zhéshè,10745
7,这会儿,zhèhuìr,10746
7,这样一来,zhèyàng-yīlái,10747
7,针锋相对,zhēnfēng-xiāngduì,10748
7,针灸,zhēnjiǔ,10749
7,侦察,zhēnchá,10750
7,珍藏,zhēncáng,10751
7,珍视,zhēnshì,10752
7,珍重,zhēnzhòng,10753
7,真假,zhēnjiǎ,10754
7,真空,zhēnkōng,10755
7,真情,zhēnqíng,10756
7,真是的,zhēnshide,10757
7,真心,zhēnxīn,10758
7,真挚,zhēnzhì,10759
7,诊所,zhěnsuǒ,10760
7,枕头,zhěntou,10761
7,阵容,zhènróng,10762
7,阵营,zhènyíng,10763
7,振奋,zhènfèn,10764
7,振兴,zhènxīng,10765
7,振作,zhènzuò,10766
7,震,zhèn,10767
7,震动,zhèndòng,10768
7,震撼,zhènhàn,10769
7,镇定,zhèndìng,10770
7,争吵,zhēngchǎo,10771
7,争端,zhēngduān,10772
7,争分夺秒,zhēngfēn-duómiǎo,10773
7,争光,zhēngguāng,10774
7,争气,zhēngqì,10775
7,争先恐后,zhēngxiān-kǒnghòu,10776
7,争执,zhēngzhí,10777
7,征,zhēng,10778
7,征集,zhēngjí,10779
7,征收,zhēngshōu,10780
7,挣扎,zhēngzhá,10781
7,症结,zhēngjié,10782
7,睁,zhēng,10783
7,蒸,zhēng,10784
7,拯救,zhěngjiù,10785
7,整合,zhěnghé,10786
7,整洁,zhěngjié,10787
7,整数,zhěngshù,10788
7,正面,zhèngmiàn,10789
7,正能量,zhèngnéngliàng,10790
7,正视,zhèngshì,10791
7,正直,zhèngzhí,10792
7,正宗,zhèngzōng,10793
7,证人,zhèngrén,10794
7,郑重,zhèngzhòng,10795
7,之,zhī,10796
7,之,zhī,10797
7,之所以,zhīsuǒyǐ,10798
7,支票,zhīpiào,10799
7,支柱,zhīzhù,10800
7,汁,zhī,10801
7,芝麻,zhīma,10802
7,芝士,zhīshì,10803
7,知己,zhījǐ,10804
7,知觉,zhījué,10805
7,知识分子,zhīshi fènzǐ,10806
7,知足,zhīzú,10807
7,肢体,zhītǐ,10808
7,脂肪,zhīfáng,10809
7,执法,zhífǎ,10810
7,执意,zhíyì,10811
7,执照,zhízhào,10812
7,执着,zhízhuó,10813
7,直奔,zhíbèn,10814
7,直达,zhídá,10815
7,直观,zhíguān,10816
7,直径,zhíjìng,10817
7,直觉,zhíjué,10818
7,直视,zhíshì,10819
7,直至,zhízhì,10820
7,值钱,zhíqián,10821
7,职权,zhíquán,10822
7,职业病,zhíyèbìng,10823
7,职员,zhíyuán,10824
7,止步,zhǐbù,10825
7,止咳,zhǐ ké,10826
7,止血,zhǐxuè,10827
7,旨在,zhǐzài,10828
7,指点,zhǐdiǎn,10829
7,指教,zhǐjiào,10830
7,指令,zhǐlìng,10831
7,指南,zhǐnán,10832
7,指南针,zhǐnánzhēn,10833
7,指手画脚,zhǐshǒu-huàjiǎo,10834
7,指望,zhǐwàng,10835
7,指向,zhǐxiàng,10836
7,指引,zhǐyǐn,10837
7,至此,zhìcǐ,10838
7,至关重要,zhìguān-zhòngyào,10839
7,志气,zhìqì,10840
7,制,zhì,10841
7,制裁,zhìcái,10842
7,制服,zhìfú,10843
7,制品,zhìpǐn,10844
7,制止,zhìzhǐ,10845
7,质地,zhìdì,10846
7,质朴,zhìpǔ,10847
7,质问,zhìwèn,10848
7,质疑,zhìyí,10849
7,治学,zhìxué,10850
7,治愈,zhìyù,10851
7,致,zhì,10852
7,致辞,zhìcí,10853
7,致富,zhìfù,10854
7,致敬,zhìjìng,10855
7,致力于,zhìlì yú,10856
7,致命,zhìmìng,10857
7,致使,zhìshǐ,10858
7,秩序,zhìxù,10859
7,窒息,zhìxī,10860
7,智商,zhìshāng,10861
7,滞后,zhìhòu,10862
7,滞留,zhìliú,10863
7,置,zhì,10864
7,中国画,zhōngguóhuà,10865
7,中立,zhōnglì,10866
7,中途,zhōngtú,10867
7,中型,zhōngxíng,10868
7,中性,zhōngxìng,10869
7,中旬,zhōngxún,10870
7,中庸,zhōngyōng,10871
7,中止,zhōngzhǐ,10872
7,忠诚,zhōngchéng,10873
7,忠实,zhōngshí,10874
7,忠于,zhōngyú,10875
7,忠贞,zhōngzhēn,10876
7,终结,zhōngjié,10877
7,终究,zhōngjiū,10878
7,终生,zhōngshēng,10879
7,衷心,zhōngxīn,10880
7,肿瘤,zhǒngliú,10881
7,种族,zhǒngzú,10882
7,仲裁,zhòngcái,10883
7,众人,zhòngrén,10884
7,众所周知,zhòngsuǒzhōuzhī,10885
7,众志成城,zhòngzhì-chéngchéng,10886
7,重创,zhòngchuāng,10887
7,重量级,zhòngliàngjí,10888
7,重任,zhòngrèn,10889
7,重伤,zhòngshāng,10890
7,重心,zhòngxīn,10891
7,重型,zhòngxíng,10892
7,重中之重,zhòngzhōngzhīzhòng,10893
7,周边,zhōubiān,10894
7,周到,zhōudào,10895
7,周密,zhōumì,10896
7,周旋,zhōuxuán,10897
7,昼夜,zhòuyè,10898
7,皱,zhòu,10899
7,骤然,zhòurán,10900
7,朱红,zhūhóng,10901
7,株,zhū,10902
7,诸多,zhūduō,10903
7,诸如此类,zhūrú-cǐlèi,10904
7,竹竿,zhúgān,10905
7,逐年,zhúnián,10906
7,主,zhǔ,10907
7,主编,zhǔbiān,10908
7,主妇,zhǔfù,10909
7,主力,zhǔlì,10910
7,主权,zhǔquán,10911
7,主人公,zhǔréngōng,10912
7,主食,zhǔshí,10913
7,主题歌,zhǔtígē,10914
7,主演,zhǔyǎn,10915
7,主页,zhǔyè,10916
7,主义,zhǔyì,10917
7,主宰,zhǔzǎi,10918
7,拄,zhǔ,10919
7,嘱咐,zhǔfù,10920
7,瞩目,zhǔmù,10921
7,助威,zhùwēi,10922
7,住处,zhùchù,10923
7,住户,zhùhù,10924
7,住宿,zhùsù,10925
7,住址,zhùzhǐ,10926
7,贮藏,zhùcáng,10927
7,注,zhù,10928
7,注定,zhùdìng,10929
7,注入,zhùrù,10930
7,铸造,zhùzào,10931
7,筑,zhù,10932
7,爪子,zhuǎzi,10933
7,拽,zhuài,10934
7,专长,zhuāncháng,10935
7,专程,zhuānchéng,10936
7,专柜,zhuānguì,10937
7,专栏,zhuānlán,10938
7,专卖店,zhuānmàidiàn,10939
7,专人,zhuānrén,10940
7,专职,zhuānzhí,10941
7,专制,zhuānzhì,10942
7,专注,zhuānzhù,10943
7,专著,zhuānzhù,10944
7,砖,zhuān,10945
7,转播,zhuǎnbō,10946
7,转达,zhuǎndá,10947
7,转机,zhuǎnjī,10948
7,转交,zhuǎnjiāo,10949
7,转型,zhuǎnxíng,10950
7,转学,zhuǎnxué,10951
7,转眼,zhuǎnyǎn,10952
7,转载,zhuǎnzǎi,10953
7,转折,zhuǎnzhé,10954
7,转折点,zhuǎnzhédiǎn,10955
7,传,zhuàn,10956
7,传记,zhuànjì,10957
7,转悠,zhuànyou,10958
7,撰写,zhuànxiě,10959
7,庄稼,zhuāngjia,10960
7,庄严,zhuāngyán,10961
7,庄园,zhuāngyuán,10962
7,桩,zhuāng,10963
7,装扮,zhuāngbàn,10964
7,壮,zhuàng,10965
7,壮大,zhuàngdà,10966
7,壮胆,zhuàngdǎn,10967
7,壮丽,zhuànglì,10968
7,壮实,zhuàngshi,10969
7,状元,zhuàngyuan,10970
7,撞击,zhuàngjī,10971
7,幢,zhuàng,10972
7,追悼会,zhuīdàohuì,10973
7,追赶,zhuīgǎn,10974
7,追溯,zhuīsù,10975
7,追随,zhuīsuí,10976
7,追尾,zhuīwěi,10977
7,追问,zhuīwèn,10978
7,追逐,zhuīzhú,10979
7,追踪,zhuīzōng,10980
7,坠,zhuì,10981
7,准许,zhǔnxǔ,10982
7,准则,zhǔnzé,10983
7,拙劣,zhuōliè,10984
7,捉迷藏,zhuōmícáng,10985
7,灼热,zhuórè,10986
7,卓越,zhuóyuè,10987
7,酌情,zhuóqíng,10988
7,着力,zhuólì,10989
7,着落,zhuóluò,10990
7,着实,zhuóshí,10991
7,着手,zhuóshǒu,10992
7,着想,zhuóxiǎng,10993
7,着眼,zhuóyǎn,10994
7,着眼于,zhuóyǎn yú,10995
7,着重,zhuózhòng,10996
7,姿势,zīshì,10997
7,姿态,zītài,10998
7,兹,zī,10999
7,资本主义,zīběn zhǔyì,11000
7,资历,zīlì,11001
7,资深,zīshēn,11002
7,资讯,zīxùn,11003
7,滋润,zīrùn,11004
7,滋味,zīwèi,11005
7,子弟,zǐdì,11006
7,子孙,zǐsūn,11007
7,自卑,zìbēi,11008
7,自称,zìchēng,11009
7,自发,zìfā,11010
7,自费,zìfèi,11011
7,自负,zìfù,11012
7,自理,zìlǐ,11013
7,自力更生,zìlì-gēngshēng,11014
7,自立,zìlì,11015
7,自强不息,zìqiáng-bùxī,11016
7,自然而然,zìrán'érrán,11017
7,自然界,zìránjiè,11018
7,自如,zìrú,11019
7,自始至终,zìshǐ-zhìzhōng,11020
7,自私,zìsī,11021
7,自私自利,zìsī-zìlì,11022
7,自卫,zìwèi,11023
7,自相矛盾,zìxiāng-máodùn,11024
7,自信心,zìxìnxīn,11025
7,自行,zìxíng,11026
7,自以为是,zìyǐwéishì,11027
7,自由自在,zìyóu-zìzài,11028
7,自责,zìzé,11029
7,自助,zìzhù,11030
7,自尊,zìzūn,11031
7,自尊心,zìzūnxīn,11032
7,字迹,zìjì,11033
7,字幕,zìmù,11034
7,字体,zìtǐ,11035
7,字眼,zìyǎn,11036
7,宗,zōng,11037
7,宗旨,zōngzhǐ,11038
7,综上所述,zōngshàng-suǒshù,11039
7,总的来说,zǒngde lái shuō,11040
7,总额,zǒng'é,11041
7,总而言之,zǒng'éryánzhī,11042
7,总计,zǒngjì,11043
7,纵观,zòngguān,11044
7,纵横交错,zònghéng-jiāocuò,11045
7,纵然,zòngrán,11046
7,纵容,zòngróng,11047
7,纵深,zòngshēn,11048
7,粽子,zòngzi,11049
7,走过场,zǒu guòchǎng,11050
7,走后门,zǒu hòumén,11051
7,走近,zǒujìn,11052
7,走廊,zǒuláng,11053
7,走投无路,zǒutóu-wúlù,11054
7,走弯路,zǒu wānlù,11055
7,奏效,zòuxiào,11056
7,揍,zòu,11057
7,租赁,zūlìn,11058
7,足迹,zújì,11059
7,足智多谋,zúzhì-duōmóu,11060
7,阻挡,zǔdǎng,11061
7,阻拦,zǔlán,11062
7,阻力,zǔlì,11063
7,阻挠,zǔnáo,11064
7,组建,zǔjiàn,11065
7,组装,zǔzhuāng,11066
7,祖传,zǔchuán,11067
7,祖籍,zǔjí,11068
7,祖先,zǔxiān,11069
7,祖宗,zǔzong,11070
7,钻空子,zuān kòngzi,11071
7,钻研,zuānyán,11072
7,钻石,zuànshí,11073
7,嘴唇,zuǐchún,11074
7,罪犯,zuìfàn,11075
7,罪魁祸首,zuìkuí-huòshǒu,11076
7,尊贵,zūnguì,11077
7,尊严,zūnyán,11078
7,遵循,zūnxún,11079
7,遵照,zūnzhào,11080
7,琢磨,zuómo,11081
7,左顾右盼,zuǒgù-yòupàn,11082
7,佐料,zuǒliào,11083
7,作弊,zuòbì,11084
7,作对,zuòduì,11085
7,作风,zuòfēng,11086
7,作客,zuòkè,11087
7,作物,zuòwù,11088
7,坐落,zuòluò,11089
7,座谈,zuòtán,11090
7,座右铭,zuòyòumíng,11091
7,做生意,zuò shēngyi,11092
7,做证,zuòzhèng,11093
